/* Auto-generated frozen stdlib modules */
#include <Python.h>

static unsigned char frozen_encodings[] = {
    0xe3, 0x00, 0x00, 0x00, 0x00, 0x00, 0x00, 0x00, 0x00, 0x00, 0x00, 0x00, 0x00, 0x06, 0x00, 0x00,
    0x00, 0x00, 0x00, 0x00, 0x00, 0xf3, 0xde, 0x00, 0x00, 0x00, 0x95, 0x00, 0x53, 0x00, 0x72, 0x00,
    0x53, 0x01, 0x53, 0x02, 0x4b, 0x01, 0x72, 0x01, 0x53, 0x01, 0x53, 0x02, 0x4b, 0x02, 0x72, 0x02,
    0x53, 0x03, 0x53, 0x04, 0x4b, 0x03, 0x4a, 0x04, 0x72, 0x04, 0x20, 0x00, 0x30, 0x00, 0x72, 0x05,
    0x53, 0x05, 0x72, 0x06, 0x53, 0x06, 0x2f, 0x01, 0x72, 0x07, 0x5c, 0x04, 0x52, 0x08, 0x00, 0x00,
    0x00, 0x00, 0x00, 0x00, 0x00, 0x00, 0x00, 0x00, 0x00, 0x00, 0x00, 0x00, 0x00, 0x00, 0x00, 0x00,
    0x72, 0x08, 0x18, 0x00, 0x22, 0x00, 0x53, 0x07, 0x1a, 0x00, 0x53, 0x08, 0x5c, 0x09, 0x5c, 0x0a,
    0x35, 0x04, 0x00, 0x00, 0x00, 0x00, 0x00, 0x00, 0x72, 0x0b, 0x53, 0x09, 0x1a, 0x00, 0x72, 0x0c,
    0x53, 0x0a, 0x1a, 0x00, 0x72, 0x0d, 0x5c, 0x01, 0x52, 0x1c, 0x00, 0x00, 0x00, 0x00, 0x00, 0x00,
    0x00, 0x00, 0x00, 0x00, 0x00, 0x00, 0x00, 0x00, 0x00, 0x00, 0x00, 0x00, 0x22, 0x00, 0x5c, 0x0d,
    0x35, 0x01, 0x00, 0x00, 0x00, 0x00, 0x00, 0x00, 0x20, 0x00, 0x5c, 0x02, 0x52, 0x1e, 0x00, 0x00,
    0x00, 0x00, 0x00, 0x00, 0x00, 0x00, 0x00, 0x00, 0x00, 0x00, 0x00, 0x00, 0x00, 0x00, 0x00, 0x00,
    0x53, 0x0b, 0x3a, 0x58, 0x00, 0x00, 0x61, 0x16, 0x00, 0x00, 0x53, 0x0c, 0x1a, 0x00, 0x72, 0x10,
    0x5c, 0x01, 0x52, 0x1c, 0x00, 0x00, 0x00, 0x00, 0x00, 0x00, 0x00, 0x00, 0x00, 0x00, 0x00, 0x00,
    0x00, 0x00, 0x00, 0x00, 0x00, 0x00, 0x22, 0x00, 0x5c, 0x10, 0x35, 0x01, 0x00, 0x00, 0x00, 0x00,
    0x00, 0x00, 0x20, 0x00, 0x67, 0x02, 0x67, 0x02, 0x29, 0x0d, 0x61, 0x31, 0x04, 0x00, 0x00, 0x53,
    0x74, 0x61, 0x6e, 0x64, 0x61, 0x72, 0x64, 0x20, 0x22, 0x65, 0x6e, 0x63, 0x6f, 0x64, 0x69, 0x6e,
    0x67, 0x73, 0x22, 0x20, 0x50, 0x61, 0x63, 0x6b, 0x61, 0x67, 0x65, 0x0a, 0x0a, 0x20, 0x20, 0x20,
    0x20, 0x53, 0x74, 0x61, 0x6e, 0x64, 0x61, 0x72, 0x64, 0x20, 0x50, 0x79, 0x74, 0x68, 0x6f, 0x6e,
    0x20, 0x65, 0x6e, 0x63, 0x6f, 0x64, 0x69, 0x6e, 0x67, 0x20, 0x6d, 0x6f, 0x64, 0x75, 0x6c, 0x65,
    0x73, 0x20, 0x61, 0x72, 0x65, 0x20, 0x73, 0x74, 0x6f, 0x72, 0x65, 0x64, 0x20, 0x69, 0x6e, 0x20,
    0x74, 0x68, 0x69, 0x73, 0x20, 0x70, 0x61, 0x63, 0x6b, 0x61, 0x67, 0x65, 0x0a, 0x20, 0x20, 0x20,
    0x20, 0x64, 0x69, 0x72, 0x65, 0x63, 0x74, 0x6f, 0x72, 0x79, 0x2e, 0x0a, 0x0a, 0x20, 0x20, 0x20,
    0x20, 0x43, 0x6f, 0x64, 0x65, 0x63, 0x20, 0x6d, 0x6f, 0x64, 0x75, 0x6c, 0x65, 0x73, 0x20, 0x6d,
    0x75, 0x73, 0x74, 0x20, 0x68, 0x61, 0x76, 0x65, 0x20, 0x6e, 0x61, 0x6d, 0x65, 0x73, 0x20, 0x63,
    0x6f, 0x72, 0x72, 0x65, 0x73, 0x70, 0x6f, 0x6e, 0x64, 0x69, 0x6e, 0x67, 0x20, 0x74, 0x6f, 0x20,
    0x6e, 0x6f, 0x72, 0x6d, 0x61, 0x6c, 0x69, 0x7a, 0x65, 0x64, 0x20, 0x65, 0x6e, 0x63, 0x6f, 0x64,
    0x69, 0x6e, 0x67, 0x0a, 0x20, 0x20, 0x20, 0x20, 0x6e, 0x61, 0x6d, 0x65, 0x73, 0x20, 0x61, 0x73,
    0x20, 0x64, 0x65, 0x66, 0x69, 0x6e, 0x65, 0x64, 0x20, 0x69, 0x6e, 0x20, 0x74, 0x68, 0x65, 0x20,
    0x6e, 0x6f, 0x72, 0x6d, 0x61, 0x6c, 0x69, 0x7a, 0x65, 0x5f, 0x65, 0x6e, 0x63, 0x6f, 0x64, 0x69,
    0x6e, 0x67, 0x28, 0x29, 0x20, 0x66, 0x75, 0x6e, 0x63, 0x74, 0x69, 0x6f, 0x6e, 0x20, 0x62, 0x65,
    0x6c, 0x6f, 0x77, 0x2c, 0x20, 0x65, 0x2e, 0x67, 0x2e, 0x0a, 0x20, 0x20, 0x20, 0x20, 0x27, 0x75,
    0x74, 0x66, 0x2d, 0x38, 0x27, 0x20, 0x6d, 0x75, 0x73, 0x74, 0x20, 0x62, 0x65, 0x20, 0x69, 0x6d,
    0x70, 0x6c, 0x65, 0x6d, 0x65, 0x6e, 0x74, 0x65, 0x64, 0x20, 0x62, 0x79, 0x20, 0x74, 0x68, 0x65,
    0x20, 0x6d, 0x6f, 0x64, 0x75, 0x6c, 0x65, 0x20, 0x27, 0x75, 0x74, 0x66, 0x5f, 0x38, 0x2e, 0x70,
    0x79, 0x27, 0x2e, 0x0a, 0x0a, 0x20, 0x20, 0x20, 0x20, 0x45, 0x61, 0x63, 0x68, 0x20, 0x63, 0x6f,
    0x64, 0x65, 0x63, 0x20, 0x6d, 0x6f, 0x64, 0x75, 0x6c, 0x65, 0x20, 0x6d, 0x75, 0x73, 0x74, 0x20,
    0x65, 0x78, 0x70, 0x6f, 0x72, 0x74, 0x20, 0x74, 0x68, 0x65, 0x20, 0x66, 0x6f, 0x6c, 0x6c, 0x6f,
    0x77, 0x69, 0x6e, 0x67, 0x20, 0x69, 0x6e, 0x74, 0x65, 0x72, 0x66, 0x61, 0x63, 0x65, 0x3a, 0x0a,
    0x0a, 0x20, 0x20, 0x20, 0x20, 0x2a, 0x20, 0x67, 0x65, 0x74, 0x72, 0x65, 0x67, 0x65, 0x6e, 0x74,
    0x72, 0x79, 0x28, 0x29, 0x20, 0x2d, 0x3e, 0x20, 0x63, 0x6f, 0x64, 0x65, 0x63, 0x73, 0x2e, 0x43,
    0x6f, 0x64, 0x65, 0x63, 0x49, 0x6e, 0x66, 0x6f, 0x20, 0x6f, 0x62, 0x6a, 0x65, 0x63, 0x74, 0x0a,
    0x20, 0x20, 0x20, 0x20, 0x54, 0x68, 0x65, 0x20, 0x67, 0x65, 0x74, 0x72, 0x65, 0x67, 0x65, 0x6e,
    0x74, 0x72, 0x79, 0x28, 0x29, 0x20, 0x41, 0x50, 0x49, 0x20, 0x6d, 0x75, 0x73, 0x74, 0x20, 0x72,
    0x65, 0x74, 0x75, 0x72, 0x6e, 0x20, 0x61, 0x20, 0x43, 0x6f, 0x64, 0x65, 0x63, 0x49, 0x6e, 0x66,
    0x6f, 0x20, 0x6f, 0x62, 0x6a, 0x65, 0x63, 0x74, 0x20, 0x77, 0x69, 0x74, 0x68, 0x20, 0x65, 0x6e,
    0x63, 0x6f, 0x64, 0x65, 0x72, 0x2c, 0x20, 0x64, 0x65, 0x63, 0x6f, 0x64, 0x65, 0x72, 0x2c, 0x0a,
    0x20, 0x20, 0x20, 0x20, 0x69, 0x6e, 0x63, 0x72, 0x65, 0x6d, 0x65, 0x6e, 0x74, 0x61, 0x6c, 0x65,
    0x6e, 0x63, 0x6f, 0x64, 0x65, 0x72, 0x2c, 0x20, 0x69, 0x6e, 0x63, 0x72, 0x65, 0x6d, 0x65, 0x6e,
    0x74, 0x61, 0x6c, 0x64, 0x65, 0x63, 0x6f, 0x64, 0x65, 0x72, 0x2c, 0x20, 0x73, 0x74, 0x72, 0x65,
    0x61, 0x6d, 0x77, 0x72, 0x69, 0x74, 0x65, 0x72, 0x20, 0x61, 0x6e, 0x64, 0x20, 0x73, 0x74, 0x72,
    0x65, 0x61, 0x6d, 0x72, 0x65, 0x61, 0x64, 0x65, 0x72, 0x0a, 0x20, 0x20, 0x20, 0x20, 0x61, 0x74,
    0x74, 0x72, 0x69, 0x62, 0x75, 0x74, 0x65, 0x73, 0x20, 0x77, 0x68, 0x69, 0x63, 0x68, 0x20, 0x61,
    0x64, 0x68, 0x65, 0x72, 0x65, 0x20, 0x74, 0x6f, 0x20, 0x74, 0x68, 0x65, 0x20, 0x50, 0x79, 0x74,
    0x68, 0x6f, 0x6e, 0x20, 0x43, 0x6f, 0x64, 0x65, 0x63, 0x20, 0x49, 0x6e, 0x74, 0x65, 0x72, 0x66,
    0x61, 0x63, 0x65, 0x20, 0x53, 0x74, 0x61, 0x6e, 0x64, 0x61, 0x72, 0x64, 0x2e, 0x0a, 0x0a, 0x20,
    0x20, 0x20, 0x20, 0x49, 0x6e, 0x20, 0x61, 0x64, 0x64, 0x69, 0x74, 0x69, 0x6f, 0x6e, 0x2c, 0x20,
    0x61, 0x20, 0x6d, 0x6f, 0x64, 0x75, 0x6c, 0x65, 0x20, 0x6d, 0x61, 0x79, 0x20, 0x6f, 0x70, 0x74,
    0x69, 0x6f, 0x6e, 0x61, 0x6c, 0x6c, 0x79, 0x20, 0x61, 0x6c, 0x73, 0x6f, 0x20, 0x64, 0x65, 0x66,
    0x69, 0x6e, 0x65, 0x20, 0x74, 0x68, 0x65, 0x20, 0x66, 0x6f, 0x6c, 0x6c, 0x6f, 0x77, 0x69, 0x6e,
    0x67, 0x0a, 0x20, 0x20, 0x20, 0x20, 0x41, 0x50, 0x49, 0x73, 0x20, 0x77, 0x68, 0x69, 0x63, 0x68,
    0x20, 0x61, 0x72, 0x65, 0x20, 0x74, 0x68, 0x65, 0x6e, 0x20, 0x75, 0x73, 0x65, 0x64, 0x20, 0x62,
    0x79, 0x20, 0x74, 0x68, 0x65, 0x20, 0x70, 0x61, 0x63, 0x6b, 0x61, 0x67, 0x65, 0x27, 0x73, 0x20,
    0x63, 0x6f, 0x64, 0x65, 0x63, 0x20, 0x73, 0x65, 0x61, 0x72, 0x63, 0x68, 0x20, 0x66, 0x75, 0x6e,
    0x63, 0x74, 0x69, 0x6f, 0x6e, 0x3a, 0x0a, 0x0a, 0x20, 0x20, 0x20, 0x20, 0x2a, 0x20, 0x67, 0x65,
    0x74, 0x61, 0x6c, 0x69, 0x61, 0x73, 0x65, 0x73, 0x28, 0x29, 0x20, 0x2d, 0x3e, 0x20, 0x73, 0x65,
    0x71, 0x75, 0x65, 0x6e, 0x63, 0x65, 0x20, 0x6f, 0x66, 0x20, 0x65, 0x6e, 0x63, 0x6f, 0x64, 0x69,
    0x6e, 0x67, 0x20, 0x6e, 0x61, 0x6d, 0x65, 0x20, 0x73, 0x74, 0x72, 0x69, 0x6e, 0x67, 0x73, 0x20,
    0x74, 0x6f, 0x20, 0x75, 0x73, 0x65, 0x20, 0x61, 0x73, 0x20, 0x61, 0x6c, 0x69, 0x61, 0x73, 0x65,
    0x73, 0x0a, 0x0a, 0x20, 0x20, 0x20, 0x20, 0x41, 0x6c, 0x69, 0x61, 0x73, 0x20, 0x6e, 0x61, 0x6d,
    0x65, 0x73, 0x20, 0x72, 0x65, 0x74, 0x75, 0x72, 0x6e, 0x65, 0x64, 0x20, 0x62, 0x79, 0x20, 0x67,
    0x65, 0x74, 0x61, 0x6c, 0x69, 0x61, 0x73, 0x65, 0x73, 0x28, 0x29, 0x20, 0x6d, 0x75, 0x73, 0x74,
    0x20, 0x62, 0x65, 0x20, 0x6e, 0x6f, 0x72, 0x6d, 0x61, 0x6c, 0x69, 0x7a, 0x65, 0x64, 0x20, 0x65,
    0x6e, 0x63, 0x6f, 0x64, 0x69, 0x6e, 0x67, 0x0a, 0x20, 0x20, 0x20, 0x20, 0x6e, 0x61, 0x6d, 0x65,
    0x73, 0x20, 0x61, 0x73, 0x20, 0x64, 0x65, 0x66, 0x69, 0x6e, 0x65, 0x64, 0x20, 0x62, 0x79, 0x20,
    0x6e, 0x6f, 0x72, 0x6d, 0x61, 0x6c, 0x69, 0x7a, 0x65, 0x5f, 0x65, 0x6e, 0x63, 0x6f, 0x64, 0x69,
    0x6e, 0x67, 0x28, 0x29, 0x2e, 0x0a, 0x0a, 0x57, 0x72, 0x69, 0x74, 0x74, 0x65, 0x6e, 0x20, 0x62,
    0x79, 0x20, 0x4d, 0x61, 0x72, 0x63, 0x2d, 0x41, 0x6e, 0x64, 0x72, 0x65, 0x20, 0x4c, 0x65, 0x6d,
    0x62, 0x75, 0x72, 0x67, 0x20, 0x28, 0x6d, 0x61, 0x6c, 0x40, 0x6c, 0x65, 0x6d, 0x62, 0x75, 0x72,
    0x67, 0x2e, 0x63, 0x6f, 0x6d, 0x29, 0x2e, 0x0a, 0x0a, 0x28, 0x63, 0x29, 0x20, 0x43, 0x6f, 0x70,
    0x79, 0x72, 0x69, 0x67, 0x68, 0x74, 0x20, 0x43, 0x4e, 0x52, 0x49, 0x2c, 0x20, 0x41, 0x6c, 0x6c,
    0x20, 0x52, 0x69, 0x67, 0x68, 0x74, 0x73, 0x20, 0x52, 0x65, 0x73, 0x65, 0x72, 0x76, 0x65, 0x64,
    0x2e, 0x20, 0x4e, 0x4f, 0x20, 0x57, 0x41, 0x52, 0x52, 0x41, 0x4e, 0x54, 0x59, 0x2e, 0x0a, 0x0a,
    0xe9, 0x00, 0x00, 0x00, 0x00, 0x4e, 0xe9, 0x01, 0x00, 0x00, 0x00, 0x29, 0x01, 0xda, 0x07, 0x61,
    0x6c, 0x69, 0x61, 0x73, 0x65, 0x73, 0x7a, 0x0b, 0x2d, 0x2d, 0x75, 0x6e, 0x6b, 0x6e, 0x6f, 0x77,
    0x6e, 0x2d, 0x2d, 0xda, 0x01, 0x2a, 0x63, 0x00, 0x00, 0x00, 0x00, 0x00, 0x00, 0x00, 0x00, 0x00,
    0x00, 0x00, 0x00, 0x01, 0x00, 0x00, 0x00, 0x00, 0x00, 0x00, 0x00, 0xf3, 0x14, 0x00, 0x00, 0x00,
    0x95, 0x00, 0x5c, 0x00, 0x72, 0x01, 0x53, 0x00, 0x72, 0x02, 0x53, 0x01, 0x72, 0x03, 0x53, 0x02,
    0x72, 0x04, 0x67, 0x03, 0x29, 0x04, 0xda, 0x12, 0x43, 0x6f, 0x64, 0x65, 0x63, 0x52, 0x65, 0x67,
    0x69, 0x73, 0x74, 0x72, 0x79, 0x45, 0x72, 0x72, 0x6f, 0x72, 0xe9, 0x28, 0x00, 0x00, 0x00, 0xa9,
    0x00, 0x4e, 0x29, 0x05, 0xda, 0x08, 0x5f, 0x5f, 0x6e, 0x61, 0x6d, 0x65, 0x5f, 0x5f, 0xda, 0x0a,
    0x5f, 0x5f, 0x6d, 0x6f, 0x64, 0x75, 0x6c, 0x65, 0x5f, 0x5f, 0xda, 0x0c, 0x5f, 0x5f, 0x71, 0x75,
    0x61, 0x6c, 0x6e, 0x61, 0x6d, 0x65, 0x5f, 0x5f, 0xda, 0x0f, 0x5f, 0x5f, 0x66, 0x69, 0x72, 0x73,
    0x74, 0x6c, 0x69, 0x6e, 0x65, 0x6e, 0x6f, 0x5f, 0x5f, 0xda, 0x15, 0x5f, 0x5f, 0x73, 0x74, 0x61,
    0x74, 0x69, 0x63, 0x5f, 0x61, 0x74, 0x74, 0x72, 0x69, 0x62, 0x75, 0x74, 0x65, 0x73, 0x5f, 0x5f,
    0x72, 0x09, 0x00, 0x00, 0x00, 0xf3, 0x00, 0x00, 0x00, 0x00, 0xda, 0x1c, 0x73, 0x74, 0x64, 0x6c,
    0x69, 0x62, 0x2f, 0x65, 0x6e, 0x63, 0x6f, 0x64, 0x69, 0x6e, 0x67, 0x73, 0x2f, 0x5f, 0x5f, 0x69,
    0x6e, 0x69, 0x74, 0x5f, 0x5f, 0x2e, 0x70, 0x79, 0x72, 0x07, 0x00, 0x00, 0x00, 0x72, 0x07, 0x00,
    0x00, 0x00, 0x28, 0x00, 0x00, 0x00, 0x73, 0x05, 0x00, 0x00, 0x00, 0x86, 0x00, 0xda, 0x04, 0x08,
    0x72, 0x0f, 0x00, 0x00, 0x00, 0x72, 0x07, 0x00, 0x00, 0x00, 0x63, 0x01, 0x00, 0x00, 0x00, 0x00,
    0x00, 0x00, 0x00, 0x00, 0x00, 0x00, 0x00, 0x04, 0x00, 0x00, 0x00, 0x03, 0x00, 0x00, 0x00, 0xf3,
    0x4c, 0x01, 0x00, 0x00, 0x95, 0x00, 0x5b, 0x01, 0x00, 0x00, 0x00, 0x00, 0x00, 0x00, 0x00, 0x00,
    0x55, 0x00, 0x5b, 0x02, 0x00, 0x00, 0x00, 0x00, 0x00, 0x00, 0x00, 0x00, 0x35, 0x02, 0x00, 0x00,
    0x00, 0x00, 0x00, 0x00, 0x28, 0x00, 0x00, 0x00, 0x00, 0x00, 0x00, 0x00, 0x61, 0x0c, 0x00, 0x00,
    0x5b, 0x05, 0x00, 0x00, 0x00, 0x00, 0x00, 0x00, 0x00, 0x00, 0x55, 0x00, 0x53, 0x01, 0x35, 0x02,
    0x00, 0x00, 0x00, 0x00, 0x00, 0x00, 0x6e, 0x00, 0x2f, 0x00, 0x6e, 0x01, 0x53, 0x02, 0x6e, 0x02,
    0x55, 0x00, 0x13, 0x00, 0x48, 0x69, 0x00, 0x00, 0x6e, 0x03, 0x55, 0x03, 0x52, 0x07, 0x00, 0x00,
    0x00, 0x00, 0x00, 0x00, 0x00, 0x00, 0x00, 0x00, 0x00, 0x00, 0x00, 0x00, 0x00, 0x00, 0x00, 0x00,
    0x35, 0x00, 0x00, 0x00, 0x00, 0x00, 0x00, 0x00, 0x28, 0x00, 0x00, 0x00, 0x00, 0x00, 0x00, 0x00,
    0x64, 0x06, 0x00, 0x00, 0x55, 0x03, 0x53, 0x03, 0x3a, 0x58, 0x00, 0x00, 0x61, 0x49, 0x00, 0x00,
    0x55, 0x02, 0x28, 0x00, 0x00, 0x00, 0x00, 0x00, 0x00, 0x00, 0x61, 0x18, 0x00, 0x00, 0x55, 0x01,
    0x28, 0x00, 0x00, 0x00, 0x00, 0x00, 0x00, 0x00, 0x61, 0x11, 0x00, 0x00, 0x55, 0x01, 0x52, 0x09,
    0x00, 0x00, 0x00, 0x00, 0x00, 0x00, 0x00, 0x00, 0x00, 0x00, 0x00, 0x00, 0x00, 0x00, 0x00, 0x00,
    0x00, 0x00, 0x53, 0x04, 0x35, 0x01, 0x00, 0x00, 0x00, 0x00, 0x00, 0x00, 0x20, 0x00, 0x55, 0x03,
    0x52, 0x0b, 0x00, 0x00, 0x00, 0x00, 0x00, 0x00, 0x00, 0x00, 0x00, 0x00, 0x00, 0x00, 0x00, 0x00,
    0x00, 0x00, 0x00, 0x00, 0x35, 0x00, 0x00, 0x00, 0x00, 0x00, 0x00, 0x00, 0x28, 0x00, 0x00, 0x00,
    0x00, 0x00, 0x00, 0x00, 0x61, 0x11, 0x00, 0x00, 0x55, 0x01, 0x52, 0x09, 0x00, 0x00, 0x00, 0x00,
    0x00, 0x00, 0x00, 0x00, 0x00, 0x00, 0x00, 0x00, 0x00, 0x00, 0x00, 0x00, 0x00, 0x00, 0x55, 0x03,
    0x35, 0x01, 0x00, 0x00, 0x00, 0x00, 0x00, 0x00, 0x20, 0x00, 0x53, 0x02, 0x6e, 0x02, 0x4d, 0x67,
    0x00, 0x00, 0x53, 0x05, 0x6e, 0x02, 0x4d, 0x6b, 0x00, 0x00, 0x0b, 0x00, 0x20, 0x00, 0x53, 0x06,
    0x52, 0x0d, 0x00, 0x00, 0x00, 0x00, 0x00, 0x00, 0x00, 0x00, 0x00, 0x00, 0x00, 0x00, 0x00, 0x00,
    0x00, 0x00, 0x00, 0x00, 0x55, 0x01, 0x35, 0x01, 0x00, 0x00, 0x00, 0x00, 0x00, 0x00, 0x24, 0x00,
    0x29, 0x07, 0x61, 0x38, 0x01, 0x00, 0x00, 0x4e, 0x6f, 0x72, 0x6d, 0x61, 0x6c, 0x69, 0x7a, 0x65,
    0x20, 0x61, 0x6e, 0x20, 0x65, 0x6e, 0x63, 0x6f, 0x64, 0x69, 0x6e, 0x67, 0x20, 0x6e, 0x61, 0x6d,
    0x65, 0x2e, 0x0a, 0x0a, 0x4e, 0x6f, 0x72, 0x6d, 0x61, 0x6c, 0x69, 0x7a, 0x61, 0x74, 0x69, 0x6f,
    0x6e, 0x20, 0x77, 0x6f, 0x72, 0x6b, 0x73, 0x20, 0x61, 0x73, 0x20, 0x66, 0x6f, 0x6c, 0x6c, 0x6f,
    0x77, 0x73, 0x3a, 0x20, 0x61, 0x6c, 0x6c, 0x20, 0x6e, 0x6f, 0x6e, 0x2d, 0x61, 0x6c, 0x70, 0x68,
    0x61, 0x6e, 0x75, 0x6d, 0x65, 0x72, 0x69, 0x63, 0x0a, 0x63, 0x68, 0x61, 0x72, 0x61, 0x63, 0x74,
    0x65, 0x72, 0x73, 0x20, 0x65, 0x78, 0x63, 0x65, 0x70, 0x74, 0x20, 0x74, 0x68, 0x65, 0x20, 0x64,
    0x6f, 0x74, 0x20, 0x75, 0x73, 0x65, 0x64, 0x20, 0x66, 0x6f, 0x72, 0x20, 0x50, 0x79, 0x74, 0x68,
    0x6f, 0x6e, 0x20, 0x70, 0x61, 0x63, 0x6b, 0x61, 0x67, 0x65, 0x20, 0x6e, 0x61, 0x6d, 0x65, 0x73,
    0x20, 0x61, 0x72, 0x65, 0x0a, 0x63, 0x6f, 0x6c, 0x6c, 0x61, 0x70, 0x73, 0x65, 0x64, 0x20, 0x61,
    0x6e, 0x64, 0x20, 0x72, 0x65, 0x70, 0x6c, 0x61, 0x63, 0x65, 0x64, 0x20, 0x77, 0x69, 0x74, 0x68,
    0x20, 0x61, 0x20, 0x73, 0x69, 0x6e, 0x67, 0x6c, 0x65, 0x20, 0x75, 0x6e, 0x64, 0x65, 0x72, 0x73,
    0x63, 0x6f, 0x72, 0x65, 0x2c, 0x20, 0x65, 0x2e, 0x67, 0x2e, 0x20, 0x27, 0x20, 0x20, 0x2d, 0x3b,
    0x23, 0x27, 0x0a, 0x62, 0x65, 0x63, 0x6f, 0x6d, 0x65, 0x73, 0x20, 0x27, 0x5f, 0x27, 0x2e, 0x20,
    0x4c, 0x65, 0x61, 0x64, 0x69, 0x6e, 0x67, 0x20, 0x61, 0x6e, 0x64, 0x20, 0x74, 0x72, 0x61, 0x69,
    0x6c, 0x69, 0x6e, 0x67, 0x20, 0x75, 0x6e, 0x64, 0x65, 0x72, 0x73, 0x63, 0x6f, 0x72, 0x65, 0x73,
    0x20, 0x61, 0x72, 0x65, 0x20, 0x72, 0x65, 0x6d, 0x6f, 0x76, 0x65, 0x64, 0x2e, 0x0a, 0x0a, 0x4e,
    0x6f, 0x74, 0x65, 0x20, 0x74, 0x68, 0x61, 0x74, 0x20, 0x65, 0x6e, 0x63, 0x6f, 0x64, 0x69, 0x6e,
    0x67, 0x20, 0x6e, 0x61, 0x6d, 0x65, 0x73, 0x20, 0x73, 0x68, 0x6f, 0x75, 0x6c, 0x64, 0x20, 0x62,
    0x65, 0x20, 0x41, 0x53, 0x43, 0x49, 0x49, 0x20, 0x6f, 0x6e, 0x6c, 0x79, 0x2e, 0x0a, 0x0a, 0xda,
    0x05, 0x61, 0x73, 0x63, 0x69, 0x69, 0x46, 0xda, 0x01, 0x2e, 0xda, 0x01, 0x5f, 0x54, 0xda, 0x00,
    0x29, 0x07, 0xda, 0x0a, 0x69, 0x73, 0x69, 0x6e, 0x73, 0x74, 0x61, 0x6e, 0x63, 0x65, 0xda, 0x05,
    0x62, 0x79, 0x74, 0x65, 0x73, 0xda, 0x03, 0x73, 0x74, 0x72, 0xda, 0x07, 0x69, 0x73, 0x61, 0x6c,
    0x6e, 0x75, 0x6d, 0xda, 0x06, 0x61, 0x70, 0x70, 0x65, 0x6e, 0x64, 0xda, 0x07, 0x69, 0x73, 0x61,
    0x73, 0x63, 0x69, 0x69, 0xda, 0x04, 0x6a, 0x6f, 0x69, 0x6e, 0x29, 0x04, 0xda, 0x08, 0x65, 0x6e,
    0x63, 0x6f, 0x64, 0x69, 0x6e, 0x67, 0xda, 0x05, 0x63, 0x68, 0x61, 0x72, 0x73, 0xda, 0x05, 0x70,
    0x75, 0x6e, 0x63, 0x74, 0xda, 0x01, 0x63, 0x73, 0x04, 0x00, 0x00, 0x00, 0x20, 0x20, 0x20, 0x20,
    0x72, 0x10, 0x00, 0x00, 0x00, 0xda, 0x12, 0x6e, 0x6f, 0x72, 0x6d, 0x61, 0x6c, 0x69, 0x7a, 0x65,
    0x5f, 0x65, 0x6e, 0x63, 0x6f, 0x64, 0x69, 0x6e, 0x67, 0x72, 0x21, 0x00, 0x00, 0x00, 0x2b, 0x00,
    0x00, 0x00, 0x73, 0x83, 0x00, 0x00, 0x00, 0x80, 0x00, 0xf4, 0x18, 0x00, 0x08, 0x12, 0x90, 0x28,
    0x9c, 0x45, 0xd7, 0x07, 0x22, 0xd1, 0x07, 0x22, 0xdc, 0x13, 0x16, 0x90, 0x78, 0xa0, 0x17, 0xd3,
    0x13, 0x29, 0x88, 0x08, 0xe0, 0x0c, 0x0e, 0x80, 0x45, 0xd8, 0x0c, 0x11, 0x80, 0x45, 0xdb, 0x0d,
    0x15, 0x88, 0x01, 0xd8, 0x0b, 0x0c, 0x8f, 0x39, 0x89, 0x39, 0x8f, 0x3b, 0x89, 0x3b, 0x98, 0x21,
    0x98, 0x73, 0x9b, 0x28, 0xde, 0x0f, 0x14, 0x9e, 0x15, 0xd8, 0x10, 0x15, 0x97, 0x0c, 0x91, 0x0c,
    0x98, 0x53, 0xd4, 0x10, 0x21, 0xd8, 0x0f, 0x10, 0x8f, 0x79, 0x89, 0x79, 0x8f, 0x7b, 0x89, 0x7b,
    0xd8, 0x10, 0x15, 0x97, 0x0c, 0x91, 0x0c, 0x98, 0x51, 0x94, 0x0f, 0xd8, 0x14, 0x19, 0x8a, 0x45,
    0xe0, 0x14, 0x18, 0x8a, 0x45, 0xf1, 0x11, 0x00, 0x0e, 0x16, 0xf0, 0x12, 0x00, 0x0c, 0x0e, 0x8f,
    0x37, 0x89, 0x37, 0x90, 0x35, 0x8b, 0x3e, 0xd0, 0x04, 0x19, 0x72, 0x0f, 0x00, 0x00, 0x00, 0x63,
    0x01, 0x00, 0x00, 0x00, 0x00, 0x00, 0x00, 0x00, 0x00, 0x00, 0x00, 0x00, 0x07, 0x00, 0x00, 0x00,
    0x03, 0x00, 0x00, 0x00, 0xf3, 0x90, 0x05, 0x00, 0x00, 0x95, 0x00, 0x5b, 0x00, 0x00, 0x00, 0x00,
    0x00, 0x00, 0x00, 0x00, 0x00, 0x52, 0x03, 0x00, 0x00, 0x00, 0x00, 0x00, 0x00, 0x00, 0x00, 0x00,
    0x00, 0x00, 0x00, 0x00, 0x00, 0x00, 0x00, 0x00, 0x00, 0x55, 0x00, 0x5b, 0x04, 0x00, 0x00, 0x00,
    0x00, 0x00, 0x00, 0x00, 0x00, 0x35, 0x02, 0x00, 0x00, 0x00, 0x00, 0x00, 0x00, 0x6e, 0x01, 0x55,
    0x01, 0x5b, 0x04, 0x00, 0x00, 0x00, 0x00, 0x00, 0x00, 0x00, 0x00, 0x4c, 0x01, 0x61, 0x02, 0x00,
    0x00, 0x55, 0x01, 0x24, 0x00, 0x5b, 0x07, 0x00, 0x00, 0x00, 0x00, 0x00, 0x00, 0x00, 0x00, 0x55,
    0x00, 0x35, 0x01, 0x00, 0x00, 0x00, 0x00, 0x00, 0x00, 0x6e, 0x02, 0x5b, 0x08, 0x00, 0x00, 0x00,
    0x00, 0x00, 0x00, 0x00, 0x00, 0x52, 0x03, 0x00, 0x00, 0x00, 0x00, 0x00, 0x00, 0x00, 0x00, 0x00,
    0x00, 0x00, 0x00, 0x00, 0x00, 0x00, 0x00, 0x00, 0x00, 0x55, 0x02, 0x35, 0x01, 0x00, 0x00, 0x00,
    0x00, 0x00, 0x00, 0x3d, 0x01, 0x28, 0x00, 0x00, 0x00, 0x00, 0x00, 0x00, 0x00, 0x64, 0x25, 0x00,
    0x00, 0x20, 0x00, 0x5b, 0x08, 0x00, 0x00, 0x00, 0x00, 0x00, 0x00, 0x00, 0x00, 0x52, 0x03, 0x00,
    0x00, 0x00, 0x00, 0x00, 0x00, 0x00, 0x00, 0x00, 0x00, 0x00, 0x00, 0x00, 0x00, 0x00, 0x00, 0x00,
    0x00, 0x55, 0x02, 0x52, 0x0b, 0x00, 0x00, 0x00, 0x00, 0x00, 0x00, 0x00, 0x00, 0x00, 0x00, 0x00,
    0x00, 0x00, 0x00, 0x00, 0x00, 0x00, 0x00, 0x53, 0x01, 0x53, 0x02, 0x35, 0x02, 0x00, 0x00, 0x00,
    0x00, 0x00, 0x00, 0x35, 0x01, 0x00, 0x00, 0x00, 0x00, 0x00, 0x00, 0x6e, 0x03, 0x55, 0x03, 0x62,
    0x05, 0x00, 0x00, 0x55, 0x03, 0x55, 0x02, 0x2f, 0x02, 0x6e, 0x04, 0x4f, 0x03, 0x55, 0x02, 0x2f,
    0x01, 0x6e, 0x04, 0x55, 0x04, 0x13, 0x00, 0x48, 0x25, 0x00, 0x00, 0x6e, 0x05, 0x55, 0x05, 0x28,
    0x00, 0x00, 0x00, 0x00, 0x00, 0x00, 0x00, 0x61, 0x06, 0x00, 0x00, 0x53, 0x01, 0x55, 0x05, 0x3b,
    0x00, 0x00, 0x00, 0x61, 0x02, 0x00, 0x00, 0x4d, 0x12, 0x00, 0x00, 0x1e, 0x00, 0x5b, 0x0d, 0x00,
    0x00, 0x00, 0x00, 0x00, 0x00, 0x00, 0x00, 0x53, 0x03, 0x55, 0x05, 0x2d, 0x00, 0x00, 0x00, 0x5b,
    0x0e, 0x00, 0x00, 0x00, 0x00, 0x00, 0x00, 0x00, 0x00, 0x53, 0x04, 0x53, 0x05, 0x39, 0x03, 0x6e,
    0x06, 0x20, 0x00, 0x4f, 0x04, 0x0b, 0x00, 0x20, 0x00, 0x53, 0x00, 0x6e, 0x06, 0x1e, 0x00, 0x55,
    0x06, 0x52, 0x12, 0x00, 0x00, 0x00, 0x00, 0x00, 0x00, 0x00, 0x00, 0x00, 0x00, 0x00, 0x00, 0x00,
    0x00, 0x00, 0x00, 0x00, 0x00, 0x6e, 0x07, 0x55, 0x06, 0x63, 0x0a, 0x00, 0x00, 0x53, 0x00, 0x5b,
    0x00, 0x00, 0x00, 0x00, 0x00, 0x00, 0x00, 0x00, 0x00, 0x55, 0x00, 0x27, 0x00, 0x00, 0x00, 0x67,
    0x00, 0x57, 0x07, 0x22, 0x00, 0x35, 0x00, 0x00, 0x00, 0x00, 0x00, 0x00, 0x00, 0x6e, 0x01, 0x5b,
    0x17, 0x00, 0x00, 0x00, 0x00, 0x00, 0x00, 0x00, 0x00, 0x55, 0x01, 0x5b, 0x18, 0x00, 0x00, 0x00,
    0x00, 0x00, 0x00, 0x00, 0x00, 0x52, 0x1a, 0x00, 0x00, 0x00, 0x00, 0x00, 0x00, 0x00, 0x00, 0x00,
    0x00, 0x00, 0x00, 0x00, 0x00, 0x00, 0x00, 0x00, 0x00, 0x35, 0x02, 0x00, 0x00, 0x00, 0x00, 0x00,
    0x00, 0x28, 0x00, 0x00, 0x00, 0x00, 0x00, 0x00, 0x00, 0x47, 0x01, 0x64, 0x6d, 0x00, 0x00, 0x53,
    0x06, 0x5b, 0x1d, 0x00, 0x00, 0x00, 0x00, 0x00, 0x00, 0x00, 0x00, 0x55, 0x01, 0x35, 0x01, 0x00,
    0x00, 0x00, 0x00, 0x00, 0x00, 0x73, 0x02, 0x3d, 0x02, 0x3a, 0x3a, 0x00, 0x00, 0x61, 0x06, 0x00,
    0x00, 0x53, 0x07, 0x3a, 0x3a, 0x00, 0x00, 0x64, 0x2a, 0x00, 0x00, 0x4f, 0x01, 0x20, 0x00, 0x5b,
    0x1f, 0x00, 0x00, 0x00, 0x00, 0x00, 0x00, 0x00, 0x00, 0x53, 0x08, 0x55, 0x06, 0x52, 0x20, 0x00,
    0x00, 0x00, 0x00, 0x00, 0x00, 0x00, 0x00, 0x00, 0x00, 0x00, 0x00, 0x00, 0x00, 0x00, 0x00, 0x00,
    0x00, 0x3c, 0x01, 0x0e, 0x00, 0x53, 0x09, 0x55, 0x06, 0x52, 0x22, 0x00, 0x00, 0x00, 0x00, 0x00,
    0x00, 0x00, 0x00, 0x00, 0x00, 0x00, 0x00, 0x00, 0x00, 0x00, 0x00, 0x00, 0x00, 0x3c, 0x01, 0x0e,
    0x00, 0x53, 0x0a, 0x33, 0x05, 0x35, 0x01, 0x00, 0x00, 0x00, 0x00, 0x00, 0x00, 0x65, 0x01, 0x5b,
    0x25, 0x00, 0x00, 0x00, 0x00, 0x00, 0x00, 0x00, 0x00, 0x55, 0x01, 0x53, 0x04, 0x05, 0x00, 0x00,
    0x00, 0x35, 0x01, 0x00, 0x00, 0x00, 0x00, 0x00, 0x00, 0x28, 0x00, 0x00, 0x00, 0x00, 0x00, 0x00,
    0x00, 0x61, 0x95, 0x00, 0x00, 0x5b, 0x25, 0x00, 0x00, 0x00, 0x00, 0x00, 0x00, 0x00, 0x00, 0x55,
    0x01, 0x53, 0x0b, 0x05, 0x00, 0x00, 0x00, 0x35, 0x01, 0x00, 0x00, 0x00, 0x00, 0x00, 0x00, 0x28,
    0x00, 0x00, 0x00, 0x00, 0x00, 0x00, 0x00, 0x61, 0x82, 0x00, 0x00, 0x55, 0x01, 0x53, 0x0c, 0x05,
    0x00, 0x00, 0x00, 0x62, 0x13, 0x00, 0x00, 0x5b, 0x25, 0x00, 0x00, 0x00, 0x00, 0x00, 0x00, 0x00,
    0x00, 0x55, 0x01, 0x53, 0x0c, 0x05, 0x00, 0x00, 0x00, 0x35, 0x01, 0x00, 0x00, 0x00, 0x00, 0x00,
    0x00, 0x28, 0x00, 0x00, 0x00, 0x00, 0x00, 0x00, 0x00, 0x61, 0x69, 0x00, 0x00, 0x55, 0x01, 0x53,
    0x0d, 0x05, 0x00, 0x00, 0x00, 0x62, 0x13, 0x00, 0x00, 0x5b, 0x25, 0x00, 0x00, 0x00, 0x00, 0x00,
    0x00, 0x00, 0x00, 0x55, 0x01, 0x53, 0x0d, 0x05, 0x00, 0x00, 0x00, 0x35, 0x01, 0x00, 0x00, 0x00,
    0x00, 0x00, 0x00, 0x28, 0x00, 0x00, 0x00, 0x00, 0x00, 0x00, 0x00, 0x61, 0x50, 0x00, 0x00, 0x5b,
    0x1d, 0x00, 0x00, 0x00, 0x00, 0x00, 0x00, 0x00, 0x00, 0x55, 0x01, 0x35, 0x01, 0x00, 0x00, 0x00,
    0x00, 0x00, 0x00, 0x53, 0x06, 0x3a, 0x94, 0x00, 0x00, 0x61, 0x19, 0x00, 0x00, 0x55, 0x01, 0x53,
    0x06, 0x05, 0x00, 0x00, 0x00, 0x62, 0x13, 0x00, 0x00, 0x5b, 0x25, 0x00, 0x00, 0x00, 0x00, 0x00,
    0x00, 0x00, 0x00, 0x55, 0x01, 0x53, 0x06, 0x05, 0x00, 0x00, 0x00, 0x35, 0x01, 0x00, 0x00, 0x00,
    0x00, 0x00, 0x00, 0x28, 0x00, 0x00, 0x00, 0x00, 0x00, 0x00, 0x00, 0x61, 0x28, 0x00, 0x00, 0x5b,
    0x1d, 0x00, 0x00, 0x00, 0x00, 0x00, 0x00, 0x00, 0x00, 0x55, 0x01, 0x35, 0x01, 0x00, 0x00, 0x00,
    0x00, 0x00, 0x00, 0x53, 0x0e, 0x3a, 0x94, 0x00, 0x00, 0x61, 0x41, 0x00, 0x00, 0x55, 0x01, 0x53,
    0x0e, 0x05, 0x00, 0x00, 0x00, 0x62, 0x3b, 0x00, 0x00, 0x5b, 0x25, 0x00, 0x00, 0x00, 0x00, 0x00,
    0x00, 0x00, 0x00, 0x55, 0x01, 0x53, 0x0e, 0x05, 0x00, 0x00, 0x00, 0x35, 0x01, 0x00, 0x00, 0x00,
    0x00, 0x00, 0x00, 0x28, 0x00, 0x00, 0x00, 0x00, 0x00, 0x00, 0x00, 0x64, 0x28, 0x00, 0x00, 0x5b,
    0x1f, 0x00, 0x00, 0x00, 0x00, 0x00, 0x00, 0x00, 0x00, 0x53, 0x0f, 0x55, 0x06, 0x52, 0x20, 0x00,
    0x00, 0x00, 0x00, 0x00, 0x00, 0x00, 0x00, 0x00, 0x00, 0x00, 0x00, 0x00, 0x00, 0x00, 0x00, 0x00,
    0x00, 0x3c, 0x01, 0x0e, 0x00, 0x53, 0x09, 0x55, 0x06, 0x52, 0x22, 0x00, 0x00, 0x00, 0x00, 0x00,
    0x00, 0x00, 0x00, 0x00, 0x00, 0x00, 0x00, 0x00, 0x00, 0x00, 0x00, 0x00, 0x00, 0x3c, 0x01, 0x0e,
    0x00, 0x53, 0x10, 0x33, 0x05, 0x35, 0x01, 0x00, 0x00, 0x00, 0x00, 0x00, 0x00, 0x65, 0x01, 0x5b,
    0x1d, 0x00, 0x00, 0x00, 0x00, 0x00, 0x00, 0x00, 0x00, 0x55, 0x01, 0x35, 0x01, 0x00, 0x00, 0x00,
    0x00, 0x00, 0x00, 0x53, 0x07, 0x3a, 0x12, 0x00, 0x00, 0x64, 0x06, 0x00, 0x00, 0x55, 0x01, 0x53,
    0x11, 0x05, 0x00, 0x00, 0x00, 0x63, 0x35, 0x00, 0x00, 0x55, 0x01, 0x53, 0x12, 0x53, 0x11, 0x5b,
    0x1d, 0x00, 0x00, 0x00, 0x00, 0x00, 0x00, 0x00, 0x00, 0x55, 0x01, 0x35, 0x01, 0x00, 0x00, 0x00,
    0x00, 0x00, 0x00, 0x2d, 0x0a, 0x00, 0x00, 0x2d, 0x05, 0x00, 0x00, 0x55, 0x06, 0x52, 0x20, 0x00,
    0x00, 0x00, 0x00, 0x00, 0x00, 0x00, 0x00, 0x00, 0x00, 0x00, 0x00, 0x00, 0x00, 0x00, 0x00, 0x00,
    0x00, 0x52, 0x27, 0x00, 0x00, 0x00, 0x00, 0x00, 0x00, 0x00, 0x00, 0x00, 0x00, 0x00, 0x00, 0x00,
    0x00, 0x00, 0x00, 0x00, 0x00, 0x53, 0x01, 0x53, 0x0b, 0x35, 0x02, 0x00, 0x00, 0x00, 0x00, 0x00,
    0x00, 0x53, 0x0b, 0x05, 0x00, 0x00, 0x00, 0x34, 0x01, 0x2d, 0x00, 0x00, 0x00, 0x2d, 0x0d, 0x00,
    0x00, 0x6e, 0x01, 0x5b, 0x18, 0x00, 0x00, 0x00, 0x00, 0x00, 0x00, 0x00, 0x00, 0x52, 0x1a, 0x00,
    0x00, 0x00, 0x00, 0x00, 0x00, 0x00, 0x00, 0x00, 0x00, 0x00, 0x00, 0x00, 0x00, 0x00, 0x00, 0x00,
    0x00, 0x22, 0x00, 0x55, 0x01, 0x36, 0x00, 0x6e, 0x01, 0x55, 0x01, 0x5b, 0x00, 0x00, 0x00, 0x00,
    0x00, 0x00, 0x00, 0x00, 0x00, 0x55, 0x00, 0x27, 0x00, 0x00, 0x00, 0x1e, 0x00, 0x55, 0x06, 0x52,
    0x29, 0x00, 0x00, 0x00, 0x00, 0x00, 0x00, 0x00, 0x00, 0x00, 0x00, 0x00, 0x00, 0x00, 0x00, 0x00,
    0x00, 0x00, 0x00, 0x35, 0x00, 0x00, 0x00, 0x00, 0x00, 0x00, 0x00, 0x6e, 0x08, 0x55, 0x08, 0x13,
    0x00, 0x48, 0x18, 0x00, 0x00, 0x6e, 0x09, 0x55, 0x09, 0x5b, 0x08, 0x00, 0x00, 0x00, 0x00, 0x00,
    0x00, 0x00, 0x00, 0x3b, 0x01, 0x00, 0x00, 0x64, 0x02, 0x00, 0x00, 0x4d, 0x0f, 0x00, 0x00, 0x57,
    0x05, 0x5b, 0x08, 0x00, 0x00, 0x00, 0x00, 0x00, 0x00, 0x00, 0x00, 0x55, 0x09, 0x27, 0x00, 0x00,
    0x00, 0x4d, 0x1a, 0x00, 0x00, 0x0b, 0x00, 0x20, 0x00, 0x55, 0x01, 0x24, 0x00, 0x21, 0x00, 0x5b,
    0x10, 0x00, 0x00, 0x00, 0x00, 0x00, 0x00, 0x00, 0x00, 0x07, 0x00, 0x61, 0x05, 0x00, 0x00, 0x20,
    0x00, 0x1f, 0x00, 0x47, 0x02, 0x4d, 0x21, 0x00, 0x00, 0x66, 0x00, 0x3d, 0x03, 0x1f, 0x00, 0x66,
    0x01, 0x21, 0x00, 0x5b, 0x14, 0x00, 0x00, 0x00, 0x00, 0x00, 0x00, 0x00, 0x00, 0x07, 0x00, 0x61,
    0x06, 0x00, 0x00, 0x20, 0x00, 0x53, 0x00, 0x6e, 0x06, 0x1f, 0x00, 0x47, 0x01, 0x4e, 0xfc, 0x66,
    0x00, 0x3d, 0x03, 0x1f, 0x00, 0x66, 0x01, 0x21, 0x00, 0x5b, 0x14, 0x00, 0x00, 0x00, 0x00, 0x00,
    0x00, 0x00, 0x00, 0x07, 0x00, 0x61, 0x04, 0x00, 0x00, 0x20, 0x00, 0x1f, 0x00, 0x55, 0x01, 0x24,
    0x00, 0x66, 0x00, 0x3d, 0x03, 0x1f, 0x00, 0x66, 0x01, 0x29, 0x13, 0x4e, 0x72, 0x13, 0x00, 0x00,
    0x00, 0x72, 0x14, 0x00, 0x00, 0x00, 0x7a, 0x0a, 0x65, 0x6e, 0x63, 0x6f, 0x64, 0x69, 0x6e, 0x67,
    0x73, 0x2e, 0x72, 0x02, 0x00, 0x00, 0x00, 0x29, 0x02, 0xda, 0x08, 0x66, 0x72, 0x6f, 0x6d, 0x6c,
    0x69, 0x73, 0x74, 0xda, 0x05, 0x6c, 0x65, 0x76, 0x65, 0x6c, 0xe9, 0x04, 0x00, 0x00, 0x00, 0xe9,
    0x07, 0x00, 0x00, 0x00, 0x7a, 0x08, 0x6d, 0x6f, 0x64, 0x75, 0x6c, 0x65, 0x20, 0x22, 0x7a, 0x03,
    0x22, 0x20, 0x28, 0x7a, 0x14, 0x29, 0x20, 0x66, 0x61, 0x69, 0x6c, 0x65, 0x64, 0x20, 0x74, 0x6f,
    0x20, 0x72, 0x65, 0x67, 0x69, 0x73, 0x74, 0x65, 0x72, 0x72, 0x03, 0x00, 0x00, 0x00, 0xe9, 0x02,
    0x00, 0x00, 0x00, 0xe9, 0x03, 0x00, 0x00, 0x00, 0xe9, 0x05, 0x00, 0x00, 0x00, 0x7a, 0x1f, 0x69,
    0x6e, 0x63, 0x6f, 0x6d, 0x70, 0x61, 0x74, 0x69, 0x62, 0x6c, 0x65, 0x20, 0x63, 0x6f, 0x64, 0x65,
    0x63, 0x73, 0x20, 0x69, 0x6e, 0x20, 0x6d, 0x6f, 0x64, 0x75, 0x6c, 0x65, 0x20, 0x22, 0xda, 0x01,
    0x29, 0xe9, 0x06, 0x00, 0x00, 0x00, 0x29, 0x01, 0x4e, 0x29, 0x15, 0xda, 0x06, 0x5f, 0x63, 0x61,
    0x63, 0x68, 0x65, 0xda, 0x03, 0x67, 0x65, 0x74, 0xda, 0x08, 0x5f, 0x75, 0x6e, 0x6b, 0x6e, 0x6f,
    0x77, 0x6e, 0x72, 0x21, 0x00, 0x00, 0x00, 0xda, 0x08, 0x5f, 0x61, 0x6c, 0x69, 0x61, 0x73, 0x65,
    0x73, 0xda, 0x07, 0x72, 0x65, 0x70, 0x6c, 0x61, 0x63, 0x65, 0xda, 0x0a, 0x5f, 0x5f, 0x69, 0x6d,
    0x70, 0x6f, 0x72, 0x74, 0x5f, 0x5f, 0xda, 0x0c, 0x5f, 0x69, 0x6d, 0x70, 0x6f, 0x72, 0x74, 0x5f,
    0x74, 0x61, 0x69, 0x6c, 0xda, 0x0b, 0x49, 0x6d, 0x70, 0x6f, 0x72, 0x74, 0x45, 0x72, 0x72, 0x6f,
    0x72, 0xda, 0x0b, 0x67, 0x65, 0x74, 0x72, 0x65, 0x67, 0x65, 0x6e, 0x74, 0x72, 0x79, 0xda, 0x0e,
    0x41, 0x74, 0x74, 0x72, 0x69, 0x62, 0x75, 0x74, 0x65, 0x45, 0x72, 0x72, 0x6f, 0x72, 0x72, 0x16,
    0x00, 0x00, 0x00, 0xda, 0x06, 0x63, 0x6f, 0x64, 0x65, 0x63, 0x73, 0xda, 0x09, 0x43, 0x6f, 0x64,
    0x65, 0x63, 0x49, 0x6e, 0x66, 0x6f, 0xda, 0x03, 0x6c, 0x65, 0x6e, 0x72, 0x07, 0x00, 0x00, 0x00,
    0x72, 0x0a, 0x00, 0x00, 0x00, 0xda, 0x08, 0x5f, 0x5f, 0x66, 0x69, 0x6c, 0x65, 0x5f, 0x5f, 0xda,
    0x08, 0x63, 0x61, 0x6c, 0x6c, 0x61, 0x62, 0x6c, 0x65, 0xda, 0x05, 0x73, 0x70, 0x6c, 0x69, 0x74,
    0xda, 0x0a, 0x67, 0x65, 0x74, 0x61, 0x6c, 0x69, 0x61, 0x73, 0x65, 0x73, 0x29, 0x0a, 0x72, 0x1d,
    0x00, 0x00, 0x00, 0xda, 0x05, 0x65, 0x6e, 0x74, 0x72, 0x79, 0xda, 0x0d, 0x6e, 0x6f, 0x72, 0x6d,
    0x5f, 0x65, 0x6e, 0x63, 0x6f, 0x64, 0x69, 0x6e, 0x67, 0xda, 0x10, 0x61, 0x6c, 0x69, 0x61, 0x73,
    0x65, 0x64, 0x5f, 0x65, 0x6e, 0x63, 0x6f, 0x64, 0x69, 0x6e, 0x67, 0xda, 0x08, 0x6d, 0x6f, 0x64,
    0x6e, 0x61, 0x6d, 0x65, 0x73, 0xda, 0x07, 0x6d, 0x6f, 0x64, 0x6e, 0x61, 0x6d, 0x65, 0xda, 0x03,
    0x6d, 0x6f, 0x64, 0x72, 0x34, 0x00, 0x00, 0x00, 0xda, 0x0c, 0x63, 0x6f, 0x64, 0x65, 0x63, 0x61,
    0x6c, 0x69, 0x61, 0x73, 0x65, 0x73, 0xda, 0x05, 0x61, 0x6c, 0x69, 0x61, 0x73, 0x73, 0x0a, 0x00,
    0x00, 0x00, 0x20, 0x20, 0x20, 0x20, 0x20, 0x20, 0x20, 0x20, 0x20, 0x20, 0x72, 0x10, 0x00, 0x00,
    0x00, 0xda, 0x0f, 0x73, 0x65, 0x61, 0x72, 0x63, 0x68, 0x5f, 0x66, 0x75, 0x6e, 0x63, 0x74, 0x69,
    0x6f, 0x6e, 0x72, 0x45, 0x00, 0x00, 0x00, 0x47, 0x00, 0x00, 0x00, 0x73, 0xbd, 0x02, 0x00, 0x00,
    0x80, 0x00, 0xf4, 0x06, 0x00, 0x0d, 0x13, 0x8f, 0x4a, 0x89, 0x4a, 0x90, 0x78, 0xa4, 0x18, 0xd3,
    0x0c, 0x2a, 0x80, 0x45, 0xd8, 0x07, 0x0c, 0x94, 0x48, 0xd2, 0x07, 0x1c, 0xd8, 0x0f, 0x14, 0x88,
    0x0c, 0xf4, 0x12, 0x00, 0x15, 0x27, 0xa0, 0x78, 0xd3, 0x14, 0x30, 0x80, 0x4d, 0xdc, 0x17, 0x1f,
    0x97, 0x7c, 0x91, 0x7c, 0xa0, 0x4d, 0xd3, 0x17, 0x32, 0xf7, 0x00, 0x01, 0x18, 0x45, 0x01, 0xdc,
    0x17, 0x1f, 0x97, 0x7c, 0x91, 0x7c, 0xa0, 0x4d, 0xd7, 0x24, 0x39, 0xd1, 0x24, 0x39, 0xb8, 0x23,
    0xb8, 0x73, 0xd3, 0x24, 0x43, 0xd3, 0x17, 0x44, 0xf0, 0x03, 0x00, 0x05, 0x15, 0xe0, 0x07, 0x17,
    0xd1, 0x07, 0x23, 0xd8, 0x14, 0x24, 0xd8, 0x14, 0x21, 0xf0, 0x03, 0x01, 0x14, 0x23, 0x89, 0x08,
    0xf0, 0x06, 0x00, 0x15, 0x22, 0x90, 0x3f, 0x88, 0x08, 0xdb, 0x13, 0x1b, 0x88, 0x07, 0xde, 0x0f,
    0x16, 0x98, 0x23, 0xa0, 0x17, 0x9b, 0x2e, 0xd9, 0x0c, 0x14, 0xf0, 0x02, 0x0a, 0x09, 0x12, 0xf4,
    0x06, 0x00, 0x13, 0x1d, 0x98, 0x5c, 0xa8, 0x47, 0xd1, 0x1d, 0x33, 0xbc, 0x6c, 0xd8, 0x23, 0x24,
    0xf1, 0x03, 0x01, 0x13, 0x26, 0x88, 0x43, 0xf1, 0x0e, 0x00, 0x0d, 0x12, 0xf1, 0x1b, 0x00, 0x14,
    0x1c, 0xf0, 0x1e, 0x00, 0x0f, 0x13, 0x88, 0x03, 0xf0, 0x04, 0x04, 0x05, 0x13, 0xd8, 0x16, 0x19,
    0x97, 0x6f, 0x91, 0x6f, 0x88, 0x0b, 0xf0, 0x0a, 0x00, 0x08, 0x0b, 0x81, 0x7b, 0xe0, 0x1b, 0x1f,
    0x8c, 0x06, 0x88, 0x78, 0xd1, 0x08, 0x18, 0xd8, 0x0f, 0x13, 0xf1, 0x06, 0x00, 0x0d, 0x18, 0x8b,
    0x4d, 0x80, 0x45, 0xdc, 0x0b, 0x15, 0x90, 0x65, 0x9c, 0x56, 0xd7, 0x1d, 0x2d, 0xd1, 0x1d, 0x2d,
    0xd7, 0x0b, 0x2e, 0xd2, 0x0b, 0x2e, 0xd8, 0x0f, 0x10, 0x94, 0x43, 0x98, 0x05, 0x93, 0x4a, 0xd5,
    0x0f, 0x23, 0xa0, 0x21, 0xd5, 0x0f, 0x23, 0xdd, 0x12, 0x24, 0xd8, 0x28, 0x2b, 0xaf, 0x0c, 0xac,
    0x0c, 0xb0, 0x63, 0xb7, 0x6c, 0xb4, 0x6c, 0xf0, 0x03, 0x01, 0x26, 0x44, 0x01, 0xf3, 0x00, 0x01,
    0x13, 0x45, 0x01, 0xf0, 0x00, 0x01, 0x0d, 0x45, 0x01, 0xe4, 0x0f, 0x17, 0x98, 0x05, 0x98, 0x61,
    0x99, 0x08, 0xd7, 0x0f, 0x21, 0xd1, 0x0f, 0x21, 0xac, 0x18, 0xb0, 0x25, 0xb8, 0x01, 0xb1, 0x28,
    0xd7, 0x29, 0x3b, 0xd1, 0x29, 0x3b, 0xd8, 0x0c, 0x11, 0x90, 0x21, 0x89, 0x48, 0xd1, 0x0c, 0x20,
    0xac, 0x18, 0xb0, 0x25, 0xb8, 0x01, 0xb1, 0x28, 0xd7, 0x29, 0x3b, 0xd1, 0x29, 0x3b, 0xd8, 0x0c,
    0x11, 0x90, 0x21, 0x89, 0x48, 0xd1, 0x0c, 0x20, 0xac, 0x18, 0xb0, 0x25, 0xb8, 0x01, 0xb1, 0x28,
    0xd7, 0x29, 0x3b, 0xd1, 0x29, 0x3b, 0xdc, 0x0c, 0x0f, 0x90, 0x05, 0x8b, 0x4a, 0x98, 0x11, 0x8b,
    0x4e, 0x98, 0x75, 0xa0, 0x51, 0x99, 0x78, 0xd1, 0x1f, 0x33, 0xbc, 0x48, 0xc0, 0x55, 0xc8, 0x31,
    0xc1, 0x58, 0xd7, 0x3c, 0x4e, 0xd1, 0x3c, 0x4e, 0xdc, 0x0c, 0x0f, 0x90, 0x05, 0x8b, 0x4a, 0x98,
    0x11, 0x8b, 0x4e, 0x98, 0x75, 0xa0, 0x51, 0x99, 0x78, 0xd1, 0x1f, 0x33, 0xbc, 0x48, 0xc0, 0x55,
    0xc8, 0x31, 0xc1, 0x58, 0xd7, 0x3c, 0x4e, 0xd1, 0x3c, 0x4e, 0xdd, 0x12, 0x24, 0xd8, 0x28, 0x2b,
    0xaf, 0x0c, 0xac, 0x0c, 0xb0, 0x63, 0xb7, 0x6c, 0xb4, 0x6c, 0xf0, 0x03, 0x01, 0x26, 0x44, 0x01,
    0xf3, 0x00, 0x01, 0x13, 0x45, 0x01, 0xf0, 0x00, 0x01, 0x0d, 0x45, 0x01, 0xe4, 0x0b, 0x0e, 0x88,
    0x75, 0x8b, 0x3a, 0x90, 0x61, 0x8b, 0x3c, 0x98, 0x35, 0xa0, 0x11, 0x99, 0x38, 0xd1, 0x1b, 0x2b,
    0xd8, 0x0c, 0x11, 0x90, 0x57, 0x98, 0x61, 0xa4, 0x03, 0xa0, 0x45, 0xa3, 0x0a, 0x99, 0x6c, 0xd1,
    0x15, 0x2b, 0xa8, 0x73, 0xaf, 0x7c, 0xa9, 0x7c, 0xd7, 0x2f, 0x41, 0xd1, 0x2f, 0x41, 0xc0, 0x23,
    0xc0, 0x71, 0xd3, 0x2f, 0x49, 0xc8, 0x21, 0xd1, 0x2f, 0x4c, 0xd0, 0x2e, 0x4e, 0xd1, 0x15, 0x4e,
    0xd1, 0x0c, 0x4e, 0x88, 0x45, 0xdc, 0x10, 0x16, 0xd7, 0x10, 0x20, 0xd2, 0x10, 0x20, 0xa0, 0x25,
    0xd0, 0x10, 0x28, 0x88, 0x05, 0xf0, 0x06, 0x00, 0x18, 0x1d, 0x84, 0x46, 0x88, 0x38, 0xd1, 0x04,
    0x14, 0xf0, 0x08, 0x07, 0x05, 0x2a, 0xd8, 0x17, 0x1a, 0x97, 0x7e, 0x91, 0x7e, 0xd3, 0x17, 0x27,
    0x88, 0x0c, 0xf3, 0x08, 0x00, 0x16, 0x22, 0x88, 0x45, 0xd8, 0x0f, 0x14, 0x9c, 0x48, 0xd5, 0x0f,
    0x24, 0xd8, 0x22, 0x29, 0x94, 0x08, 0x98, 0x15, 0x93, 0x0f, 0xf1, 0x05, 0x00, 0x16, 0x22, 0xf0,
    0x0a, 0x00, 0x0c, 0x11, 0x80, 0x4c, 0xf8, 0xf4, 0x69, 0x01, 0x00, 0x10, 0x1b, 0xf3, 0x00, 0x03,
    0x09, 0x11, 0xf3, 0x06, 0x00, 0x0d, 0x11, 0xf0, 0x07, 0x03, 0x09, 0x11, 0xfb, 0xf4, 0x16, 0x00,
    0x0c, 0x1a, 0xf3, 0x00, 0x02, 0x05, 0x13, 0xe0, 0x0e, 0x12, 0x8b, 0x03, 0xf0, 0x05, 0x02, 0x05,
    0x13, 0xfb, 0xf4, 0x42, 0x01, 0x00, 0x0c, 0x1a, 0xf3, 0x00, 0x01, 0x05, 0x0d, 0xd8, 0x08, 0x0c,
    0xf0, 0x0e, 0x00, 0x0c, 0x11, 0x80, 0x4c, 0xf0, 0x11, 0x01, 0x05, 0x0d, 0xfa, 0x73, 0x36, 0x00,
    0x00, 0x00, 0xc2, 0x12, 0x12, 0x4a, 0x12, 0x02, 0xc2, 0x2b, 0x0c, 0x4a, 0x24, 0x00, 0xc9, 0x22,
    0x10, 0x4a, 0x37, 0x00, 0xca, 0x12, 0x0a, 0x4a, 0x21, 0x05, 0xca, 0x20, 0x01, 0x4a, 0x21, 0x05,
    0xca, 0x24, 0x0c, 0x4a, 0x34, 0x03, 0xca, 0x33, 0x01, 0x4a, 0x34, 0x03, 0xca, 0x37, 0x0a, 0x4b,
    0x05, 0x03, 0xcb, 0x04, 0x01, 0x4b, 0x05, 0x03, 0xda, 0x05, 0x77, 0x69, 0x6e, 0x33, 0x32, 0x63,
    0x01, 0x00, 0x00, 0x00, 0x00, 0x00, 0x00, 0x00, 0x00, 0x00, 0x00, 0x00, 0x04, 0x00, 0x00, 0x00,
    0x03, 0x00, 0x00, 0x00, 0xf3, 0x9a, 0x00, 0x00, 0x00, 0x95, 0x00, 0x1e, 0x00, 0x53, 0x01, 0x53,
    0x00, 0x4b, 0x00, 0x6e, 0x01, 0x53, 0x02, 0x55, 0x01, 0x52, 0x03, 0x00, 0x00, 0x00, 0x00, 0x00,
    0x00, 0x00, 0x00, 0x00, 0x00, 0x00, 0x00, 0x00, 0x00, 0x00, 0x00, 0x00, 0x00, 0x35, 0x00, 0x00,
    0x00, 0x00, 0x00, 0x00, 0x00, 0x2d, 0x06, 0x00, 0x00, 0x6e, 0x02, 0x58, 0x02, 0x3a, 0x58, 0x00,
    0x00, 0x61, 0x1e, 0x00, 0x00, 0x53, 0x01, 0x53, 0x00, 0x4b, 0x02, 0x6e, 0x03, 0x55, 0x03, 0x52,
    0x06, 0x00, 0x00, 0x00, 0x00, 0x00, 0x00, 0x00, 0x00, 0x00, 0x00, 0x00, 0x00, 0x00, 0x00, 0x00,
    0x00, 0x00, 0x00, 0x52, 0x09, 0x00, 0x00, 0x00, 0x00, 0x00, 0x00, 0x00, 0x00, 0x00, 0x00, 0x00,
    0x00, 0x00, 0x00, 0x00, 0x00, 0x00, 0x00, 0x35, 0x00, 0x00, 0x00, 0x00, 0x00, 0x00, 0x00, 0x24,
    0x00, 0x67, 0x00, 0x21, 0x00, 0x5b, 0x0a, 0x00, 0x00, 0x00, 0x00, 0x00, 0x00, 0x00, 0x00, 0x07,
    0x00, 0x61, 0x03, 0x00, 0x00, 0x20, 0x00, 0x1f, 0x00, 0x67, 0x00, 0x66, 0x00, 0x3d, 0x03, 0x1f,
    0x00, 0x66, 0x01, 0x29, 0x03, 0x4e, 0x72, 0x02, 0x00, 0x00, 0x00, 0x7a, 0x04, 0x63, 0x70, 0x25,
    0x73, 0x29, 0x06, 0xda, 0x07, 0x5f, 0x77, 0x69, 0x6e, 0x61, 0x70, 0x69, 0xda, 0x06, 0x47, 0x65,
    0x74, 0x41, 0x43, 0x50, 0xda, 0x0e, 0x65, 0x6e, 0x63, 0x6f, 0x64, 0x69, 0x6e, 0x67, 0x73, 0x2e,
    0x6d, 0x62, 0x63, 0x73, 0xda, 0x04, 0x6d, 0x62, 0x63, 0x73, 0x72, 0x34, 0x00, 0x00, 0x00, 0x72,
    0x33, 0x00, 0x00, 0x00, 0x29, 0x04, 0x72, 0x1d, 0x00, 0x00, 0x00, 0x72, 0x48, 0x00, 0x00, 0x00,
    0xda, 0x0e, 0x61, 0x6e, 0x73, 0x69, 0x5f, 0x63, 0x6f, 0x64, 0x65, 0x5f, 0x70, 0x61, 0x67, 0x65,
    0xda, 0x09, 0x65, 0x6e, 0x63, 0x6f, 0x64, 0x69, 0x6e, 0x67, 0x73, 0x73, 0x04, 0x00, 0x00, 0x00,
    0x20, 0x20, 0x20, 0x20, 0x72, 0x10, 0x00, 0x00, 0x00, 0xda, 0x0b, 0x5f, 0x61, 0x6c, 0x69, 0x61,
    0x73, 0x5f, 0x6d, 0x62, 0x63, 0x73, 0x72, 0x4e, 0x00, 0x00, 0x00, 0xa3, 0x00, 0x00, 0x00, 0x73,
    0x50, 0x00, 0x00, 0x00, 0x80, 0x00, 0xf0, 0x02, 0x08, 0x09, 0x11, 0xdb, 0x0c, 0x1a, 0xd8, 0x1d,
    0x23, 0xa0, 0x67, 0xa7, 0x6e, 0xa1, 0x6e, 0xd3, 0x26, 0x36, 0xd1, 0x1d, 0x36, 0x88, 0x4e, 0xd8,
    0x0f, 0x17, 0xd3, 0x0f, 0x29, 0xdb, 0x10, 0x25, 0xd8, 0x17, 0x20, 0x97, 0x7e, 0x91, 0x7e, 0xd7,
    0x17, 0x31, 0xd1, 0x17, 0x31, 0xd3, 0x17, 0x33, 0xd0, 0x10, 0x33, 0xf0, 0x05, 0x00, 0x10, 0x2a,
    0xf8, 0xf4, 0x06, 0x00, 0x10, 0x1b, 0xf3, 0x00, 0x02, 0x09, 0x11, 0xe1, 0x0c, 0x10, 0xf0, 0x05,
    0x02, 0x09, 0x11, 0xfa, 0x73, 0x0f, 0x00, 0x00, 0x00, 0x82, 0x39, 0x3d, 0x00, 0xbd, 0x0a, 0x41,
    0x0a, 0x03, 0xc1, 0x09, 0x01, 0x41, 0x0a, 0x03, 0x29, 0x11, 0xda, 0x07, 0x5f, 0x5f, 0x64, 0x6f,
    0x63, 0x5f, 0x5f, 0x72, 0x36, 0x00, 0x00, 0x00, 0xda, 0x03, 0x73, 0x79, 0x73, 0x72, 0x15, 0x00,
    0x00, 0x00, 0x72, 0x04, 0x00, 0x00, 0x00, 0x72, 0x2c, 0x00, 0x00, 0x00, 0x72, 0x2e, 0x00, 0x00,
    0x00, 0x72, 0x32, 0x00, 0x00, 0x00, 0x72, 0x2f, 0x00, 0x00, 0x00, 0xda, 0x0b, 0x4c, 0x6f, 0x6f,
    0x6b, 0x75, 0x70, 0x45, 0x72, 0x72, 0x6f, 0x72, 0xda, 0x0b, 0x53, 0x79, 0x73, 0x74, 0x65, 0x6d,
    0x45, 0x72, 0x72, 0x6f, 0x72, 0x72, 0x07, 0x00, 0x00, 0x00, 0x72, 0x21, 0x00, 0x00, 0x00, 0x72,
    0x45, 0x00, 0x00, 0x00, 0xda, 0x08, 0x72, 0x65, 0x67, 0x69, 0x73, 0x74, 0x65, 0x72, 0xda, 0x08,
    0x70, 0x6c, 0x61, 0x74, 0x66, 0x6f, 0x72, 0x6d, 0x72, 0x4e, 0x00, 0x00, 0x00, 0x72, 0x09, 0x00,
    0x00, 0x00, 0x72, 0x0f, 0x00, 0x00, 0x00, 0x72, 0x10, 0x00, 0x00, 0x00, 0xda, 0x08, 0x3c, 0x6d,
    0x6f, 0x64, 0x75, 0x6c, 0x65, 0x3e, 0x72, 0x55, 0x00, 0x00, 0x00, 0x01, 0x00, 0x00, 0x00, 0x73,
    0x7b, 0x00, 0x00, 0x00, 0xf0, 0x03, 0x01, 0x01, 0x01, 0xf1, 0x02, 0x1c, 0x01, 0x04, 0xf3, 0x3c,
    0x00, 0x01, 0x0e, 0xdb, 0x00, 0x0a, 0xdd, 0x00, 0x15, 0xe0, 0x09, 0x0b, 0x80, 0x06, 0xd8, 0x0b,
    0x18, 0x80, 0x08, 0xd8, 0x10, 0x13, 0x88, 0x75, 0x80, 0x0c, 0xd8, 0x0b, 0x12, 0x8f, 0x3f, 0x89,
    0x3f, 0x80, 0x08, 0xf4, 0x04, 0x01, 0x01, 0x09, 0x98, 0x1b, 0xa0, 0x6b, 0xf4, 0x00, 0x01, 0x01,
    0x09, 0xf2, 0x06, 0x1a, 0x01, 0x1a, 0xf2, 0x38, 0x52, 0x01, 0x01, 0x11, 0xf0, 0x6a, 0x02, 0x00,
    0x01, 0x07, 0x87, 0x0f, 0x82, 0x0f, 0x90, 0x0f, 0xd4, 0x00, 0x20, 0xe0, 0x03, 0x06, 0x87, 0x3c,
    0x81, 0x3c, 0x90, 0x37, 0xd3, 0x03, 0x1a, 0xf2, 0x0a, 0x09, 0x05, 0x11, 0xf0, 0x16, 0x00, 0x05,
    0x0b, 0x87, 0x4f, 0x82, 0x4f, 0x90, 0x4b, 0xd5, 0x04, 0x20, 0xf0, 0x21, 0x00, 0x04, 0x1b, 0x72,
    0x0f, 0x00, 0x00, 0x00,
};
/* encodings: 5988 bytes, is_package=1 */

static unsigned char frozen_encodings_aliases[] = {
    0xe3, 0x00, 0x00, 0x00, 0x00, 0x00, 0x00, 0x00, 0x00, 0x00, 0x00, 0x00, 0x00, 0x06, 0x00, 0x00,
    0x00, 0x00, 0x00, 0x00, 0x00, 0xf3, 0xfc, 0x09, 0x00, 0x00, 0x95, 0x00, 0x53, 0x00, 0x72, 0x00,
    0x30, 0x00, 0x53, 0x01, 0x53, 0x02, 0x5f, 0x01, 0x53, 0x03, 0x53, 0x02, 0x5f, 0x01, 0x53, 0x04,
    0x53, 0x02, 0x5f, 0x01, 0x53, 0x05, 0x53, 0x02, 0x5f, 0x01, 0x53, 0x06, 0x53, 0x02, 0x5f, 0x01,
    0x53, 0x07, 0x53, 0x02, 0x5f, 0x01, 0x53, 0x08, 0x53, 0x02, 0x5f, 0x01, 0x53, 0x09, 0x53, 0x02,
    0x5f, 0x01, 0x53, 0x0a, 0x53, 0x02, 0x5f, 0x01, 0x53, 0x0b, 0x53, 0x02, 0x5f, 0x01, 0x53, 0x0c,
    0x53, 0x02, 0x5f, 0x01, 0x53, 0x0d, 0x53, 0x02, 0x5f, 0x01, 0x53, 0x0e, 0x53, 0x0f, 0x5f, 0x01,
    0x53, 0x10, 0x53, 0x0f, 0x5f, 0x01, 0x53, 0x11, 0x53, 0x12, 0x5f, 0x01, 0x53, 0x13, 0x53, 0x12,
    0x5f, 0x01, 0x53, 0x14, 0x53, 0x15, 0x5f, 0x01, 0x30, 0x00, 0x53, 0x16, 0x53, 0x15, 0x5f, 0x01,
    0x53, 0x17, 0x53, 0x18, 0x5f, 0x01, 0x53, 0x19, 0x53, 0x1a, 0x5f, 0x01, 0x53, 0x1b, 0x53, 0x1a,
    0x5f, 0x01, 0x53, 0x1c, 0x53, 0x1a, 0x5f, 0x01, 0x53, 0x1d, 0x53, 0x1a, 0x5f, 0x01, 0x53, 0x1e,
    0x53, 0x1a, 0x5f, 0x01, 0x53, 0x1f, 0x53, 0x1a, 0x5f, 0x01, 0x53, 0x20, 0x53, 0x1a, 0x5f, 0x01,
    0x53, 0x21, 0x53, 0x1a, 0x5f, 0x01, 0x53, 0x22, 0x53, 0x23, 0x5f, 0x01, 0x53, 0x24, 0x53, 0x23,
    0x5f, 0x01, 0x53, 0x25, 0x53, 0x23, 0x5f, 0x01, 0x53, 0x26, 0x53, 0x27, 0x5f, 0x01, 0x53, 0x28,
    0x53, 0x27, 0x5f, 0x01, 0x53, 0x29, 0x53, 0x27, 0x5f, 0x01, 0x53, 0x2a, 0x53, 0x27, 0x5f, 0x01,
    0x45, 0x01, 0x30, 0x00, 0x53, 0x2b, 0x53, 0x2c, 0x5f, 0x01, 0x53, 0x2d, 0x53, 0x2c, 0x5f, 0x01,
    0x53, 0x2e, 0x53, 0x2f, 0x5f, 0x01, 0x53, 0x30, 0x53, 0x2f, 0x5f, 0x01, 0x53, 0x31, 0x53, 0x32,
    0x5f, 0x01, 0x53, 0x33, 0x53, 0x32, 0x5f, 0x01, 0x53, 0x34, 0x53, 0x35, 0x5f, 0x01, 0x53, 0x36,
    0x53, 0x35, 0x5f, 0x01, 0x53, 0x37, 0x53, 0x38, 0x5f, 0x01, 0x53, 0x39, 0x53, 0x38, 0x5f, 0x01,
    0x53, 0x3a, 0x53, 0x3b, 0x5f, 0x01, 0x53, 0x3c, 0x53, 0x3b, 0x5f, 0x01, 0x53, 0x3d, 0x53, 0x3e,
    0x5f, 0x01, 0x53, 0x3f, 0x53, 0x3e, 0x5f, 0x01, 0x53, 0x40, 0x53, 0x41, 0x5f, 0x01, 0x53, 0x42,
    0x53, 0x41, 0x5f, 0x01, 0x53, 0x43, 0x53, 0x44, 0x5f, 0x01, 0x45, 0x01, 0x30, 0x00, 0x53, 0x45,
    0x53, 0x44, 0x5f, 0x01, 0x53, 0x46, 0x53, 0x47, 0x5f, 0x01, 0x53, 0x48, 0x53, 0x47, 0x5f, 0x01,
    0x53, 0x49, 0x53, 0x4a, 0x5f, 0x01, 0x53, 0x4b, 0x53, 0x4a, 0x5f, 0x01, 0x53, 0x4c, 0x53, 0x4a,
    0x5f, 0x01, 0x53, 0x4d, 0x53, 0x4e, 0x5f, 0x01, 0x53, 0x4f, 0x53, 0x4e, 0x5f, 0x01, 0x53, 0x50,
    0x53, 0x4e, 0x5f, 0x01, 0x53, 0x51, 0x53, 0x4e, 0x5f, 0x01, 0x53, 0x52, 0x53, 0x53, 0x5f, 0x01,
    0x53, 0x54, 0x53, 0x53, 0x5f, 0x01, 0x53, 0x55, 0x53, 0x53, 0x5f, 0x01, 0x53, 0x56, 0x53, 0x57,
    0x5f, 0x01, 0x53, 0x58, 0x53, 0x57, 0x5f, 0x01, 0x53, 0x59, 0x53, 0x57, 0x5f, 0x01, 0x53, 0x5a,
    0x53, 0x57, 0x5f, 0x01, 0x45, 0x01, 0x30, 0x00, 0x53, 0x5b, 0x53, 0x57, 0x5f, 0x01, 0x53, 0x5c,
    0x53, 0x5d, 0x5f, 0x01, 0x53, 0x5e, 0x53, 0x5d, 0x5f, 0x01, 0x53, 0x5f, 0x53, 0x5d, 0x5f, 0x01,
    0x53, 0x60, 0x53, 0x61, 0x5f, 0x01, 0x53, 0x62, 0x53, 0x61, 0x5f, 0x01, 0x53, 0x63, 0x53, 0x61,
    0x5f, 0x01, 0x53, 0x64, 0x53, 0x65, 0x5f, 0x01, 0x53, 0x66, 0x53, 0x65, 0x5f, 0x01, 0x53, 0x67,
    0x53, 0x65, 0x5f, 0x01, 0x53, 0x68, 0x53, 0x69, 0x5f, 0x01, 0x53, 0x6a, 0x53, 0x69, 0x5f, 0x01,
    0x53, 0x6b, 0x53, 0x69, 0x5f, 0x01, 0x53, 0x6c, 0x53, 0x6d, 0x5f, 0x01, 0x53, 0x6e, 0x53, 0x6d,
    0x5f, 0x01, 0x53, 0x6f, 0x53, 0x6d, 0x5f, 0x01, 0x53, 0x70, 0x53, 0x71, 0x5f, 0x01, 0x45, 0x01,
    0x30, 0x00, 0x53, 0x72, 0x53, 0x71, 0x5f, 0x01, 0x53, 0x73, 0x53, 0x71, 0x5f, 0x01, 0x53, 0x74,
    0x53, 0x75, 0x5f, 0x01, 0x53, 0x76, 0x53, 0x75, 0x5f, 0x01, 0x53, 0x77, 0x53, 0x75, 0x5f, 0x01,
    0x53, 0x78, 0x53, 0x79, 0x5f, 0x01, 0x53, 0x7a, 0x53, 0x79, 0x5f, 0x01, 0x53, 0x7b, 0x53, 0x79,
    0x5f, 0x01, 0x53, 0x7c, 0x53, 0x79, 0x5f, 0x01, 0x53, 0x7d, 0x53, 0x7e, 0x5f, 0x01, 0x53, 0x7f,
    0x53, 0x7e, 0x5f, 0x01, 0x53, 0x80, 0x53, 0x7e, 0x5f, 0x01, 0x53, 0x81, 0x53, 0x82, 0x5f, 0x01,
    0x53, 0x83, 0x53, 0x82, 0x5f, 0x01, 0x53, 0x84, 0x53, 0x82, 0x5f, 0x01, 0x53, 0x85, 0x53, 0x86,
    0x5f, 0x01, 0x53, 0x87, 0x53, 0x86, 0x5f, 0x01, 0x45, 0x01, 0x30, 0x00, 0x53, 0x88, 0x53, 0x86,
    0x5f, 0x01, 0x53, 0x89, 0x53, 0x8a, 0x5f, 0x01, 0x53, 0x8b, 0x53, 0x8a, 0x5f, 0x01, 0x53, 0x8c,
    0x53, 0x8a, 0x5f, 0x01, 0x53, 0x8d, 0x53, 0x8e, 0x5f, 0x01, 0x53, 0x8f, 0x53, 0x8e, 0x5f, 0x01,
    0x53, 0x90, 0x53, 0x8e, 0x5f, 0x01, 0x53, 0x91, 0x53, 0x92, 0x5f, 0x01, 0x53, 0x93, 0x53, 0x92,
    0x5f, 0x01, 0x53, 0x94, 0x53, 0x92, 0x5f, 0x01, 0x53, 0x95, 0x53, 0x92, 0x5f, 0x01, 0x53, 0x96,
    0x53, 0x97, 0x5f, 0x01, 0x53, 0x98, 0x53, 0x97, 0x5f, 0x01, 0x53, 0x99, 0x53, 0x97, 0x5f, 0x01,
    0x53, 0x9a, 0x53, 0x97, 0x5f, 0x01, 0x53, 0x9b, 0x53, 0x97, 0x5f, 0x01, 0x53, 0x9c, 0x53, 0x9d,
    0x5f, 0x01, 0x45, 0x01, 0x30, 0x00, 0x53, 0x9e, 0x53, 0x9d, 0x5f, 0x01, 0x53, 0x9f, 0x53, 0x9d,
    0x5f, 0x01, 0x53, 0xa0, 0x53, 0xa1, 0x5f, 0x01, 0x53, 0xa2, 0x53, 0xa1, 0x5f, 0x01, 0x53, 0xa3,
    0x53, 0xa4, 0x5f, 0x01, 0x53, 0xa5, 0x53, 0xa4, 0x5f, 0x01, 0x53, 0xa6, 0x53, 0xa4, 0x5f, 0x01,
    0x53, 0xa7, 0x53, 0xa8, 0x5f, 0x01, 0x53, 0xa9, 0x53, 0xaa, 0x5f, 0x01, 0x53, 0xab, 0x53, 0xaa,
    0x5f, 0x01, 0x53, 0xac, 0x53, 0xaa, 0x5f, 0x01, 0x53, 0xad, 0x53, 0xae, 0x5f, 0x01, 0x53, 0xaf,
    0x53, 0xae, 0x5f, 0x01, 0x53, 0xb0, 0x53, 0xae, 0x5f, 0x01, 0x53, 0xb1, 0x53, 0xae, 0x5f, 0x01,
    0x53, 0xb2, 0x53, 0xae, 0x5f, 0x01, 0x53, 0xb3, 0x53, 0xae, 0x5f, 0x01, 0x45, 0x01, 0x30, 0x00,
    0x53, 0xb4, 0x53, 0xae, 0x5f, 0x01, 0x53, 0xb5, 0x53, 0xb6, 0x5f, 0x01, 0x53, 0xb7, 0x53, 0xb8,
    0x5f, 0x01, 0x53, 0xb9, 0x53, 0xb8, 0x5f, 0x01, 0x53, 0xba, 0x53, 0xb8, 0x5f, 0x01, 0x53, 0xbb,
    0x53, 0xb8, 0x5f, 0x01, 0x53, 0xbc, 0x53, 0xb8, 0x5f, 0x01, 0x53, 0xbd, 0x53, 0xb8, 0x5f, 0x01,
    0x53, 0xbe, 0x53, 0xb8, 0x5f, 0x01, 0x53, 0xbf, 0x53, 0xb8, 0x5f, 0x01, 0x53, 0xc0, 0x53, 0xc1,
    0x5f, 0x01, 0x53, 0xc2, 0x53, 0xc1, 0x5f, 0x01, 0x53, 0xc3, 0x53, 0xc1, 0x5f, 0x01, 0x53, 0xc4,
    0x53, 0xc5, 0x5f, 0x01, 0x53, 0xc6, 0x53, 0xc7, 0x5f, 0x01, 0x53, 0xc8, 0x53, 0xc7, 0x5f, 0x01,
    0x53, 0xc9, 0x53, 0xc7, 0x5f, 0x01, 0x45, 0x01, 0x30, 0x00, 0x53, 0xca, 0x53, 0xc7, 0x5f, 0x01,
    0x53, 0xcb, 0x53, 0xc7, 0x5f, 0x01, 0x53, 0xcc, 0x53, 0xcd, 0x5f, 0x01, 0x53, 0xce, 0x53, 0xcd,
    0x5f, 0x01, 0x53, 0xcf, 0x53, 0xcd, 0x5f, 0x01, 0x53, 0xd0, 0x53, 0xd1, 0x5f, 0x01, 0x53, 0xd2,
    0x53, 0xd1, 0x5f, 0x01, 0x53, 0xd3, 0x53, 0xd1, 0x5f, 0x01, 0x53, 0xd4, 0x53, 0xd5, 0x5f, 0x01,
    0x53, 0xd6, 0x53, 0xd5, 0x5f, 0x01, 0x53, 0xd7, 0x53, 0xd8, 0x5f, 0x01, 0x53, 0xd9, 0x53, 0xd8,
    0x5f, 0x01, 0x53, 0xda, 0x53, 0xdb, 0x5f, 0x01, 0x53, 0xdc, 0x53, 0xdb, 0x5f, 0x01, 0x53, 0xdd,
    0x53, 0xde, 0x5f, 0x01, 0x53, 0xdf, 0x53, 0xde, 0x5f, 0x01, 0x53, 0xe0, 0x53, 0xe1, 0x5f, 0x01,
    0x45, 0x01, 0x30, 0x00, 0x53, 0xe2, 0x53, 0xe1, 0x5f, 0x01, 0x53, 0xe3, 0x53, 0xe4, 0x5f, 0x01,
    0x53, 0xe5, 0x53, 0xe4, 0x5f, 0x01, 0x53, 0xe6, 0x53, 0xe4, 0x5f, 0x01, 0x53, 0xe7, 0x53, 0xe8,
    0x5f, 0x01, 0x53, 0xe9, 0x53, 0xe8, 0x5f, 0x01, 0x53, 0xea, 0x53, 0xe8, 0x5f, 0x01, 0x53, 0xeb,
    0x53, 0xe8, 0x5f, 0x01, 0x53, 0xec, 0x53, 0xe8, 0x5f, 0x01, 0x53, 0xed, 0x53, 0xe8, 0x5f, 0x01,
    0x53, 0xee, 0x53, 0xef, 0x5f, 0x01, 0x53, 0xf0, 0x53, 0xef, 0x5f, 0x01, 0x53, 0xf1, 0x53, 0xef,
    0x5f, 0x01, 0x53, 0xf2, 0x53, 0xf3, 0x5f, 0x01, 0x53, 0xf4, 0x53, 0xf3, 0x5f, 0x01, 0x53, 0xf5,
    0x53, 0xf3, 0x5f, 0x01, 0x53, 0xf6, 0x53, 0xf7, 0x5f, 0x01, 0x45, 0x01, 0x30, 0x00, 0x53, 0xf8,
    0x53, 0xf7, 0x5f, 0x01, 0x53, 0xf9, 0x53, 0xf7, 0x5f, 0x01, 0x53, 0xfa, 0x53, 0xf7, 0x5f, 0x01,
    0x53, 0xfb, 0x53, 0xf7, 0x5f, 0x01, 0x53, 0xfc, 0x53, 0xf7, 0x5f, 0x01, 0x53, 0xfd, 0x53, 0xfe,
    0x5f, 0x01, 0x53, 0xff, 0x53, 0xfe, 0x5f, 0x01, 0x47, 0x01, 0x53, 0x00, 0x53, 0xfe, 0x5f, 0x01,
    0x47, 0x01, 0x53, 0x01, 0x47, 0x01, 0x53, 0x02, 0x5f, 0x01, 0x47, 0x01, 0x53, 0x03, 0x47, 0x01,
    0x53, 0x02, 0x5f, 0x01, 0x47, 0x01, 0x53, 0x04, 0x47, 0x01, 0x53, 0x02, 0x5f, 0x01, 0x47, 0x01,
    0x53, 0x05, 0x47, 0x01, 0x53, 0x02, 0x5f, 0x01, 0x47, 0x01, 0x53, 0x06, 0x47, 0x01, 0x53, 0x02,
    0x5f, 0x01, 0x47, 0x01, 0x53, 0x07, 0x47, 0x01, 0x53, 0x08, 0x5f, 0x01, 0x47, 0x01, 0x53, 0x09,
    0x47, 0x01, 0x53, 0x08, 0x5f, 0x01, 0x47, 0x01, 0x53, 0x0a, 0x47, 0x01, 0x53, 0x08, 0x5f, 0x01,
    0x47, 0x01, 0x53, 0x0b, 0x47, 0x01, 0x53, 0x08, 0x5f, 0x01, 0x45, 0x01, 0x30, 0x00, 0x47, 0x01,
    0x53, 0x0c, 0x47, 0x01, 0x53, 0x08, 0x5f, 0x01, 0x47, 0x01, 0x53, 0x0d, 0x47, 0x01, 0x53, 0x08,
    0x5f, 0x01, 0x47, 0x01, 0x53, 0x0e, 0x47, 0x01, 0x53, 0x0f, 0x5f, 0x01, 0x47, 0x01, 0x53, 0x10,
    0x47, 0x01, 0x53, 0x0f, 0x5f, 0x01, 0x47, 0x01, 0x53, 0x11, 0x47, 0x01, 0x53, 0x0f, 0x5f, 0x01,
    0x47, 0x01, 0x53, 0x12, 0x47, 0x01, 0x53, 0x0f, 0x5f, 0x01, 0x47, 0x01, 0x53, 0x13, 0x47, 0x01,
    0x53, 0x0f, 0x5f, 0x01, 0x47, 0x01, 0x53, 0x14, 0x47, 0x01, 0x53, 0x0f, 0x5f, 0x01, 0x47, 0x01,
    0x53, 0x15, 0x47, 0x01, 0x53, 0x16, 0x5f, 0x01, 0x47, 0x01, 0x53, 0x17, 0x47, 0x01, 0x53, 0x16,
    0x5f, 0x01, 0x47, 0x01, 0x53, 0x18, 0x47, 0x01, 0x53, 0x16, 0x5f, 0x01, 0x47, 0x01, 0x53, 0x19,
    0x47, 0x01, 0x53, 0x16, 0x5f, 0x01, 0x47, 0x01, 0x53, 0x1a, 0x47, 0x01, 0x53, 0x16, 0x5f, 0x01,
    0x47, 0x01, 0x53, 0x1b, 0x47, 0x01, 0x53, 0x16, 0x5f, 0x01, 0x47, 0x01, 0x53, 0x1c, 0x47, 0x01,
    0x53, 0x1d, 0x5f, 0x01, 0x47, 0x01, 0x53, 0x1e, 0x47, 0x01, 0x53, 0x1d, 0x5f, 0x01, 0x47, 0x01,
    0x53, 0x1f, 0x47, 0x01, 0x53, 0x1d, 0x5f, 0x01, 0x45, 0x01, 0x30, 0x00, 0x47, 0x01, 0x53, 0x20,
    0x47, 0x01, 0x53, 0x1d, 0x5f, 0x01, 0x47, 0x01, 0x53, 0x21, 0x47, 0x01, 0x53, 0x1d, 0x5f, 0x01,
    0x47, 0x01, 0x53, 0x22, 0x47, 0x01, 0x53, 0x23, 0x5f, 0x01, 0x47, 0x01, 0x53, 0x24, 0x47, 0x01,
    0x53, 0x23, 0x5f, 0x01, 0x47, 0x01, 0x53, 0x25, 0x47, 0x01, 0x53, 0x23, 0x5f, 0x01, 0x47, 0x01,
    0x53, 0x26, 0x47, 0x01, 0x53, 0x23, 0x5f, 0x01, 0x47, 0x01, 0x53, 0x27, 0x47, 0x01, 0x53, 0x23,
    0x5f, 0x01, 0x47, 0x01, 0x53, 0x28, 0x47, 0x01, 0x53, 0x23, 0x5f, 0x01, 0x47, 0x01, 0x53, 0x29,
    0x47, 0x01, 0x53, 0x23, 0x5f, 0x01, 0x47, 0x01, 0x53, 0x2a, 0x47, 0x01, 0x53, 0x2b, 0x5f, 0x01,
    0x47, 0x01, 0x53, 0x2c, 0x47, 0x01, 0x53, 0x2b, 0x5f, 0x01, 0x47, 0x01, 0x53, 0x2d, 0x47, 0x01,
    0x53, 0x2b, 0x5f, 0x01, 0x47, 0x01, 0x53, 0x2e, 0x47, 0x01, 0x53, 0x2b, 0x5f, 0x01, 0x47, 0x01,
    0x53, 0x2f, 0x47, 0x01, 0x53, 0x2b, 0x5f, 0x01, 0x47, 0x01, 0x53, 0x30, 0x47, 0x01, 0x53, 0x2b,
    0x5f, 0x01, 0x47, 0x01, 0x53, 0x31, 0x47, 0x01, 0x53, 0x2b, 0x5f, 0x01, 0x47, 0x01, 0x53, 0x32,
    0x47, 0x01, 0x53, 0x2b, 0x5f, 0x01, 0x45, 0x01, 0x30, 0x00, 0x47, 0x01, 0x53, 0x33, 0x47, 0x01,
    0x53, 0x34, 0x5f, 0x01, 0x47, 0x01, 0x53, 0x35, 0x47, 0x01, 0x53, 0x34, 0x5f, 0x01, 0x47, 0x01,
    0x53, 0x36, 0x47, 0x01, 0x53, 0x34, 0x5f, 0x01, 0x47, 0x01, 0x53, 0x37, 0x47, 0x01, 0x53, 0x34,
    0x5f, 0x01, 0x47, 0x01, 0x53, 0x38, 0x47, 0x01, 0x53, 0x34, 0x5f, 0x01, 0x47, 0x01, 0x53, 0x39,
    0x47, 0x01, 0x53, 0x3a, 0x5f, 0x01, 0x47, 0x01, 0x53, 0x3b, 0x47, 0x01, 0x53, 0x3a, 0x5f, 0x01,
    0x47, 0x01, 0x53, 0x3c, 0x47, 0x01, 0x53, 0x3a, 0x5f, 0x01, 0x47, 0x01, 0x53, 0x3d, 0x47, 0x01,
    0x53, 0x3a, 0x5f, 0x01, 0x47, 0x01, 0x53, 0x3e, 0x47, 0x01, 0x53, 0x3a, 0x5f, 0x01, 0x47, 0x01,
    0x53, 0x3f, 0x47, 0x01, 0x53, 0x3a, 0x5f, 0x01, 0x47, 0x01, 0x53, 0x40, 0x47, 0x01, 0x53, 0x41,
    0x5f, 0x01, 0x47, 0x01, 0x53, 0x42, 0x47, 0x01, 0x53, 0x41, 0x5f, 0x01, 0x47, 0x01, 0x53, 0x43,
    0x47, 0x01, 0x53, 0x44, 0x5f, 0x01, 0x47, 0x01, 0x53, 0x45, 0x47, 0x01, 0x53, 0x46, 0x5f, 0x01,
    0x47, 0x01, 0x53, 0x47, 0x47, 0x01, 0x53, 0x46, 0x5f, 0x01, 0x47, 0x01, 0x53, 0x48, 0x47, 0x01,
    0x53, 0x46, 0x5f, 0x01, 0x45, 0x01, 0x30, 0x00, 0x47, 0x01, 0x53, 0x49, 0x47, 0x01, 0x53, 0x4a,
    0x5f, 0x01, 0x47, 0x01, 0x53, 0x4b, 0x47, 0x01, 0x53, 0x4a, 0x5f, 0x01, 0x47, 0x01, 0x53, 0x4c,
    0x47, 0x01, 0x53, 0x4a, 0x5f, 0x01, 0x47, 0x01, 0x53, 0x4d, 0x47, 0x01, 0x53, 0x4a, 0x5f, 0x01,
    0x47, 0x01, 0x53, 0x4e, 0x47, 0x01, 0x53, 0x4a, 0x5f, 0x01, 0x47, 0x01, 0x53, 0x4f, 0x47, 0x01,
    0x53, 0x4a, 0x5f, 0x01, 0x47, 0x01, 0x53, 0x50, 0x47, 0x01, 0x53, 0x4a, 0x5f, 0x01, 0x47, 0x01,
    0x53, 0x51, 0x47, 0x01, 0x53, 0x4a, 0x5f, 0x01, 0x47, 0x01, 0x53, 0x52, 0x47, 0x01, 0x53, 0x4a,
    0x5f, 0x01, 0x47, 0x01, 0x53, 0x53, 0x47, 0x01, 0x53, 0x4a, 0x5f, 0x01, 0x47, 0x01, 0x53, 0x54,
    0x47, 0x01, 0x53, 0x4a, 0x5f, 0x01, 0x47, 0x01, 0x53, 0x55, 0x47, 0x01, 0x53, 0x4a, 0x5f, 0x01,
    0x47, 0x01, 0x53, 0x56, 0x47, 0x01, 0x53, 0x57, 0x5f, 0x01, 0x47, 0x01, 0x53, 0x58, 0x47, 0x01,
    0x53, 0x59, 0x5f, 0x01, 0x47, 0x01, 0x53, 0x5a, 0x47, 0x01, 0x53, 0x5b, 0x5f, 0x01, 0x47, 0x01,
    0x53, 0x5c, 0x47, 0x01, 0x53, 0x5d, 0x5f, 0x01, 0x47, 0x01, 0x53, 0x5e, 0x47, 0x01, 0x53, 0x5d,
    0x5f, 0x01, 0x45, 0x01, 0x30, 0x00, 0x47, 0x01, 0x53, 0x5f, 0x47, 0x01, 0x53, 0x5d, 0x5f, 0x01,
    0x47, 0x01, 0x53, 0x60, 0x47, 0x01, 0x53, 0x61, 0x5f, 0x01, 0x47, 0x01, 0x53, 0x62, 0x47, 0x01,
    0x53, 0x61, 0x5f, 0x01, 0x47, 0x01, 0x53, 0x63, 0x47, 0x01, 0x53, 0x64, 0x5f, 0x01, 0x47, 0x01,
    0x53, 0x65, 0x47, 0x01, 0x53, 0x66, 0x5f, 0x01, 0x47, 0x01, 0x53, 0x67, 0x47, 0x01, 0x53, 0x66,
    0x5f, 0x01, 0x47, 0x01, 0x53, 0x68, 0x47, 0x01, 0x53, 0x69, 0x5f, 0x01, 0x47, 0x01, 0x53, 0x6a,
    0x47, 0x01, 0x53, 0x69, 0x5f, 0x01, 0x47, 0x01, 0x53, 0x6b, 0x47, 0x01, 0x53, 0x69, 0x5f, 0x01,
    0x47, 0x01, 0x53, 0x6c, 0x47, 0x01, 0x53, 0x69, 0x5f, 0x01, 0x47, 0x01, 0x53, 0x6d, 0x47, 0x01,
    0x53, 0x6e, 0x5f, 0x01, 0x47, 0x01, 0x53, 0x6f, 0x47, 0x01, 0x53, 0x6e, 0x5f, 0x01, 0x47, 0x01,
    0x53, 0x70, 0x47, 0x01, 0x53, 0x6e, 0x5f, 0x01, 0x47, 0x01, 0x53, 0x71, 0x47, 0x01, 0x53, 0x72,
    0x5f, 0x01, 0x47, 0x01, 0x53, 0x73, 0x47, 0x01, 0x53, 0x74, 0x5f, 0x01, 0x47, 0x01, 0x53, 0x75,
    0x47, 0x01, 0x53, 0x74, 0x5f, 0x01, 0x47, 0x01, 0x53, 0x76, 0x47, 0x01, 0x53, 0x74, 0x5f, 0x01,
    0x45, 0x01, 0x30, 0x00, 0x47, 0x01, 0x53, 0x77, 0x47, 0x01, 0x53, 0x74, 0x5f, 0x01, 0x47, 0x01,
    0x53, 0x78, 0x47, 0x01, 0x53, 0x79, 0x5f, 0x01, 0x47, 0x01, 0x53, 0x7a, 0x47, 0x01, 0x53, 0x79,
    0x5f, 0x01, 0x47, 0x01, 0x53, 0x7b, 0x47, 0x01, 0x53, 0x79, 0x5f, 0x01, 0x47, 0x01, 0x53, 0x7c,
    0x47, 0x01, 0x53, 0x7d, 0x5f, 0x01, 0x47, 0x01, 0x53, 0x7e, 0x47, 0x01, 0x53, 0x7d, 0x5f, 0x01,
    0x47, 0x01, 0x53, 0x7f, 0x47, 0x01, 0x53, 0x7d, 0x5f, 0x01, 0x47, 0x01, 0x53, 0x80, 0x47, 0x01,
    0x53, 0x81, 0x5f, 0x01, 0x47, 0x01, 0x53, 0x82, 0x47, 0x01, 0x53, 0x81, 0x5f, 0x01, 0x47, 0x01,
    0x53, 0x83, 0x47, 0x01, 0x53, 0x81, 0x5f, 0x01, 0x47, 0x01, 0x53, 0x84, 0x47, 0x01, 0x53, 0x81,
    0x5f, 0x01, 0x47, 0x01, 0x53, 0x85, 0x47, 0x01, 0x53, 0x81, 0x5f, 0x01, 0x47, 0x01, 0x53, 0x86,
    0x47, 0x01, 0x53, 0x87, 0x5f, 0x01, 0x47, 0x01, 0x53, 0x88, 0x47, 0x01, 0x53, 0x87, 0x5f, 0x01,
    0x47, 0x01, 0x53, 0x89, 0x47, 0x01, 0x53, 0x8a, 0x5f, 0x01, 0x47, 0x01, 0x53, 0x8b, 0x47, 0x01,
    0x53, 0x8a, 0x5f, 0x01, 0x47, 0x01, 0x53, 0x8c, 0x47, 0x01, 0x53, 0x8d, 0x5f, 0x01, 0x45, 0x01,
    0x30, 0x00, 0x47, 0x01, 0x53, 0x8e, 0x47, 0x01, 0x53, 0x8d, 0x5f, 0x01, 0x47, 0x01, 0x53, 0x8f,
    0x47, 0x01, 0x53, 0x90, 0x5f, 0x01, 0x47, 0x01, 0x53, 0x91, 0x47, 0x01, 0x53, 0x90, 0x5f, 0x01,
    0x47, 0x01, 0x53, 0x92, 0x47, 0x01, 0x53, 0x93, 0x5f, 0x01, 0x47, 0x01, 0x53, 0x94, 0x47, 0x01,
    0x53, 0x95, 0x5f, 0x01, 0x47, 0x01, 0x53, 0x96, 0x47, 0x01, 0x53, 0x97, 0x5f, 0x01, 0x47, 0x01,
    0x53, 0x98, 0x47, 0x01, 0x53, 0x97, 0x5f, 0x01, 0x47, 0x01, 0x53, 0x99, 0x47, 0x01, 0x53, 0x97,
    0x5f, 0x01, 0x47, 0x01, 0x53, 0x9a, 0x47, 0x01, 0x53, 0x9b, 0x5f, 0x01, 0x47, 0x01, 0x53, 0x9c,
    0x47, 0x01, 0x53, 0x9b, 0x5f, 0x01, 0x47, 0x01, 0x53, 0x9d, 0x47, 0x01, 0x53, 0x9b, 0x5f, 0x01,
    0x47, 0x01, 0x53, 0x9e, 0x47, 0x01, 0x53, 0x9b, 0x5f, 0x01, 0x47, 0x01, 0x53, 0x9f, 0x47, 0x01,
    0x53, 0x9b, 0x5f, 0x01, 0x47, 0x01, 0x53, 0xa0, 0x47, 0x01, 0x53, 0x9b, 0x5f, 0x01, 0x47, 0x01,
    0x53, 0xa1, 0x47, 0x01, 0x53, 0xa2, 0x5f, 0x01, 0x47, 0x01, 0x53, 0xa3, 0x47, 0x01, 0x53, 0xa4,
    0x5f, 0x01, 0x47, 0x01, 0x53, 0xa5, 0x47, 0x01, 0x53, 0xa4, 0x5f, 0x01, 0x45, 0x01, 0x47, 0x01,
    0x53, 0x74, 0x53, 0xae, 0x53, 0xb8, 0x53, 0x12, 0x47, 0x01, 0x53, 0xa6, 0x2e, 0x04, 0x45, 0x01,
    0x72, 0x01, 0x47, 0x01, 0x67, 0xa7, 0x28, 0xa8, 0x01, 0x00, 0x00, 0x61, 0x13, 0x02, 0x00, 0x00,
    0x45, 0x6e, 0x63, 0x6f, 0x64, 0x69, 0x6e, 0x67, 0x20, 0x41, 0x6c, 0x69, 0x61, 0x73, 0x65, 0x73,
    0x20, 0x53, 0x75, 0x70, 0x70, 0x6f, 0x72, 0x74, 0x0a, 0x0a, 0x54, 0x68, 0x69, 0x73, 0x20, 0x6d,
    0x6f, 0x64, 0x75, 0x6c, 0x65, 0x20, 0x69, 0x73, 0x20, 0x75, 0x73, 0x65, 0x64, 0x20, 0x62, 0x79,
    0x20, 0x74, 0x68, 0x65, 0x20, 0x65, 0x6e, 0x63, 0x6f, 0x64, 0x69, 0x6e, 0x67, 0x73, 0x20, 0x70,
    0x61, 0x63, 0x6b, 0x61, 0x67, 0x65, 0x20, 0x73, 0x65, 0x61, 0x72, 0x63, 0x68, 0x20, 0x66, 0x75,
    0x6e, 0x63, 0x74, 0x69, 0x6f, 0x6e, 0x20, 0x74, 0x6f, 0x0a, 0x6d, 0x61, 0x70, 0x20, 0x65, 0x6e,
    0x63, 0x6f, 0x64, 0x69, 0x6e, 0x67, 0x73, 0x20, 0x6e, 0x61, 0x6d, 0x65, 0x73, 0x20, 0x74, 0x6f,
    0x20, 0x6d, 0x6f, 0x64, 0x75, 0x6c, 0x65, 0x20, 0x6e, 0x61, 0x6d, 0x65, 0x73, 0x2e, 0x0a, 0x0a,
    0x4e, 0x6f, 0x74, 0x65, 0x20, 0x74, 0x68, 0x61, 0x74, 0x20, 0x74, 0x68, 0x65, 0x20, 0x73, 0x65,
    0x61, 0x72, 0x63, 0x68, 0x20, 0x66, 0x75, 0x6e, 0x63, 0x74, 0x69, 0x6f, 0x6e, 0x20, 0x6e, 0x6f,
    0x72, 0x6d, 0x61, 0x6c, 0x69, 0x7a, 0x65, 0x73, 0x20, 0x74, 0x68, 0x65, 0x20, 0x65, 0x6e, 0x63,
    0x6f, 0x64, 0x69, 0x6e, 0x67, 0x20, 0x6e, 0x61, 0x6d, 0x65, 0x73, 0x20, 0x62, 0x65, 0x66, 0x6f,
    0x72, 0x65, 0x0a, 0x64, 0x6f, 0x69, 0x6e, 0x67, 0x20, 0x74, 0x68, 0x65, 0x20, 0x6c, 0x6f, 0x6f,
    0x6b, 0x75, 0x70, 0x2c, 0x20, 0x73, 0x6f, 0x20, 0x74, 0x68, 0x65, 0x20, 0x6d, 0x61, 0x70, 0x70,
    0x69, 0x6e, 0x67, 0x20, 0x77, 0x69, 0x6c, 0x6c, 0x20, 0x68, 0x61, 0x76, 0x65, 0x20, 0x74, 0x6f,
    0x20, 0x6d, 0x61, 0x70, 0x20, 0x6e, 0x6f, 0x72, 0x6d, 0x61, 0x6c, 0x69, 0x7a, 0x65, 0x64, 0x0a,
    0x65, 0x6e, 0x63, 0x6f, 0x64, 0x69, 0x6e, 0x67, 0x20, 0x6e, 0x61, 0x6d, 0x65, 0x73, 0x20, 0x74,
    0x6f, 0x20, 0x6d, 0x6f, 0x64, 0x75, 0x6c, 0x65, 0x20, 0x6e, 0x61, 0x6d, 0x65, 0x73, 0x2e, 0x0a,
    0x0a, 0x43, 0x6f, 0x6e, 0x74, 0x65, 0x6e, 0x74, 0x73, 0x3a, 0x0a, 0x0a, 0x20, 0x20, 0x20, 0x20,
    0x54, 0x68, 0x65, 0x20, 0x66, 0x6f, 0x6c, 0x6c, 0x6f, 0x77, 0x69, 0x6e, 0x67, 0x20, 0x61, 0x6c,
    0x69, 0x61, 0x73, 0x65, 0x73, 0x20, 0x64, 0x69, 0x63, 0x74, 0x69, 0x6f, 0x6e, 0x61, 0x72, 0x79,
    0x20, 0x63, 0x6f, 0x6e, 0x74, 0x61, 0x69, 0x6e, 0x73, 0x20, 0x6d, 0x61, 0x70, 0x70, 0x69, 0x6e,
    0x67, 0x73, 0x20, 0x6f, 0x66, 0x20, 0x61, 0x6c, 0x6c, 0x20, 0x49, 0x41, 0x4e, 0x41, 0x0a, 0x20,
    0x20, 0x20, 0x20, 0x63, 0x68, 0x61, 0x72, 0x61, 0x63, 0x74, 0x65, 0x72, 0x20, 0x73, 0x65, 0x74,
    0x20, 0x6e, 0x61, 0x6d, 0x65, 0x73, 0x20, 0x66, 0x6f, 0x72, 0x20, 0x77, 0x68, 0x69, 0x63, 0x68,
    0x20, 0x74, 0x68, 0x65, 0x20, 0x50, 0x79, 0x74, 0x68, 0x6f, 0x6e, 0x20, 0x63, 0x6f, 0x72, 0x65,
    0x20, 0x6c, 0x69, 0x62, 0x72, 0x61, 0x72, 0x79, 0x20, 0x70, 0x72, 0x6f, 0x76, 0x69, 0x64, 0x65,
    0x73, 0x0a, 0x20, 0x20, 0x20, 0x20, 0x63, 0x6f, 0x64, 0x65, 0x63, 0x73, 0x2e, 0x20, 0x49, 0x6e,
    0x20, 0x61, 0x64, 0x64, 0x69, 0x74, 0x69, 0x6f, 0x6e, 0x20, 0x74, 0x6f, 0x20, 0x74, 0x68, 0x65,
    0x73, 0x65, 0x2c, 0x20, 0x61, 0x20, 0x66, 0x65, 0x77, 0x20, 0x50, 0x79, 0x74, 0x68, 0x6f, 0x6e,
    0x20, 0x73, 0x70, 0x65, 0x63, 0x69, 0x66, 0x69, 0x63, 0x20, 0x63, 0x6f, 0x64, 0x65, 0x63, 0x0a,
    0x20, 0x20, 0x20, 0x20, 0x61, 0x6c, 0x69, 0x61, 0x73, 0x65, 0x73, 0x20, 0x68, 0x61, 0x76, 0x65,
    0x20, 0x61, 0x6c, 0x73, 0x6f, 0x20, 0x62, 0x65, 0x65, 0x6e, 0x20, 0x61, 0x64, 0x64, 0x65, 0x64,
    0x2e, 0x0a, 0x0a, 0xda, 0x03, 0x36, 0x34, 0x36, 0xda, 0x05, 0x61, 0x73, 0x63, 0x69, 0x69, 0x7a,
    0x0e, 0x61, 0x6e, 0x73, 0x69, 0x5f, 0x78, 0x33, 0x2e, 0x34, 0x5f, 0x31, 0x39, 0x36, 0x38, 0xda,
    0x0e, 0x61, 0x6e, 0x73, 0x69, 0x5f, 0x78, 0x33, 0x5f, 0x34, 0x5f, 0x31, 0x39, 0x36, 0x38, 0x7a,
    0x0e, 0x61, 0x6e, 0x73, 0x69, 0x5f, 0x78, 0x33, 0x2e, 0x34, 0x5f, 0x31, 0x39, 0x38, 0x36, 0xda,
    0x05, 0x63, 0x70, 0x33, 0x36, 0x37, 0xda, 0x07, 0x63, 0x73, 0x61, 0x73, 0x63, 0x69, 0x69, 0xda,
    0x06, 0x69, 0x62, 0x6d, 0x33, 0x36, 0x37, 0xda, 0x09, 0x69, 0x73, 0x6f, 0x36, 0x34, 0x36, 0x5f,
    0x75, 0x73, 0x7a, 0x10, 0x69, 0x73, 0x6f, 0x5f, 0x36, 0x34, 0x36, 0x2e, 0x69, 0x72, 0x76, 0x5f,
    0x31, 0x39, 0x39, 0x31, 0xda, 0x08, 0x69, 0x73, 0x6f, 0x5f, 0x69, 0x72, 0x5f, 0x36, 0xda, 0x02,
    0x75, 0x73, 0xda, 0x08, 0x75, 0x73, 0x5f, 0x61, 0x73, 0x63, 0x69, 0x69, 0xda, 0x06, 0x62, 0x61,
    0x73, 0x65, 0x36, 0x34, 0xda, 0x0c, 0x62, 0x61, 0x73, 0x65, 0x36, 0x34, 0x5f, 0x63, 0x6f, 0x64,
    0x65, 0x63, 0xda, 0x07, 0x62, 0x61, 0x73, 0x65, 0x5f, 0x36, 0x34, 0xda, 0x07, 0x62, 0x69, 0x67,
    0x35, 0x5f, 0x74, 0x77, 0xda, 0x04, 0x62, 0x69, 0x67, 0x35, 0xda, 0x06, 0x63, 0x73, 0x62, 0x69,
    0x67, 0x35, 0xda, 0x0a, 0x62, 0x69, 0x67, 0x35, 0x5f, 0x68, 0x6b, 0x73, 0x63, 0x73, 0xda, 0x09,
    0x62, 0x69, 0x67, 0x35, 0x68, 0x6b, 0x73, 0x63, 0x73, 0xda, 0x05, 0x68, 0x6b, 0x73, 0x63, 0x73,
    0xda, 0x03, 0x62, 0x7a, 0x32, 0xda, 0x09, 0x62, 0x7a, 0x32, 0x5f, 0x63, 0x6f, 0x64, 0x65, 0x63,
    0xda, 0x03, 0x30, 0x33, 0x37, 0xda, 0x05, 0x63, 0x70, 0x30, 0x33, 0x37, 0xda, 0x08, 0x63, 0x73,
    0x69, 0x62, 0x6d, 0x30, 0x33, 0x37, 0xda, 0x0c, 0x65, 0x62, 0x63, 0x64, 0x69, 0x63, 0x5f, 0x63,
    0x70, 0x5f, 0x63, 0x61, 0xda, 0x0c, 0x65, 0x62, 0x63, 0x64, 0x69, 0x63, 0x5f, 0x63, 0x70, 0x5f,
    0x6e, 0x6c, 0xda, 0x0c, 0x65, 0x62, 0x63, 0x64, 0x69, 0x63, 0x5f, 0x63, 0x70, 0x5f, 0x75, 0x73,
    0xda, 0x0c, 0x65, 0x62, 0x63, 0x64, 0x69, 0x63, 0x5f, 0x63, 0x70, 0x5f, 0x77, 0x74, 0xda, 0x06,
    0x69, 0x62, 0x6d, 0x30, 0x33, 0x37, 0xda, 0x06, 0x69, 0x62, 0x6d, 0x30, 0x33, 0x39, 0xda, 0x04,
    0x31, 0x30, 0x32, 0x36, 0xda, 0x06, 0x63, 0x70, 0x31, 0x30, 0x32, 0x36, 0xda, 0x09, 0x63, 0x73,
    0x69, 0x62, 0x6d, 0x31, 0x30, 0x32, 0x36, 0xda, 0x07, 0x69, 0x62, 0x6d, 0x31, 0x30, 0x32, 0x36,
    0xda, 0x04, 0x31, 0x31, 0x32, 0x35, 0xda, 0x06, 0x63, 0x70, 0x31, 0x31, 0x32, 0x35, 0xda, 0x07,
    0x69, 0x62, 0x6d, 0x31, 0x31, 0x32, 0x35, 0xda, 0x06, 0x63, 0x70, 0x38, 0x36, 0x36, 0x75, 0xda,
    0x06, 0x72, 0x75, 0x73, 0x63, 0x69, 0x69, 0xda, 0x04, 0x31, 0x31, 0x34, 0x30, 0xda, 0x06, 0x63,
    0x70, 0x31, 0x31, 0x34, 0x30, 0xda, 0x07, 0x69, 0x62, 0x6d, 0x31, 0x31, 0x34, 0x30, 0xda, 0x04,
    0x31, 0x32, 0x35, 0x30, 0xda, 0x06, 0x63, 0x70, 0x31, 0x32, 0x35, 0x30, 0xda, 0x0c, 0x77, 0x69,
    0x6e, 0x64, 0x6f, 0x77, 0x73, 0x5f, 0x31, 0x32, 0x35, 0x30, 0xda, 0x04, 0x31, 0x32, 0x35, 0x31,
    0xda, 0x06, 0x63, 0x70, 0x31, 0x32, 0x35, 0x31, 0xda, 0x0c, 0x77, 0x69, 0x6e, 0x64, 0x6f, 0x77,
    0x73, 0x5f, 0x31, 0x32, 0x35, 0x31, 0xda, 0x04, 0x31, 0x32, 0x35, 0x32, 0xda, 0x06, 0x63, 0x70,
    0x31, 0x32, 0x35, 0x32, 0xda, 0x0c, 0x77, 0x69, 0x6e, 0x64, 0x6f, 0x77, 0x73, 0x5f, 0x31, 0x32,
    0x35, 0x32, 0xda, 0x04, 0x31, 0x32, 0x35, 0x33, 0xda, 0x06, 0x63, 0x70, 0x31, 0x32, 0x35, 0x33,
    0xda, 0x0c, 0x77, 0x69, 0x6e, 0x64, 0x6f, 0x77, 0x73, 0x5f, 0x31, 0x32, 0x35, 0x33, 0xda, 0x04,
    0x31, 0x32, 0x35, 0x34, 0xda, 0x06, 0x63, 0x70, 0x31, 0x32, 0x35, 0x34, 0xda, 0x0c, 0x77, 0x69,
    0x6e, 0x64, 0x6f, 0x77, 0x73, 0x5f, 0x31, 0x32, 0x35, 0x34, 0xda, 0x04, 0x31, 0x32, 0x35, 0x35,
    0xda, 0x06, 0x63, 0x70, 0x31, 0x32, 0x35, 0x35, 0xda, 0x0c, 0x77, 0x69, 0x6e, 0x64, 0x6f, 0x77,
    0x73, 0x5f, 0x31, 0x32, 0x35, 0x35, 0xda, 0x04, 0x31, 0x32, 0x35, 0x36, 0xda, 0x06, 0x63, 0x70,
    0x31, 0x32, 0x35, 0x36, 0xda, 0x0c, 0x77, 0x69, 0x6e, 0x64, 0x6f, 0x77, 0x73, 0x5f, 0x31, 0x32,
    0x35, 0x36, 0xda, 0x04, 0x31, 0x32, 0x35, 0x37, 0xda, 0x06, 0x63, 0x70, 0x31, 0x32, 0x35, 0x37,
    0xda, 0x0c, 0x77, 0x69, 0x6e, 0x64, 0x6f, 0x77, 0x73, 0x5f, 0x31, 0x32, 0x35, 0x37, 0xda, 0x04,
    0x31, 0x32, 0x35, 0x38, 0xda, 0x06, 0x63, 0x70, 0x31, 0x32, 0x35, 0x38, 0xda, 0x0c, 0x77, 0x69,
    0x6e, 0x64, 0x6f, 0x77, 0x73, 0x5f, 0x31, 0x32, 0x35, 0x38, 0xda, 0x03, 0x32, 0x37, 0x33, 0xda,
    0x05, 0x63, 0x70, 0x32, 0x37, 0x33, 0xda, 0x06, 0x69, 0x62, 0x6d, 0x32, 0x37, 0x33, 0xda, 0x08,
    0x63, 0x73, 0x69, 0x62, 0x6d, 0x32, 0x37, 0x33, 0xda, 0x03, 0x34, 0x32, 0x34, 0xda, 0x05, 0x63,
    0x70, 0x34, 0x32, 0x34, 0xda, 0x08, 0x63, 0x73, 0x69, 0x62, 0x6d, 0x34, 0x32, 0x34, 0xda, 0x0c,
    0x65, 0x62, 0x63, 0x64, 0x69, 0x63, 0x5f, 0x63, 0x70, 0x5f, 0x68, 0x65, 0xda, 0x06, 0x69, 0x62,
    0x6d, 0x34, 0x32, 0x34, 0xda, 0x03, 0x34, 0x33, 0x37, 0xda, 0x05, 0x63, 0x70, 0x34, 0x33, 0x37,
    0xda, 0x10, 0x63, 0x73, 0x70, 0x63, 0x38, 0x63, 0x6f, 0x64, 0x65, 0x70, 0x61, 0x67, 0x65, 0x34,
    0x33, 0x37, 0xda, 0x06, 0x69, 0x62, 0x6d, 0x34, 0x33, 0x37, 0xda, 0x03, 0x35, 0x30, 0x30, 0xda,
    0x05, 0x63, 0x70, 0x35, 0x30, 0x30, 0xda, 0x08, 0x63, 0x73, 0x69, 0x62, 0x6d, 0x35, 0x30, 0x30,
    0xda, 0x0c, 0x65, 0x62, 0x63, 0x64, 0x69, 0x63, 0x5f, 0x63, 0x70, 0x5f, 0x62, 0x65, 0xda, 0x0c,
    0x65, 0x62, 0x63, 0x64, 0x69, 0x63, 0x5f, 0x63, 0x70, 0x5f, 0x63, 0x68, 0xda, 0x06, 0x69, 0x62,
    0x6d, 0x35, 0x30, 0x30, 0xda, 0x03, 0x37, 0x37, 0x35, 0xda, 0x05, 0x63, 0x70, 0x37, 0x37, 0x35,
    0xda, 0x0d, 0x63, 0x73, 0x70, 0x63, 0x37, 0x37, 0x35, 0x62, 0x61, 0x6c, 0x74, 0x69, 0x63, 0xda,
    0x06, 0x69, 0x62, 0x6d, 0x37, 0x37, 0x35, 0xda, 0x03, 0x38, 0x35, 0x30, 0xda, 0x05, 0x63, 0x70,
    0x38, 0x35, 0x30, 0xda, 0x13, 0x63, 0x73, 0x70, 0x63, 0x38, 0x35, 0x30, 0x6d, 0x75, 0x6c, 0x74,
    0x69, 0x6c, 0x69, 0x6e, 0x67, 0x75, 0x61, 0x6c, 0xda, 0x06, 0x69, 0x62, 0x6d, 0x38, 0x35, 0x30,
    0xda, 0x03, 0x38, 0x35, 0x32, 0xda, 0x05, 0x63, 0x70, 0x38, 0x35, 0x32, 0xda, 0x08, 0x63, 0x73,
    0x70, 0x63, 0x70, 0x38, 0x35, 0x32, 0xda, 0x06, 0x69, 0x62, 0x6d, 0x38, 0x35, 0x32, 0xda, 0x03,
    0x38, 0x35, 0x35, 0xda, 0x05, 0x63, 0x70, 0x38, 0x35, 0x35, 0xda, 0x08, 0x63, 0x73, 0x69, 0x62,
    0x6d, 0x38, 0x35, 0x35, 0xda, 0x06, 0x69, 0x62, 0x6d, 0x38, 0x35, 0x35, 0xda, 0x03, 0x38, 0x35,
    0x37, 0xda, 0x05, 0x63, 0x70, 0x38, 0x35, 0x37, 0xda, 0x08, 0x63, 0x73, 0x69, 0x62, 0x6d, 0x38,
    0x35, 0x37, 0xda, 0x06, 0x69, 0x62, 0x6d, 0x38, 0x35, 0x37, 0xda, 0x03, 0x38, 0x35, 0x38, 0xda,
    0x05, 0x63, 0x70, 0x38, 0x35, 0x38, 0xda, 0x08, 0x63, 0x73, 0x69, 0x62, 0x6d, 0x38, 0x35, 0x38,
    0xda, 0x06, 0x69, 0x62, 0x6d, 0x38, 0x35, 0x38, 0xda, 0x03, 0x38, 0x36, 0x30, 0xda, 0x05, 0x63,
    0x70, 0x38, 0x36, 0x30, 0xda, 0x08, 0x63, 0x73, 0x69, 0x62, 0x6d, 0x38, 0x36, 0x30, 0xda, 0x06,
    0x69, 0x62, 0x6d, 0x38, 0x36, 0x30, 0xda, 0x03, 0x38, 0x36, 0x31, 0xda, 0x05, 0x63, 0x70, 0x38,
    0x36, 0x31, 0xda, 0x05, 0x63, 0x70, 0x5f, 0x69, 0x73, 0xda, 0x08, 0x63, 0x73, 0x69, 0x62, 0x6d,
    0x38, 0x36, 0x31, 0xda, 0x06, 0x69, 0x62, 0x6d, 0x38, 0x36, 0x31, 0xda, 0x03, 0x38, 0x36, 0x32,
    0xda, 0x05, 0x63, 0x70, 0x38, 0x36, 0x32, 0xda, 0x12, 0x63, 0x73, 0x70, 0x63, 0x38, 0x36, 0x32,
    0x6c, 0x61, 0x74, 0x69, 0x6e, 0x68, 0x65, 0x62, 0x72, 0x65, 0x77, 0xda, 0x06, 0x69, 0x62, 0x6d,
    0x38, 0x36, 0x32, 0xda, 0x03, 0x38, 0x36, 0x33, 0xda, 0x05, 0x63, 0x70, 0x38, 0x36, 0x33, 0xda,
    0x08, 0x63, 0x73, 0x69, 0x62, 0x6d, 0x38, 0x36, 0x33, 0xda, 0x06, 0x69, 0x62, 0x6d, 0x38, 0x36,
    0x33, 0xda, 0x03, 0x38, 0x36, 0x34, 0xda, 0x05, 0x63, 0x70, 0x38, 0x36, 0x34, 0xda, 0x08, 0x63,
    0x73, 0x69, 0x62, 0x6d, 0x38, 0x36, 0x34, 0xda, 0x06, 0x69, 0x62, 0x6d, 0x38, 0x36, 0x34, 0xda,
    0x03, 0x38, 0x36, 0x35, 0xda, 0x05, 0x63, 0x70, 0x38, 0x36, 0x35, 0xda, 0x08, 0x63, 0x73, 0x69,
    0x62, 0x6d, 0x38, 0x36, 0x35, 0xda, 0x06, 0x69, 0x62, 0x6d, 0x38, 0x36, 0x35, 0xda, 0x03, 0x38,
    0x36, 0x36, 0xda, 0x05, 0x63, 0x70, 0x38, 0x36, 0x36, 0xda, 0x08, 0x63, 0x73, 0x69, 0x62, 0x6d,
    0x38, 0x36, 0x36, 0xda, 0x06, 0x69, 0x62, 0x6d, 0x38, 0x36, 0x36, 0xda, 0x03, 0x38, 0x36, 0x39,
    0xda, 0x05, 0x63, 0x70, 0x38, 0x36, 0x39, 0xda, 0x05, 0x63, 0x70, 0x5f, 0x67, 0x72, 0xda, 0x08,
    0x63, 0x73, 0x69, 0x62, 0x6d, 0x38, 0x36, 0x39, 0xda, 0x06, 0x69, 0x62, 0x6d, 0x38, 0x36, 0x39,
    0xda, 0x03, 0x39, 0x33, 0x32, 0xda, 0x05, 0x63, 0x70, 0x39, 0x33, 0x32, 0xda, 0x05, 0x6d, 0x73,
    0x39, 0x33, 0x32, 0xda, 0x07, 0x6d, 0x73, 0x6b, 0x61, 0x6e, 0x6a, 0x69, 0xda, 0x08, 0x6d, 0x73,
    0x5f, 0x6b, 0x61, 0x6e, 0x6a, 0x69, 0xda, 0x0b, 0x77, 0x69, 0x6e, 0x64, 0x6f, 0x77, 0x73, 0x5f,
    0x33, 0x31, 0x6a, 0xda, 0x03, 0x39, 0x34, 0x39, 0xda, 0x05, 0x63, 0x70, 0x39, 0x34, 0x39, 0xda,
    0x05, 0x6d, 0x73, 0x39, 0x34, 0x39, 0xda, 0x03, 0x75, 0x68, 0x63, 0xda, 0x03, 0x39, 0x35, 0x30,
    0xda, 0x05, 0x63, 0x70, 0x39, 0x35, 0x30, 0xda, 0x05, 0x6d, 0x73, 0x39, 0x35, 0x30, 0xda, 0x08,
    0x6a, 0x69, 0x73, 0x78, 0x30, 0x32, 0x31, 0x33, 0xda, 0x0c, 0x65, 0x75, 0x63, 0x5f, 0x6a, 0x69,
    0x73, 0x5f, 0x32, 0x30, 0x30, 0x34, 0xda, 0x0a, 0x65, 0x75, 0x63, 0x6a, 0x69, 0x73, 0x32, 0x30,
    0x30, 0x34, 0xda, 0x0b, 0x65, 0x75, 0x63, 0x5f, 0x6a, 0x69, 0x73, 0x32, 0x30, 0x30, 0x34, 0xda,
    0x0b, 0x65, 0x75, 0x63, 0x6a, 0x69, 0x73, 0x78, 0x30, 0x32, 0x31, 0x33, 0xda, 0x0c, 0x65, 0x75,
    0x63, 0x5f, 0x6a, 0x69, 0x73, 0x78, 0x30, 0x32, 0x31, 0x33, 0xda, 0x05, 0x65, 0x75, 0x63, 0x6a,
    0x70, 0xda, 0x06, 0x65, 0x75, 0x63, 0x5f, 0x6a, 0x70, 0xda, 0x04, 0x75, 0x6a, 0x69, 0x73, 0xda,
    0x05, 0x75, 0x5f, 0x6a, 0x69, 0x73, 0xda, 0x05, 0x65, 0x75, 0x63, 0x6b, 0x72, 0xda, 0x06, 0x65,
    0x75, 0x63, 0x5f, 0x6b, 0x72, 0xda, 0x06, 0x6b, 0x6f, 0x72, 0x65, 0x61, 0x6e, 0xda, 0x07, 0x6b,
    0x73, 0x63, 0x35, 0x36, 0x30, 0x31, 0xda, 0x09, 0x6b, 0x73, 0x5f, 0x63, 0x5f, 0x35, 0x36, 0x30,
    0x31, 0xda, 0x0e, 0x6b, 0x73, 0x5f, 0x63, 0x5f, 0x35, 0x36, 0x30, 0x31, 0x5f, 0x31, 0x39, 0x38,
    0x37, 0xda, 0x07, 0x6b, 0x73, 0x78, 0x31, 0x30, 0x30, 0x31, 0xda, 0x09, 0x6b, 0x73, 0x5f, 0x78,
    0x5f, 0x31, 0x30, 0x30, 0x31, 0xda, 0x0c, 0x67, 0x62, 0x31, 0x38, 0x30, 0x33, 0x30, 0x5f, 0x32,
    0x30, 0x30, 0x30, 0xda, 0x07, 0x67, 0x62, 0x31, 0x38, 0x30, 0x33, 0x30, 0xda, 0x07, 0x63, 0x68,
    0x69, 0x6e, 0x65, 0x73, 0x65, 0xda, 0x06, 0x67, 0x62, 0x32, 0x33, 0x31, 0x32, 0xda, 0x0f, 0x63,
    0x73, 0x69, 0x73, 0x6f, 0x35, 0x38, 0x67, 0x62, 0x32, 0x33, 0x31, 0x32, 0x38, 0x30, 0xda, 0x06,
    0x65, 0x75, 0x63, 0x5f, 0x63, 0x6e, 0xda, 0x05, 0x65, 0x75, 0x63, 0x63, 0x6e, 0xda, 0x0c, 0x65,
    0x75, 0x63, 0x67, 0x62, 0x32, 0x33, 0x31, 0x32, 0x5f, 0x63, 0x6e, 0xda, 0x0b, 0x67, 0x62, 0x32,
    0x33, 0x31, 0x32, 0x5f, 0x31, 0x39, 0x38, 0x30, 0xda, 0x09, 0x67, 0x62, 0x32, 0x33, 0x31, 0x32,
    0x5f, 0x38, 0x30, 0xda, 0x09, 0x69, 0x73, 0x6f, 0x5f, 0x69, 0x72, 0x5f, 0x35, 0x38, 0xda, 0x03,
    0x39, 0x33, 0x36, 0xda, 0x03, 0x67, 0x62, 0x6b, 0xda, 0x05, 0x63, 0x70, 0x39, 0x33, 0x36, 0xda,
    0x05, 0x6d, 0x73, 0x39, 0x33, 0x36, 0xda, 0x03, 0x68, 0x65, 0x78, 0xda, 0x09, 0x68, 0x65, 0x78,
    0x5f, 0x63, 0x6f, 0x64, 0x65, 0x63, 0xda, 0x06, 0x72, 0x6f, 0x6d, 0x61, 0x6e, 0x38, 0xda, 0x09,
    0x68, 0x70, 0x5f, 0x72, 0x6f, 0x6d, 0x61, 0x6e, 0x38, 0xda, 0x02, 0x72, 0x38, 0xda, 0x0a, 0x63,
    0x73, 0x48, 0x50, 0x52, 0x6f, 0x6d, 0x61, 0x6e, 0x38, 0xda, 0x06, 0x63, 0x70, 0x31, 0x30, 0x35,
    0x31, 0xda, 0x07, 0x69, 0x62, 0x6d, 0x31, 0x30, 0x35, 0x31, 0xda, 0x04, 0x68, 0x7a, 0x67, 0x62,
    0xda, 0x02, 0x68, 0x7a, 0xda, 0x05, 0x68, 0x7a, 0x5f, 0x67, 0x62, 0xda, 0x0a, 0x68, 0x7a, 0x5f,
    0x67, 0x62, 0x5f, 0x32, 0x33, 0x31, 0x32, 0xda, 0x0b, 0x63, 0x73, 0x69, 0x73, 0x6f, 0x32, 0x30,
    0x32, 0x32, 0x6a, 0x70, 0xda, 0x0a, 0x69, 0x73, 0x6f, 0x32, 0x30, 0x32, 0x32, 0x5f, 0x6a, 0x70,
    0xda, 0x09, 0x69, 0x73, 0x6f, 0x32, 0x30, 0x32, 0x32, 0x6a, 0x70, 0xda, 0x0b, 0x69, 0x73, 0x6f,
    0x5f, 0x32, 0x30, 0x32, 0x32, 0x5f, 0x6a, 0x70, 0xda, 0x0b, 0x69, 0x73, 0x6f, 0x32, 0x30, 0x32,
    0x32, 0x6a, 0x70, 0x5f, 0x31, 0xda, 0x0c, 0x69, 0x73, 0x6f, 0x32, 0x30, 0x32, 0x32, 0x5f, 0x6a,
    0x70, 0x5f, 0x31, 0xda, 0x0d, 0x69, 0x73, 0x6f, 0x5f, 0x32, 0x30, 0x32, 0x32, 0x5f, 0x6a, 0x70,
    0x5f, 0x31, 0xda, 0x0b, 0x69, 0x73, 0x6f, 0x32, 0x30, 0x32, 0x32, 0x6a, 0x70, 0x5f, 0x32, 0xda,
    0x0c, 0x69, 0x73, 0x6f, 0x32, 0x30, 0x32, 0x32, 0x5f, 0x6a, 0x70, 0x5f, 0x32, 0xda, 0x0d, 0x69,
    0x73, 0x6f, 0x5f, 0x32, 0x30, 0x32, 0x32, 0x5f, 0x6a, 0x70, 0x5f, 0x32, 0xda, 0x10, 0x69, 0x73,
    0x6f, 0x5f, 0x32, 0x30, 0x32, 0x32, 0x5f, 0x6a, 0x70, 0x5f, 0x32, 0x30, 0x30, 0x34, 0xda, 0x0f,
    0x69, 0x73, 0x6f, 0x32, 0x30, 0x32, 0x32, 0x5f, 0x6a, 0x70, 0x5f, 0x32, 0x30, 0x30, 0x34, 0xda,
    0x0e, 0x69, 0x73, 0x6f, 0x32, 0x30, 0x32, 0x32, 0x6a, 0x70, 0x5f, 0x32, 0x30, 0x30, 0x34, 0xda,
    0x0b, 0x69, 0x73, 0x6f, 0x32, 0x30, 0x32, 0x32, 0x6a, 0x70, 0x5f, 0x33, 0xda, 0x0c, 0x69, 0x73,
    0x6f, 0x32, 0x30, 0x32, 0x32, 0x5f, 0x6a, 0x70, 0x5f, 0x33, 0xda, 0x0d, 0x69, 0x73, 0x6f, 0x5f,
    0x32, 0x30, 0x32, 0x32, 0x5f, 0x6a, 0x70, 0x5f, 0x33, 0xda, 0x0d, 0x69, 0x73, 0x6f, 0x32, 0x30,
    0x32, 0x32, 0x6a, 0x70, 0x5f, 0x65, 0x78, 0x74, 0xda, 0x0e, 0x69, 0x73, 0x6f, 0x32, 0x30, 0x32,
    0x32, 0x5f, 0x6a, 0x70, 0x5f, 0x65, 0x78, 0x74, 0xda, 0x0f, 0x69, 0x73, 0x6f, 0x5f, 0x32, 0x30,
    0x32, 0x32, 0x5f, 0x6a, 0x70, 0x5f, 0x65, 0x78, 0x74, 0xda, 0x0b, 0x63, 0x73, 0x69, 0x73, 0x6f,
    0x32, 0x30, 0x32, 0x32, 0x6b, 0x72, 0xda, 0x0a, 0x69, 0x73, 0x6f, 0x32, 0x30, 0x32, 0x32, 0x5f,
    0x6b, 0x72, 0xda, 0x09, 0x69, 0x73, 0x6f, 0x32, 0x30, 0x32, 0x32, 0x6b, 0x72, 0xda, 0x0b, 0x69,
    0x73, 0x6f, 0x5f, 0x32, 0x30, 0x32, 0x32, 0x5f, 0x6b, 0x72, 0xda, 0x0b, 0x63, 0x73, 0x69, 0x73,
    0x6f, 0x6c, 0x61, 0x74, 0x69, 0x6e, 0x36, 0xda, 0x0a, 0x69, 0x73, 0x6f, 0x38, 0x38, 0x35, 0x39,
    0x5f, 0x31, 0x30, 0xda, 0x0b, 0x69, 0x73, 0x6f, 0x5f, 0x38, 0x38, 0x35, 0x39, 0x5f, 0x31, 0x30,
    0xda, 0x10, 0x69, 0x73, 0x6f, 0x5f, 0x38, 0x38, 0x35, 0x39, 0x5f, 0x31, 0x30, 0x5f, 0x31, 0x39,
    0x39, 0x32, 0xda, 0x0a, 0x69, 0x73, 0x6f, 0x5f, 0x69, 0x72, 0x5f, 0x31, 0x35, 0x37, 0xda, 0x02,
    0x6c, 0x36, 0xda, 0x06, 0x6c, 0x61, 0x74, 0x69, 0x6e, 0x36, 0xda, 0x04, 0x74, 0x68, 0x61, 0x69,
    0xda, 0x0a, 0x69, 0x73, 0x6f, 0x38, 0x38, 0x35, 0x39, 0x5f, 0x31, 0x31, 0xda, 0x0b, 0x69, 0x73,
    0x6f, 0x5f, 0x38, 0x38, 0x35, 0x39, 0x5f, 0x31, 0x31, 0xda, 0x10, 0x69, 0x73, 0x6f, 0x5f, 0x38,
    0x38, 0x35, 0x39, 0x5f, 0x31, 0x31, 0x5f, 0x32, 0x30, 0x30, 0x31, 0xda, 0x0b, 0x69, 0x73, 0x6f,
    0x5f, 0x38, 0x38, 0x35, 0x39, 0x5f, 0x31, 0x33, 0xda, 0x0a, 0x69, 0x73, 0x6f, 0x38, 0x38, 0x35,
    0x39, 0x5f, 0x31, 0x33, 0xda, 0x02, 0x6c, 0x37, 0xda, 0x06, 0x6c, 0x61, 0x74, 0x69, 0x6e, 0x37,
    0xda, 0x0b, 0x69, 0x73, 0x6f, 0x5f, 0x38, 0x38, 0x35, 0x39, 0x5f, 0x31, 0x34, 0xda, 0x0a, 0x69,
    0x73, 0x6f, 0x38, 0x38, 0x35, 0x39, 0x5f, 0x31, 0x34, 0xda, 0x10, 0x69, 0x73, 0x6f, 0x5f, 0x38,
    0x38, 0x35, 0x39, 0x5f, 0x31, 0x34, 0x5f, 0x31, 0x39, 0x39, 0x38, 0xda, 0x0a, 0x69, 0x73, 0x6f,
    0x5f, 0x63, 0x65, 0x6c, 0x74, 0x69, 0x63, 0xda, 0x0a, 0x69, 0x73, 0x6f, 0x5f, 0x69, 0x72, 0x5f,
    0x31, 0x39, 0x39, 0xda, 0x02, 0x6c, 0x38, 0xda, 0x06, 0x6c, 0x61, 0x74, 0x69, 0x6e, 0x38, 0xda,
    0x0b, 0x69, 0x73, 0x6f, 0x5f, 0x38, 0x38, 0x35, 0x39, 0x5f, 0x31, 0x35, 0xda, 0x0a, 0x69, 0x73,
    0x6f, 0x38, 0x38, 0x35, 0x39, 0x5f, 0x31, 0x35, 0xda, 0x02, 0x6c, 0x39, 0xda, 0x06, 0x6c, 0x61,
    0x74, 0x69, 0x6e, 0x39, 0xda, 0x0b, 0x69, 0x73, 0x6f, 0x5f, 0x38, 0x38, 0x35, 0x39, 0x5f, 0x31,
    0x36, 0xda, 0x0a, 0x69, 0x73, 0x6f, 0x38, 0x38, 0x35, 0x39, 0x5f, 0x31, 0x36, 0xda, 0x10, 0x69,
    0x73, 0x6f, 0x5f, 0x38, 0x38, 0x35, 0x39, 0x5f, 0x31, 0x36, 0x5f, 0x32, 0x30, 0x30, 0x31, 0xda,
    0x0a, 0x69, 0x73, 0x6f, 0x5f, 0x69, 0x72, 0x5f, 0x32, 0x32, 0x36, 0xda, 0x03, 0x6c, 0x31, 0x30,
    0xda, 0x07, 0x6c, 0x61, 0x74, 0x69, 0x6e, 0x31, 0x30, 0xda, 0x0b, 0x63, 0x73, 0x69, 0x73, 0x6f,
    0x6c, 0x61, 0x74, 0x69, 0x6e, 0x32, 0xda, 0x09, 0x69, 0x73, 0x6f, 0x38, 0x38, 0x35, 0x39, 0x5f,
    0x32, 0xda, 0x0a, 0x69, 0x73, 0x6f, 0x5f, 0x38, 0x38, 0x35, 0x39, 0x5f, 0x32, 0xda, 0x0f, 0x69,
    0x73, 0x6f, 0x5f, 0x38, 0x38, 0x35, 0x39, 0x5f, 0x32, 0x5f, 0x31, 0x39, 0x38, 0x37, 0xda, 0x0a,
    0x69, 0x73, 0x6f, 0x5f, 0x69, 0x72, 0x5f, 0x31, 0x30, 0x31, 0xda, 0x02, 0x6c, 0x32, 0xda, 0x06,
    0x6c, 0x61, 0x74, 0x69, 0x6e, 0x32, 0xda, 0x0b, 0x63, 0x73, 0x69, 0x73, 0x6f, 0x6c, 0x61, 0x74,
    0x69, 0x6e, 0x33, 0xda, 0x09, 0x69, 0x73, 0x6f, 0x38, 0x38, 0x35, 0x39, 0x5f, 0x33, 0xda, 0x0a,
    0x69, 0x73, 0x6f, 0x5f, 0x38, 0x38, 0x35, 0x39, 0x5f, 0x33, 0xda, 0x0f, 0x69, 0x73, 0x6f, 0x5f,
    0x38, 0x38, 0x35, 0x39, 0x5f, 0x33, 0x5f, 0x31, 0x39, 0x38, 0x38, 0xda, 0x0a, 0x69, 0x73, 0x6f,
    0x5f, 0x69, 0x72, 0x5f, 0x31, 0x30, 0x39, 0xda, 0x02, 0x6c, 0x33, 0xda, 0x06, 0x6c, 0x61, 0x74,
    0x69, 0x6e, 0x33, 0xda, 0x0b, 0x63, 0x73, 0x69, 0x73, 0x6f, 0x6c, 0x61, 0x74, 0x69, 0x6e, 0x34,
    0xda, 0x09, 0x69, 0x73, 0x6f, 0x38, 0x38, 0x35, 0x39, 0x5f, 0x34, 0xda, 0x0a, 0x69, 0x73, 0x6f,
    0x5f, 0x38, 0x38, 0x35, 0x39, 0x5f, 0x34, 0xda, 0x0f, 0x69, 0x73, 0x6f, 0x5f, 0x38, 0x38, 0x35,
    0x39, 0x5f, 0x34, 0x5f, 0x31, 0x39, 0x38, 0x38, 0xda, 0x0a, 0x69, 0x73, 0x6f, 0x5f, 0x69, 0x72,
    0x5f, 0x31, 0x31, 0x30, 0xda, 0x02, 0x6c, 0x34, 0xda, 0x06, 0x6c, 0x61, 0x74, 0x69, 0x6e, 0x34,
    0xda, 0x12, 0x63, 0x73, 0x69, 0x73, 0x6f, 0x6c, 0x61, 0x74, 0x69, 0x6e, 0x63, 0x79, 0x72, 0x69,
    0x6c, 0x6c, 0x69, 0x63, 0xda, 0x09, 0x69, 0x73, 0x6f, 0x38, 0x38, 0x35, 0x39, 0x5f, 0x35, 0xda,
    0x08, 0x63, 0x79, 0x72, 0x69, 0x6c, 0x6c, 0x69, 0x63, 0xda, 0x0a, 0x69, 0x73, 0x6f, 0x5f, 0x38,
    0x38, 0x35, 0x39, 0x5f, 0x35, 0xda, 0x0f, 0x69, 0x73, 0x6f, 0x5f, 0x38, 0x38, 0x35, 0x39, 0x5f,
    0x35, 0x5f, 0x31, 0x39, 0x38, 0x38, 0xda, 0x0a, 0x69, 0x73, 0x6f, 0x5f, 0x69, 0x72, 0x5f, 0x31,
    0x34, 0x34, 0xda, 0x06, 0x61, 0x72, 0x61, 0x62, 0x69, 0x63, 0xda, 0x09, 0x69, 0x73, 0x6f, 0x38,
    0x38, 0x35, 0x39, 0x5f, 0x36, 0xda, 0x08, 0x61, 0x73, 0x6d, 0x6f, 0x5f, 0x37, 0x30, 0x38, 0xda,
    0x10, 0x63, 0x73, 0x69, 0x73, 0x6f, 0x6c, 0x61, 0x74, 0x69, 0x6e, 0x61, 0x72, 0x61, 0x62, 0x69,
    0x63, 0xda, 0x08, 0x65, 0x63, 0x6d, 0x61, 0x5f, 0x31, 0x31, 0x34, 0xda, 0x0a, 0x69, 0x73, 0x6f,
    0x5f, 0x38, 0x38, 0x35, 0x39, 0x5f, 0x36, 0xda, 0x0f, 0x69, 0x73, 0x6f, 0x5f, 0x38, 0x38, 0x35,
    0x39, 0x5f, 0x36, 0x5f, 0x31, 0x39, 0x38, 0x37, 0xda, 0x0a, 0x69, 0x73, 0x6f, 0x5f, 0x69, 0x72,
    0x5f, 0x31, 0x32, 0x37, 0xda, 0x0f, 0x63, 0x73, 0x69, 0x73, 0x6f, 0x6c, 0x61, 0x74, 0x69, 0x6e,
    0x67, 0x72, 0x65, 0x65, 0x6b, 0xda, 0x09, 0x69, 0x73, 0x6f, 0x38, 0x38, 0x35, 0x39, 0x5f, 0x37,
    0xda, 0x08, 0x65, 0x63, 0x6d, 0x61, 0x5f, 0x31, 0x31, 0x38, 0xda, 0x08, 0x65, 0x6c, 0x6f, 0x74,
    0x5f, 0x39, 0x32, 0x38, 0xda, 0x05, 0x67, 0x72, 0x65, 0x65, 0x6b, 0xda, 0x06, 0x67, 0x72, 0x65,
    0x65, 0x6b, 0x38, 0xda, 0x0a, 0x69, 0x73, 0x6f, 0x5f, 0x38, 0x38, 0x35, 0x39, 0x5f, 0x37, 0xda,
    0x0f, 0x69, 0x73, 0x6f, 0x5f, 0x38, 0x38, 0x35, 0x39, 0x5f, 0x37, 0x5f, 0x31, 0x39, 0x38, 0x37,
    0xda, 0x0a, 0x69, 0x73, 0x6f, 0x5f, 0x69, 0x72, 0x5f, 0x31, 0x32, 0x36, 0xda, 0x10, 0x63, 0x73,
    0x69, 0x73, 0x6f, 0x6c, 0x61, 0x74, 0x69, 0x6e, 0x68, 0x65, 0x62, 0x72, 0x65, 0x77, 0xda, 0x09,
    0x69, 0x73, 0x6f, 0x38, 0x38, 0x35, 0x39, 0x5f, 0x38, 0xda, 0x06, 0x68, 0x65, 0x62, 0x72, 0x65,
    0x77, 0xda, 0x0a, 0x69, 0x73, 0x6f, 0x5f, 0x38, 0x38, 0x35, 0x39, 0x5f, 0x38, 0xda, 0x0f, 0x69,
    0x73, 0x6f, 0x5f, 0x38, 0x38, 0x35, 0x39, 0x5f, 0x38, 0x5f, 0x31, 0x39, 0x38, 0x38, 0xda, 0x0a,
    0x69, 0x73, 0x6f, 0x5f, 0x69, 0x72, 0x5f, 0x31, 0x33, 0x38, 0xda, 0x0b, 0x63, 0x73, 0x69, 0x73,
    0x6f, 0x6c, 0x61, 0x74, 0x69, 0x6e, 0x35, 0xda, 0x09, 0x69, 0x73, 0x6f, 0x38, 0x38, 0x35, 0x39,
    0x5f, 0x39, 0xda, 0x0a, 0x69, 0x73, 0x6f, 0x5f, 0x38, 0x38, 0x35, 0x39, 0x5f, 0x39, 0xda, 0x0f,
    0x69, 0x73, 0x6f, 0x5f, 0x38, 0x38, 0x35, 0x39, 0x5f, 0x39, 0x5f, 0x31, 0x39, 0x38, 0x39, 0xda,
    0x0a, 0x69, 0x73, 0x6f, 0x5f, 0x69, 0x72, 0x5f, 0x31, 0x34, 0x38, 0xda, 0x02, 0x6c, 0x35, 0xda,
    0x06, 0x6c, 0x61, 0x74, 0x69, 0x6e, 0x35, 0xda, 0x06, 0x63, 0x70, 0x31, 0x33, 0x36, 0x31, 0xda,
    0x05, 0x6a, 0x6f, 0x68, 0x61, 0x62, 0xda, 0x06, 0x6d, 0x73, 0x31, 0x33, 0x36, 0x31, 0xda, 0x07,
    0x63, 0x73, 0x6b, 0x6f, 0x69, 0x38, 0x72, 0xda, 0x06, 0x6b, 0x6f, 0x69, 0x38, 0x5f, 0x72, 0xda,
    0x07, 0x6b, 0x7a, 0x5f, 0x31, 0x30, 0x34, 0x38, 0xda, 0x06, 0x6b, 0x7a, 0x31, 0x30, 0x34, 0x38,
    0xda, 0x06, 0x72, 0x6b, 0x31, 0x30, 0x34, 0x38, 0xda, 0x0d, 0x73, 0x74, 0x72, 0x6b, 0x31, 0x30,
    0x34, 0x38, 0x5f, 0x32, 0x30, 0x30, 0x32, 0xda, 0x04, 0x38, 0x38, 0x35, 0x39, 0xda, 0x07, 0x6c,
    0x61, 0x74, 0x69, 0x6e, 0x5f, 0x31, 0xda, 0x05, 0x63, 0x70, 0x38, 0x31, 0x39, 0xda, 0x0b, 0x63,
    0x73, 0x69, 0x73, 0x6f, 0x6c, 0x61, 0x74, 0x69, 0x6e, 0x31, 0xda, 0x06, 0x69, 0x62, 0x6d, 0x38,
    0x31, 0x39, 0xda, 0x07, 0x69, 0x73, 0x6f, 0x38, 0x38, 0x35, 0x39, 0xda, 0x09, 0x69, 0x73, 0x6f,
    0x38, 0x38, 0x35, 0x39, 0x5f, 0x31, 0xda, 0x0a, 0x69, 0x73, 0x6f, 0x5f, 0x38, 0x38, 0x35, 0x39,
    0x5f, 0x31, 0xda, 0x0f, 0x69, 0x73, 0x6f, 0x5f, 0x38, 0x38, 0x35, 0x39, 0x5f, 0x31, 0x5f, 0x31,
    0x39, 0x38, 0x37, 0xda, 0x0a, 0x69, 0x73, 0x6f, 0x5f, 0x69, 0x72, 0x5f, 0x31, 0x30, 0x30, 0xda,
    0x02, 0x6c, 0x31, 0xda, 0x05, 0x6c, 0x61, 0x74, 0x69, 0x6e, 0xda, 0x06, 0x6c, 0x61, 0x74, 0x69,
    0x6e, 0x31, 0xda, 0x0b, 0x6d, 0x61, 0x63, 0x63, 0x79, 0x72, 0x69, 0x6c, 0x6c, 0x69, 0x63, 0xda,
    0x0c, 0x6d, 0x61, 0x63, 0x5f, 0x63, 0x79, 0x72, 0x69, 0x6c, 0x6c, 0x69, 0x63, 0xda, 0x08, 0x6d,
    0x61, 0x63, 0x67, 0x72, 0x65, 0x65, 0x6b, 0xda, 0x09, 0x6d, 0x61, 0x63, 0x5f, 0x67, 0x72, 0x65,
    0x65, 0x6b, 0xda, 0x0a, 0x6d, 0x61, 0x63, 0x69, 0x63, 0x65, 0x6c, 0x61, 0x6e, 0x64, 0xda, 0x0b,
    0x6d, 0x61, 0x63, 0x5f, 0x69, 0x63, 0x65, 0x6c, 0x61, 0x6e, 0x64, 0xda, 0x10, 0x6d, 0x61, 0x63,
    0x63, 0x65, 0x6e, 0x74, 0x72, 0x61, 0x6c, 0x65, 0x75, 0x72, 0x6f, 0x70, 0x65, 0xda, 0x0a, 0x6d,
    0x61, 0x63, 0x5f, 0x6c, 0x61, 0x74, 0x69, 0x6e, 0x32, 0xda, 0x0c, 0x6d, 0x61, 0x63, 0x5f, 0x63,
    0x65, 0x6e, 0x74, 0x65, 0x75, 0x72, 0x6f, 0xda, 0x09, 0x6d, 0x61, 0x63, 0x6c, 0x61, 0x74, 0x69,
    0x6e, 0x32, 0xda, 0x09, 0x6d, 0x61, 0x63, 0x69, 0x6e, 0x74, 0x6f, 0x73, 0x68, 0xda, 0x09, 0x6d,
    0x61, 0x63, 0x5f, 0x72, 0x6f, 0x6d, 0x61, 0x6e, 0xda, 0x08, 0x6d, 0x61, 0x63, 0x72, 0x6f, 0x6d,
    0x61, 0x6e, 0xda, 0x0a, 0x6d, 0x61, 0x63, 0x74, 0x75, 0x72, 0x6b, 0x69, 0x73, 0x68, 0xda, 0x0b,
    0x6d, 0x61, 0x63, 0x5f, 0x74, 0x75, 0x72, 0x6b, 0x69, 0x73, 0x68, 0xda, 0x04, 0x61, 0x6e, 0x73,
    0x69, 0xda, 0x04, 0x6d, 0x62, 0x63, 0x73, 0xda, 0x04, 0x64, 0x62, 0x63, 0x73, 0xda, 0x09, 0x63,
    0x73, 0x70, 0x74, 0x63, 0x70, 0x31, 0x35, 0x34, 0xda, 0x07, 0x70, 0x74, 0x63, 0x70, 0x31, 0x35,
    0x34, 0xda, 0x05, 0x70, 0x74, 0x31, 0x35, 0x34, 0xda, 0x05, 0x63, 0x70, 0x31, 0x35, 0x34, 0xda,
    0x0e, 0x63, 0x79, 0x72, 0x69, 0x6c, 0x6c, 0x69, 0x63, 0x5f, 0x61, 0x73, 0x69, 0x61, 0x6e, 0xda,
    0x06, 0x71, 0x75, 0x6f, 0x70, 0x72, 0x69, 0xda, 0x0c, 0x71, 0x75, 0x6f, 0x70, 0x72, 0x69, 0x5f,
    0x63, 0x6f, 0x64, 0x65, 0x63, 0xda, 0x10, 0x71, 0x75, 0x6f, 0x74, 0x65, 0x64, 0x5f, 0x70, 0x72,
    0x69, 0x6e, 0x74, 0x61, 0x62, 0x6c, 0x65, 0xda, 0x0f, 0x71, 0x75, 0x6f, 0x74, 0x65, 0x64, 0x70,
    0x72, 0x69, 0x6e, 0x74, 0x61, 0x62, 0x6c, 0x65, 0xda, 0x05, 0x72, 0x6f, 0x74, 0x31, 0x33, 0xda,
    0x06, 0x72, 0x6f, 0x74, 0x5f, 0x31, 0x33, 0xda, 0x0a, 0x63, 0x73, 0x73, 0x68, 0x69, 0x66, 0x74,
    0x6a, 0x69, 0x73, 0xda, 0x09, 0x73, 0x68, 0x69, 0x66, 0x74, 0x5f, 0x6a, 0x69, 0x73, 0xda, 0x08,
    0x73, 0x68, 0x69, 0x66, 0x74, 0x6a, 0x69, 0x73, 0xda, 0x04, 0x73, 0x6a, 0x69, 0x73, 0xda, 0x05,
    0x73, 0x5f, 0x6a, 0x69, 0x73, 0xda, 0x0c, 0x73, 0x68, 0x69, 0x66, 0x74, 0x6a, 0x69, 0x73, 0x32,
    0x30, 0x30, 0x34, 0xda, 0x0e, 0x73, 0x68, 0x69, 0x66, 0x74, 0x5f, 0x6a, 0x69, 0x73, 0x5f, 0x32,
    0x30, 0x30, 0x34, 0xda, 0x09, 0x73, 0x6a, 0x69, 0x73, 0x5f, 0x32, 0x30, 0x30, 0x34, 0xda, 0x0a,
    0x73, 0x5f, 0x6a, 0x69, 0x73, 0x5f, 0x32, 0x30, 0x30, 0x34, 0xda, 0x0d, 0x73, 0x68, 0x69, 0x66,
    0x74, 0x6a, 0x69, 0x73, 0x78, 0x30, 0x32, 0x31, 0x33, 0xda, 0x0e, 0x73, 0x68, 0x69, 0x66, 0x74,
    0x5f, 0x6a, 0x69, 0x73, 0x78, 0x30, 0x32, 0x31, 0x33, 0xda, 0x09, 0x73, 0x6a, 0x69, 0x73, 0x78,
    0x30, 0x32, 0x31, 0x33, 0xda, 0x0a, 0x73, 0x5f, 0x6a, 0x69, 0x73, 0x78, 0x30, 0x32, 0x31, 0x33,
    0xda, 0x06, 0x74, 0x69, 0x73, 0x36, 0x32, 0x30, 0xda, 0x07, 0x74, 0x69, 0x73, 0x5f, 0x36, 0x32,
    0x30, 0xda, 0x09, 0x74, 0x69, 0x73, 0x5f, 0x36, 0x32, 0x30, 0x5f, 0x30, 0xda, 0x0e, 0x74, 0x69,
    0x73, 0x5f, 0x36, 0x32, 0x30, 0x5f, 0x32, 0x35, 0x32, 0x39, 0x5f, 0x30, 0xda, 0x0e, 0x74, 0x69,
    0x73, 0x5f, 0x36, 0x32, 0x30, 0x5f, 0x32, 0x35, 0x32, 0x39, 0x5f, 0x31, 0xda, 0x0a, 0x69, 0x73,
    0x6f, 0x5f, 0x69, 0x72, 0x5f, 0x31, 0x36, 0x36, 0xda, 0x03, 0x75, 0x31, 0x36, 0xda, 0x06, 0x75,
    0x74, 0x66, 0x5f, 0x31, 0x36, 0xda, 0x05, 0x75, 0x74, 0x66, 0x31, 0x36, 0xda, 0x12, 0x75, 0x6e,
    0x69, 0x63, 0x6f, 0x64, 0x65, 0x62, 0x69, 0x67, 0x75, 0x6e, 0x6d, 0x61, 0x72, 0x6b, 0x65, 0x64,
    0xda, 0x09, 0x75, 0x74, 0x66, 0x5f, 0x31, 0x36, 0x5f, 0x62, 0x65, 0xda, 0x08, 0x75, 0x74, 0x66,
    0x5f, 0x31, 0x36, 0x62, 0x65, 0xda, 0x15, 0x75, 0x6e, 0x69, 0x63, 0x6f, 0x64, 0x65, 0x6c, 0x69,
    0x74, 0x74, 0x6c, 0x65, 0x75, 0x6e, 0x6d, 0x61, 0x72, 0x6b, 0x65, 0x64, 0xda, 0x09, 0x75, 0x74,
    0x66, 0x5f, 0x31, 0x36, 0x5f, 0x6c, 0x65, 0xda, 0x08, 0x75, 0x74, 0x66, 0x5f, 0x31, 0x36, 0x6c,
    0x65, 0xda, 0x03, 0x75, 0x33, 0x32, 0xda, 0x06, 0x75, 0x74, 0x66, 0x5f, 0x33, 0x32, 0xda, 0x05,
    0x75, 0x74, 0x66, 0x33, 0x32, 0xda, 0x08, 0x75, 0x74, 0x66, 0x5f, 0x33, 0x32, 0x62, 0x65, 0xda,
    0x09, 0x75, 0x74, 0x66, 0x5f, 0x33, 0x32, 0x5f, 0x62, 0x65, 0xda, 0x08, 0x75, 0x74, 0x66, 0x5f,
    0x33, 0x32, 0x6c, 0x65, 0xda, 0x09, 0x75, 0x74, 0x66, 0x5f, 0x33, 0x32, 0x5f, 0x6c, 0x65, 0xda,
    0x02, 0x75, 0x37, 0xda, 0x05, 0x75, 0x74, 0x66, 0x5f, 0x37, 0xda, 0x04, 0x75, 0x74, 0x66, 0x37,
    0xda, 0x11, 0x75, 0x6e, 0x69, 0x63, 0x6f, 0x64, 0x65, 0x5f, 0x31, 0x5f, 0x31, 0x5f, 0x75, 0x74,
    0x66, 0x5f, 0x37, 0xda, 0x02, 0x75, 0x38, 0xda, 0x05, 0x75, 0x74, 0x66, 0x5f, 0x38, 0xda, 0x03,
    0x75, 0x74, 0x66, 0xda, 0x04, 0x75, 0x74, 0x66, 0x38, 0xda, 0x09, 0x75, 0x74, 0x66, 0x38, 0x5f,
    0x75, 0x63, 0x73, 0x32, 0xda, 0x09, 0x75, 0x74, 0x66, 0x38, 0x5f, 0x75, 0x63, 0x73, 0x34, 0xda,
    0x07, 0x63, 0x70, 0x36, 0x35, 0x30, 0x30, 0x31, 0xda, 0x02, 0x75, 0x75, 0xda, 0x08, 0x75, 0x75,
    0x5f, 0x63, 0x6f, 0x64, 0x65, 0x63, 0xda, 0x03, 0x7a, 0x69, 0x70, 0xda, 0x0a, 0x7a, 0x6c, 0x69,
    0x62, 0x5f, 0x63, 0x6f, 0x64, 0x65, 0x63, 0xda, 0x04, 0x7a, 0x6c, 0x69, 0x62, 0x29, 0x04, 0xda,
    0x0e, 0x78, 0x5f, 0x6d, 0x61, 0x63, 0x5f, 0x6a, 0x61, 0x70, 0x61, 0x6e, 0x65, 0x73, 0x65, 0xda,
    0x0c, 0x78, 0x5f, 0x6d, 0x61, 0x63, 0x5f, 0x6b, 0x6f, 0x72, 0x65, 0x61, 0x6e, 0xda, 0x12, 0x78,
    0x5f, 0x6d, 0x61, 0x63, 0x5f, 0x73, 0x69, 0x6d, 0x70, 0x5f, 0x63, 0x68, 0x69, 0x6e, 0x65, 0x73,
    0x65, 0xda, 0x12, 0x78, 0x5f, 0x6d, 0x61, 0x63, 0x5f, 0x74, 0x72, 0x61, 0x64, 0x5f, 0x63, 0x68,
    0x69, 0x6e, 0x65, 0x73, 0x65, 0x4e, 0x29, 0x02, 0xda, 0x07, 0x5f, 0x5f, 0x64, 0x6f, 0x63, 0x5f,
    0x5f, 0xda, 0x07, 0x61, 0x6c, 0x69, 0x61, 0x73, 0x65, 0x73, 0xa9, 0x00, 0xf3, 0x00, 0x00, 0x00,
    0x00, 0xda, 0x1b, 0x73, 0x74, 0x64, 0x6c, 0x69, 0x62, 0x2f, 0x65, 0x6e, 0x63, 0x6f, 0x64, 0x69,
    0x6e, 0x67, 0x73, 0x2f, 0x61, 0x6c, 0x69, 0x61, 0x73, 0x65, 0x73, 0x2e, 0x70, 0x79, 0xda, 0x08,
    0x3c, 0x6d, 0x6f, 0x64, 0x75, 0x6c, 0x65, 0x3e, 0x72, 0xad, 0x01, 0x00, 0x00, 0x01, 0x00, 0x00,
    0x00, 0x73, 0xf9, 0x12, 0x00, 0x00, 0xf0, 0x03, 0x01, 0x01, 0x01, 0xf1, 0x02, 0x10, 0x01, 0x04,
    0xf0, 0x22, 0x56, 0x08, 0x0b, 0x02, 0xf0, 0x0a, 0x00, 0x05, 0x0a, 0x98, 0x37, 0xf0, 0x0b, 0x56,
    0x08, 0x0b, 0x02, 0xf0, 0x0c, 0x00, 0x05, 0x15, 0x98, 0x37, 0xf0, 0x0d, 0x56, 0x08, 0x0b, 0x02,
    0xf0, 0x0e, 0x00, 0x05, 0x15, 0x98, 0x37, 0xf0, 0x0f, 0x56, 0x08, 0x0b, 0x02, 0xf0, 0x10, 0x00,
    0x05, 0x15, 0x98, 0x37, 0xf0, 0x11, 0x56, 0x08, 0x0b, 0x02, 0xf0, 0x12, 0x00, 0x05, 0x0c, 0x98,
    0x37, 0xf0, 0x13, 0x56, 0x08, 0x0b, 0x02, 0xf0, 0x14, 0x00, 0x05, 0x0e, 0x98, 0x37, 0xf0, 0x15,
    0x56, 0x08, 0x0b, 0x02, 0xf0, 0x16, 0x00, 0x05, 0x0d, 0x98, 0x37, 0xf0, 0x17, 0x56, 0x08, 0x0b,
    0x02, 0xf0, 0x18, 0x00, 0x05, 0x10, 0x98, 0x37, 0xf0, 0x19, 0x56, 0x08, 0x0b, 0x02, 0xf0, 0x1a,
    0x00, 0x05, 0x17, 0x98, 0x37, 0xf0, 0x1b, 0x56, 0x08, 0x0b, 0x02, 0xf0, 0x1c, 0x00, 0x05, 0x0f,
    0x98, 0x37, 0xf0, 0x1d, 0x56, 0x08, 0x0b, 0x02, 0xf0, 0x1e, 0x00, 0x05, 0x09, 0x98, 0x37, 0xf0,
    0x1f, 0x56, 0x08, 0x0b, 0x02, 0xf0, 0x20, 0x00, 0x05, 0x0f, 0x98, 0x37, 0xf0, 0x21, 0x56, 0x08,
    0x0b, 0x02, 0xf0, 0x26, 0x00, 0x05, 0x0d, 0x98, 0x3e, 0xf0, 0x27, 0x56, 0x08, 0x0b, 0x02, 0xf0,
    0x28, 0x00, 0x05, 0x0e, 0x98, 0x3e, 0xf0, 0x29, 0x56, 0x08, 0x0b, 0x02, 0xf0, 0x2e, 0x00, 0x05,
    0x0e, 0x98, 0x36, 0xf0, 0x2f, 0x56, 0x08, 0x0b, 0x02, 0xf0, 0x30, 0x00, 0x05, 0x0d, 0x98, 0x36,
    0xf0, 0x31, 0x56, 0x08, 0x0b, 0x02, 0xf0, 0x36, 0x00, 0x05, 0x11, 0x98, 0x3b, 0xf1, 0x37, 0x56,
    0x08, 0x0b, 0x02, 0xf0, 0x38, 0x00, 0x05, 0x0c, 0x98, 0x3b, 0xf0, 0x39, 0x56, 0x08, 0x0b, 0x02,
    0xf0, 0x3e, 0x00, 0x05, 0x0a, 0x98, 0x3b, 0xf0, 0x3f, 0x56, 0x08, 0x0b, 0x02, 0xf0, 0x44, 0x01,
    0x00, 0x05, 0x0a, 0x98, 0x37, 0xf0, 0x45, 0x01, 0x56, 0x08, 0x0b, 0x02, 0xf0, 0x46, 0x01, 0x00,
    0x05, 0x0f, 0x98, 0x37, 0xf0, 0x47, 0x01, 0x56, 0x08, 0x0b, 0x02, 0xf0, 0x48, 0x01, 0x00, 0x05,
    0x13, 0x98, 0x37, 0xf0, 0x49, 0x01, 0x56, 0x08, 0x0b, 0x02, 0xf0, 0x4a, 0x01, 0x00, 0x05, 0x13,
    0x98, 0x37, 0xf0, 0x4b, 0x01, 0x56, 0x08, 0x0b, 0x02, 0xf0, 0x4c, 0x01, 0x00, 0x05, 0x13, 0x98,
    0x37, 0xf0, 0x4d, 0x01, 0x56, 0x08, 0x0b, 0x02, 0xf0, 0x4e, 0x01, 0x00, 0x05, 0x13, 0x98, 0x37,
    0xf0, 0x4f, 0x01, 0x56, 0x08, 0x0b, 0x02, 0xf0, 0x50, 0x01, 0x00, 0x05, 0x0d, 0x98, 0x37, 0xf0,
    0x51, 0x01, 0x56, 0x08, 0x0b, 0x02, 0xf0, 0x52, 0x01, 0x00, 0x05, 0x0d, 0x98, 0x37, 0xf0, 0x53,
    0x01, 0x56, 0x08, 0x0b, 0x02, 0xf0, 0x58, 0x01, 0x00, 0x05, 0x0b, 0x98, 0x38, 0xf0, 0x59, 0x01,
    0x56, 0x08, 0x0b, 0x02, 0xf0, 0x5a, 0x01, 0x00, 0x05, 0x10, 0x98, 0x38, 0xf0, 0x5b, 0x01, 0x56,
    0x08, 0x0b, 0x02, 0xf0, 0x5c, 0x01, 0x00, 0x05, 0x0e, 0x98, 0x38, 0xf0, 0x5d, 0x01, 0x56, 0x08,
    0x0b, 0x02, 0xf0, 0x62, 0x01, 0x00, 0x05, 0x0b, 0x98, 0x48, 0xf0, 0x63, 0x01, 0x56, 0x08, 0x0b,
    0x02, 0xf0, 0x64, 0x01, 0x00, 0x05, 0x0e, 0x98, 0x48, 0xf0, 0x65, 0x01, 0x56, 0x08, 0x0b, 0x02,
    0xf0, 0x66, 0x01, 0x00, 0x05, 0x0d, 0x98, 0x48, 0xf0, 0x67, 0x01, 0x56, 0x08, 0x0b, 0x02, 0xf0,
    0x68, 0x01, 0x00, 0x05, 0x0d, 0x98, 0x48, 0xf2, 0x69, 0x01, 0x56, 0x08, 0x0b, 0x02, 0xf0, 0x6e,
    0x01, 0x00, 0x05, 0x0b, 0x98, 0x38, 0xf0, 0x6f, 0x01, 0x56, 0x08, 0x0b, 0x02, 0xf0, 0x70, 0x01,
    0x00, 0x05, 0x0e, 0x98, 0x38, 0xf0, 0x71, 0x01, 0x56, 0x08, 0x0b, 0x02, 0xf0, 0x76, 0x01, 0x00,
    0x05, 0x0b, 0x98, 0x38, 0xf0, 0x77, 0x01, 0x56, 0x08, 0x0b, 0x02, 0xf0, 0x78, 0x01, 0x00, 0x05,
    0x13, 0x98, 0x38, 0xf0, 0x79, 0x01, 0x56, 0x08, 0x0b, 0x02, 0xf0, 0x7e, 0x01, 0x00, 0x05, 0x0b,
    0x98, 0x38, 0xf0, 0x7f, 0x01, 0x56, 0x08, 0x0b, 0x02, 0xf0, 0x40, 0x02, 0x00, 0x05, 0x13, 0x98,
    0x38, 0xf0, 0x41, 0x02, 0x56, 0x08, 0x0b, 0x02, 0xf0, 0x46, 0x02, 0x00, 0x05, 0x0b, 0x98, 0x38,
    0xf0, 0x47, 0x02, 0x56, 0x08, 0x0b, 0x02, 0xf0, 0x48, 0x02, 0x00, 0x05, 0x13, 0x98, 0x38, 0xf0,
    0x49, 0x02, 0x56, 0x08, 0x0b, 0x02, 0xf0, 0x4e, 0x02, 0x00, 0x05, 0x0b, 0x98, 0x38, 0xf0, 0x4f,
    0x02, 0x56, 0x08, 0x0b, 0x02, 0xf0, 0x50, 0x02, 0x00, 0x05, 0x13, 0x98, 0x38, 0xf0, 0x51, 0x02,
    0x56, 0x08, 0x0b, 0x02, 0xf0, 0x56, 0x02, 0x00, 0x05, 0x0b, 0x98, 0x38, 0xf0, 0x57, 0x02, 0x56,
    0x08, 0x0b, 0x02, 0xf0, 0x58, 0x02, 0x00, 0x05, 0x13, 0x98, 0x38, 0xf0, 0x59, 0x02, 0x56, 0x08,
    0x0b, 0x02, 0xf0, 0x5e, 0x02, 0x00, 0x05, 0x0b, 0x98, 0x38, 0xf0, 0x5f, 0x02, 0x56, 0x08, 0x0b,
    0x02, 0xf0, 0x60, 0x02, 0x00, 0x05, 0x13, 0x98, 0x38, 0xf0, 0x61, 0x02, 0x56, 0x08, 0x0b, 0x02,
    0xf0, 0x66, 0x02, 0x00, 0x05, 0x0b, 0x98, 0x38, 0xf0, 0x67, 0x02, 0x56, 0x08, 0x0b, 0x02, 0xf0,
    0x68, 0x02, 0x00, 0x05, 0x13, 0x98, 0x38, 0xf0, 0x69, 0x02, 0x56, 0x08, 0x0b, 0x02, 0xf0, 0x6e,
    0x02, 0x00, 0x05, 0x0b, 0x98, 0x38, 0xf2, 0x6f, 0x02, 0x56, 0x08, 0x0b, 0x02, 0xf0, 0x70, 0x02,
    0x00, 0x05, 0x13, 0x98, 0x38, 0xf0, 0x71, 0x02, 0x56, 0x08, 0x0b, 0x02, 0xf0, 0x76, 0x02, 0x00,
    0x05, 0x0b, 0x98, 0x38, 0xf0, 0x77, 0x02, 0x56, 0x08, 0x0b, 0x02, 0xf0, 0x78, 0x02, 0x00, 0x05,
    0x13, 0x98, 0x38, 0xf0, 0x79, 0x02, 0x56, 0x08, 0x0b, 0x02, 0xf0, 0x7e, 0x02, 0x00, 0x05, 0x0a,
    0x98, 0x37, 0xf0, 0x7f, 0x02, 0x56, 0x08, 0x0b, 0x02, 0xf0, 0x40, 0x03, 0x00, 0x05, 0x0d, 0x98,
    0x37, 0xf0, 0x41, 0x03, 0x56, 0x08, 0x0b, 0x02, 0xf0, 0x42, 0x03, 0x00, 0x05, 0x0f, 0x98, 0x37,
    0xf0, 0x43, 0x03, 0x56, 0x08, 0x0b, 0x02, 0xf0, 0x48, 0x03, 0x00, 0x05, 0x0a, 0x98, 0x37, 0xf0,
    0x49, 0x03, 0x56, 0x08, 0x0b, 0x02, 0xf0, 0x4a, 0x03, 0x00, 0x05, 0x0f, 0x98, 0x37, 0xf0, 0x4b,
    0x03, 0x56, 0x08, 0x0b, 0x02, 0xf0, 0x4c, 0x03, 0x00, 0x05, 0x13, 0x98, 0x37, 0xf0, 0x4d, 0x03,
    0x56, 0x08, 0x0b, 0x02, 0xf0, 0x4e, 0x03, 0x00, 0x05, 0x0d, 0x98, 0x37, 0xf0, 0x4f, 0x03, 0x56,
    0x08, 0x0b, 0x02, 0xf0, 0x54, 0x03, 0x00, 0x05, 0x0a, 0x98, 0x37, 0xf0, 0x55, 0x03, 0x56, 0x08,
    0x0b, 0x02, 0xf0, 0x56, 0x03, 0x00, 0x05, 0x17, 0x98, 0x37, 0xf0, 0x57, 0x03, 0x56, 0x08, 0x0b,
    0x02, 0xf0, 0x58, 0x03, 0x00, 0x05, 0x0d, 0x98, 0x37, 0xf0, 0x59, 0x03, 0x56, 0x08, 0x0b, 0x02,
    0xf0, 0x5e, 0x03, 0x00, 0x05, 0x0a, 0x98, 0x37, 0xf0, 0x5f, 0x03, 0x56, 0x08, 0x0b, 0x02, 0xf0,
    0x60, 0x03, 0x00, 0x05, 0x0f, 0x98, 0x37, 0xf0, 0x61, 0x03, 0x56, 0x08, 0x0b, 0x02, 0xf0, 0x62,
    0x03, 0x00, 0x05, 0x13, 0x98, 0x37, 0xf0, 0x63, 0x03, 0x56, 0x08, 0x0b, 0x02, 0xf0, 0x64, 0x03,
    0x00, 0x05, 0x13, 0x98, 0x37, 0xf2, 0x65, 0x03, 0x56, 0x08, 0x0b, 0x02, 0xf0, 0x66, 0x03, 0x00,
    0x05, 0x0d, 0x98, 0x37, 0xf0, 0x67, 0x03, 0x56, 0x08, 0x0b, 0x02, 0xf0, 0x6c, 0x03, 0x00, 0x05,
    0x0a, 0x98, 0x37, 0xf0, 0x6d, 0x03, 0x56, 0x08, 0x0b, 0x02, 0xf0, 0x6e, 0x03, 0x00, 0x05, 0x14,
    0x98, 0x37, 0xf0, 0x6f, 0x03, 0x56, 0x08, 0x0b, 0x02, 0xf0, 0x70, 0x03, 0x00, 0x05, 0x0d, 0x98,
    0x37, 0xf0, 0x71, 0x03, 0x56, 0x08, 0x0b, 0x02, 0xf0, 0x76, 0x03, 0x00, 0x05, 0x0a, 0x98, 0x37,
    0xf0, 0x77, 0x03, 0x56, 0x08, 0x0b, 0x02, 0xf0, 0x78, 0x03, 0x00, 0x05, 0x1a, 0x98, 0x47, 0xf0,
    0x79, 0x03, 0x56, 0x08, 0x0b, 0x02, 0xf0, 0x7a, 0x03, 0x00, 0x05, 0x0d, 0x98, 0x37, 0xf0, 0x7b,
    0x03, 0x56, 0x08, 0x0b, 0x02, 0xf0, 0x40, 0x04, 0x00, 0x05, 0x0a, 0x98, 0x37, 0xf0, 0x41, 0x04,
    0x56, 0x08, 0x0b, 0x02, 0xf0, 0x42, 0x04, 0x00, 0x05, 0x0f, 0x98, 0x37, 0xf0, 0x43, 0x04, 0x56,
    0x08, 0x0b, 0x02, 0xf0, 0x44, 0x04, 0x00, 0x05, 0x0d, 0x98, 0x37, 0xf0, 0x45, 0x04, 0x56, 0x08,
    0x0b, 0x02, 0xf0, 0x4a, 0x04, 0x00, 0x05, 0x0a, 0x98, 0x37, 0xf0, 0x4b, 0x04, 0x56, 0x08, 0x0b,
    0x02, 0xf0, 0x4c, 0x04, 0x00, 0x05, 0x0f, 0x98, 0x37, 0xf0, 0x4d, 0x04, 0x56, 0x08, 0x0b, 0x02,
    0xf0, 0x4e, 0x04, 0x00, 0x05, 0x0d, 0x98, 0x37, 0xf0, 0x4f, 0x04, 0x56, 0x08, 0x0b, 0x02, 0xf0,
    0x54, 0x04, 0x00, 0x05, 0x0a, 0x98, 0x37, 0xf0, 0x55, 0x04, 0x56, 0x08, 0x0b, 0x02, 0xf0, 0x56,
    0x04, 0x00, 0x05, 0x0f, 0x98, 0x37, 0xf0, 0x57, 0x04, 0x56, 0x08, 0x0b, 0x02, 0xf0, 0x58, 0x04,
    0x00, 0x05, 0x0d, 0x98, 0x37, 0xf0, 0x59, 0x04, 0x56, 0x08, 0x0b, 0x02, 0xf0, 0x5e, 0x04, 0x00,
    0x05, 0x0a, 0x98, 0x37, 0xf2, 0x5f, 0x04, 0x56, 0x08, 0x0b, 0x02, 0xf0, 0x60, 0x04, 0x00, 0x05,
    0x0f, 0x98, 0x37, 0xf0, 0x61, 0x04, 0x56, 0x08, 0x0b, 0x02, 0xf0, 0x62, 0x04, 0x00, 0x05, 0x0d,
    0x98, 0x37, 0xf0, 0x63, 0x04, 0x56, 0x08, 0x0b, 0x02, 0xf0, 0x68, 0x04, 0x00, 0x05, 0x0a, 0x98,
    0x37, 0xf0, 0x69, 0x04, 0x56, 0x08, 0x0b, 0x02, 0xf0, 0x6a, 0x04, 0x00, 0x05, 0x0f, 0x98, 0x37,
    0xf0, 0x6b, 0x04, 0x56, 0x08, 0x0b, 0x02, 0xf0, 0x6c, 0x04, 0x00, 0x05, 0x0d, 0x98, 0x37, 0xf0,
    0x6d, 0x04, 0x56, 0x08, 0x0b, 0x02, 0xf0, 0x72, 0x04, 0x00, 0x05, 0x0a, 0x98, 0x37, 0xf0, 0x73,
    0x04, 0x56, 0x08, 0x0b, 0x02, 0xf0, 0x74, 0x04, 0x00, 0x05, 0x0c, 0x98, 0x37, 0xf0, 0x75, 0x04,
    0x56, 0x08, 0x0b, 0x02, 0xf0, 0x76, 0x04, 0x00, 0x05, 0x0f, 0x98, 0x37, 0xf0, 0x77, 0x04, 0x56,
    0x08, 0x0b, 0x02, 0xf0, 0x78, 0x04, 0x00, 0x05, 0x0d, 0x98, 0x37, 0xf0, 0x79, 0x04, 0x56, 0x08,
    0x0b, 0x02, 0xf0, 0x7e, 0x04, 0x00, 0x05, 0x0a, 0x98, 0x37, 0xf0, 0x7f, 0x04, 0x56, 0x08, 0x0b,
    0x02, 0xf0, 0x40, 0x05, 0x00, 0x05, 0x19, 0x98, 0x37, 0xf0, 0x41, 0x05, 0x56, 0x08, 0x0b, 0x02,
    0xf0, 0x42, 0x05, 0x00, 0x05, 0x0d, 0x98, 0x37, 0xf0, 0x43, 0x05, 0x56, 0x08, 0x0b, 0x02, 0xf0,
    0x48, 0x05, 0x00, 0x05, 0x0a, 0x98, 0x37, 0xf0, 0x49, 0x05, 0x56, 0x08, 0x0b, 0x02, 0xf0, 0x4a,
    0x05, 0x00, 0x05, 0x0f, 0x98, 0x37, 0xf0, 0x4b, 0x05, 0x56, 0x08, 0x0b, 0x02, 0xf0, 0x4c, 0x05,
    0x00, 0x05, 0x0d, 0x98, 0x37, 0xf0, 0x4d, 0x05, 0x56, 0x08, 0x0b, 0x02, 0xf0, 0x52, 0x05, 0x00,
    0x05, 0x0a, 0x98, 0x37, 0xf0, 0x53, 0x05, 0x56, 0x08, 0x0b, 0x02, 0xf0, 0x54, 0x05, 0x00, 0x05,
    0x0f, 0x98, 0x37, 0xf2, 0x55, 0x05, 0x56, 0x08, 0x0b, 0x02, 0xf0, 0x56, 0x05, 0x00, 0x05, 0x0d,
    0x98, 0x37, 0xf0, 0x57, 0x05, 0x56, 0x08, 0x0b, 0x02, 0xf0, 0x5c, 0x05, 0x00, 0x05, 0x0a, 0x98,
    0x37, 0xf0, 0x5d, 0x05, 0x56, 0x08, 0x0b, 0x02, 0xf0, 0x5e, 0x05, 0x00, 0x05, 0x0f, 0x98, 0x37,
    0xf0, 0x5f, 0x05, 0x56, 0x08, 0x0b, 0x02, 0xf0, 0x60, 0x05, 0x00, 0x05, 0x0d, 0x98, 0x37, 0xf0,
    0x61, 0x05, 0x56, 0x08, 0x0b, 0x02, 0xf0, 0x66, 0x05, 0x00, 0x05, 0x0a, 0x98, 0x37, 0xf0, 0x67,
    0x05, 0x56, 0x08, 0x0b, 0x02, 0xf0, 0x68, 0x05, 0x00, 0x05, 0x0f, 0x98, 0x37, 0xf0, 0x69, 0x05,
    0x56, 0x08, 0x0b, 0x02, 0xf0, 0x6a, 0x05, 0x00, 0x05, 0x0d, 0x98, 0x37, 0xf0, 0x6b, 0x05, 0x56,
    0x08, 0x0b, 0x02, 0xf0, 0x70, 0x05, 0x00, 0x05, 0x0a, 0x98, 0x37, 0xf0, 0x71, 0x05, 0x56, 0x08,
    0x0b, 0x02, 0xf0, 0x72, 0x05, 0x00, 0x05, 0x0c, 0x98, 0x37, 0xf0, 0x73, 0x05, 0x56, 0x08, 0x0b,
    0x02, 0xf0, 0x74, 0x05, 0x00, 0x05, 0x0f, 0x98, 0x37, 0xf0, 0x75, 0x05, 0x56, 0x08, 0x0b, 0x02,
    0xf0, 0x76, 0x05, 0x00, 0x05, 0x0d, 0x98, 0x37, 0xf0, 0x77, 0x05, 0x56, 0x08, 0x0b, 0x02, 0xf0,
    0x7c, 0x05, 0x00, 0x05, 0x0a, 0x98, 0x37, 0xf0, 0x7d, 0x05, 0x56, 0x08, 0x0b, 0x02, 0xf0, 0x7e,
    0x05, 0x00, 0x05, 0x0c, 0x98, 0x37, 0xf0, 0x7f, 0x05, 0x56, 0x08, 0x0b, 0x02, 0xf0, 0x40, 0x06,
    0x00, 0x05, 0x0e, 0x98, 0x37, 0xf0, 0x41, 0x06, 0x56, 0x08, 0x0b, 0x02, 0xf0, 0x42, 0x06, 0x00,
    0x05, 0x0f, 0x98, 0x37, 0xf0, 0x43, 0x06, 0x56, 0x08, 0x0b, 0x02, 0xf0, 0x44, 0x06, 0x00, 0x05,
    0x12, 0x98, 0x37, 0xf0, 0x45, 0x06, 0x56, 0x08, 0x0b, 0x02, 0xf0, 0x4a, 0x06, 0x00, 0x05, 0x0a,
    0x98, 0x37, 0xf2, 0x4b, 0x06, 0x56, 0x08, 0x0b, 0x02, 0xf0, 0x4c, 0x06, 0x00, 0x05, 0x0c, 0x98,
    0x37, 0xf0, 0x4d, 0x06, 0x56, 0x08, 0x0b, 0x02, 0xf0, 0x4e, 0x06, 0x00, 0x05, 0x0a, 0x98, 0x37,
    0xf0, 0x4f, 0x06, 0x56, 0x08, 0x0b, 0x02, 0xf0, 0x54, 0x06, 0x00, 0x05, 0x0a, 0x98, 0x37, 0xf0,
    0x55, 0x06, 0x56, 0x08, 0x0b, 0x02, 0xf0, 0x56, 0x06, 0x00, 0x05, 0x0c, 0x98, 0x37, 0xf0, 0x57,
    0x06, 0x56, 0x08, 0x0b, 0x02, 0xf0, 0x5c, 0x06, 0x00, 0x05, 0x0f, 0x98, 0x3e, 0xf0, 0x5d, 0x06,
    0x56, 0x08, 0x0b, 0x02, 0xf0, 0x5e, 0x06, 0x00, 0x05, 0x11, 0x98, 0x3e, 0xf0, 0x5f, 0x06, 0x56,
    0x08, 0x0b, 0x02, 0xf0, 0x60, 0x06, 0x00, 0x05, 0x12, 0x98, 0x3e, 0xf0, 0x61, 0x06, 0x56, 0x08,
    0x0b, 0x02, 0xf0, 0x66, 0x06, 0x00, 0x05, 0x12, 0x98, 0x3e, 0xf0, 0x67, 0x06, 0x56, 0x08, 0x0b,
    0x02, 0xf0, 0x6c, 0x06, 0x00, 0x05, 0x0c, 0x98, 0x38, 0xf0, 0x6d, 0x06, 0x56, 0x08, 0x0b, 0x02,
    0xf0, 0x6e, 0x06, 0x00, 0x05, 0x0b, 0x98, 0x38, 0xf0, 0x6f, 0x06, 0x56, 0x08, 0x0b, 0x02, 0xf0,
    0x70, 0x06, 0x00, 0x05, 0x0c, 0x98, 0x38, 0xf0, 0x71, 0x06, 0x56, 0x08, 0x0b, 0x02, 0xf0, 0x76,
    0x06, 0x00, 0x05, 0x0c, 0x98, 0x38, 0xf0, 0x77, 0x06, 0x56, 0x08, 0x0b, 0x02, 0xf0, 0x78, 0x06,
    0x00, 0x05, 0x0d, 0x98, 0x38, 0xf0, 0x79, 0x06, 0x56, 0x08, 0x0b, 0x02, 0xf0, 0x7a, 0x06, 0x00,
    0x05, 0x0e, 0x98, 0x38, 0xf0, 0x7b, 0x06, 0x56, 0x08, 0x0b, 0x02, 0xf0, 0x7c, 0x06, 0x00, 0x05,
    0x10, 0x98, 0x38, 0xf0, 0x7d, 0x06, 0x56, 0x08, 0x0b, 0x02, 0xf0, 0x7e, 0x06, 0x00, 0x05, 0x15,
    0x98, 0x38, 0xf0, 0x7f, 0x06, 0x56, 0x08, 0x0b, 0x02, 0xf0, 0x40, 0x07, 0x00, 0x05, 0x0e, 0x98,
    0x38, 0xf2, 0x41, 0x07, 0x56, 0x08, 0x0b, 0x02, 0xf0, 0x42, 0x07, 0x00, 0x05, 0x10, 0x98, 0x38,
    0xf0, 0x43, 0x07, 0x56, 0x08, 0x0b, 0x02, 0xf0, 0x48, 0x07, 0x00, 0x05, 0x13, 0x98, 0x39, 0xf0,
    0x49, 0x07, 0x56, 0x08, 0x0b, 0x02, 0xf0, 0x4e, 0x07, 0x00, 0x05, 0x0e, 0x98, 0x38, 0xf0, 0x4f,
    0x07, 0x56, 0x08, 0x0b, 0x02, 0xf0, 0x50, 0x07, 0x00, 0x05, 0x16, 0x98, 0x38, 0xf0, 0x51, 0x07,
    0x56, 0x08, 0x0b, 0x02, 0xf0, 0x52, 0x07, 0x00, 0x05, 0x0d, 0x98, 0x38, 0xf0, 0x53, 0x07, 0x56,
    0x08, 0x0b, 0x02, 0xf0, 0x54, 0x07, 0x00, 0x05, 0x0c, 0x98, 0x38, 0xf0, 0x55, 0x07, 0x56, 0x08,
    0x0b, 0x02, 0xf0, 0x56, 0x07, 0x00, 0x05, 0x13, 0x98, 0x38, 0xf0, 0x57, 0x07, 0x56, 0x08, 0x0b,
    0x02, 0xf0, 0x58, 0x07, 0x00, 0x05, 0x12, 0x98, 0x38, 0xf0, 0x59, 0x07, 0x56, 0x08, 0x0b, 0x02,
    0xf0, 0x5a, 0x07, 0x00, 0x05, 0x10, 0x98, 0x38, 0xf0, 0x5b, 0x07, 0x56, 0x08, 0x0b, 0x02, 0xf0,
    0x5c, 0x07, 0x00, 0x05, 0x10, 0x98, 0x38, 0xf0, 0x5d, 0x07, 0x56, 0x08, 0x0b, 0x02, 0xf0, 0x62,
    0x07, 0x00, 0x05, 0x0a, 0x98, 0x35, 0xf0, 0x63, 0x07, 0x56, 0x08, 0x0b, 0x02, 0xf0, 0x64, 0x07,
    0x00, 0x05, 0x0c, 0x98, 0x35, 0xf0, 0x65, 0x07, 0x56, 0x08, 0x0b, 0x02, 0xf0, 0x66, 0x07, 0x00,
    0x05, 0x0c, 0x98, 0x35, 0xf0, 0x67, 0x07, 0x56, 0x08, 0x0b, 0x02, 0xf0, 0x6c, 0x07, 0x00, 0x05,
    0x0a, 0x98, 0x3b, 0xf0, 0x6d, 0x07, 0x56, 0x08, 0x0b, 0x02, 0xf0, 0x72, 0x07, 0x00, 0x05, 0x0d,
    0x98, 0x3b, 0xf0, 0x73, 0x07, 0x56, 0x08, 0x0b, 0x02, 0xf0, 0x74, 0x07, 0x00, 0x05, 0x09, 0x98,
    0x3b, 0xf0, 0x75, 0x07, 0x56, 0x08, 0x0b, 0x02, 0xf0, 0x76, 0x07, 0x00, 0x05, 0x11, 0x98, 0x3b,
    0xf2, 0x77, 0x07, 0x56, 0x08, 0x0b, 0x02, 0xf0, 0x78, 0x07, 0x00, 0x05, 0x0d, 0x98, 0x3b, 0xf0,
    0x79, 0x07, 0x56, 0x08, 0x0b, 0x02, 0xf0, 0x7a, 0x07, 0x00, 0x05, 0x0e, 0x98, 0x3b, 0xf0, 0x7b,
    0x07, 0x56, 0x08, 0x0b, 0x02, 0xf0, 0x40, 0x08, 0x00, 0x05, 0x0b, 0x98, 0x34, 0xf0, 0x41, 0x08,
    0x56, 0x08, 0x0b, 0x02, 0xf0, 0x42, 0x08, 0x00, 0x05, 0x0c, 0x98, 0x34, 0xf0, 0x43, 0x08, 0x56,
    0x08, 0x0b, 0x02, 0xf0, 0x44, 0x08, 0x00, 0x05, 0x11, 0x98, 0x34, 0xf0, 0x45, 0x08, 0x56, 0x08,
    0x0b, 0x02, 0xf0, 0x4a, 0x08, 0x00, 0x05, 0x12, 0x98, 0x3c, 0xf0, 0x4b, 0x08, 0x56, 0x08, 0x0b,
    0x02, 0xf0, 0x4c, 0x08, 0x00, 0x05, 0x10, 0x98, 0x3c, 0xf0, 0x4d, 0x08, 0x56, 0x08, 0x0b, 0x02,
    0xf0, 0x4e, 0x08, 0x00, 0x05, 0x12, 0x98, 0x3c, 0xf0, 0x4f, 0x08, 0x56, 0x08, 0x0b, 0x02, 0xf0,
    0x54, 0x08, 0x00, 0x05, 0x12, 0x98, 0x3e, 0xf0, 0x55, 0x08, 0x56, 0x08, 0x0b, 0x02, 0xf0, 0x56,
    0x08, 0x00, 0x05, 0x14, 0x98, 0x3e, 0xf0, 0x57, 0x08, 0x56, 0x08, 0x0b, 0x02, 0xf0, 0x5c, 0x08,
    0x00, 0x05, 0x12, 0x98, 0x3e, 0xf0, 0x5d, 0x08, 0x56, 0x08, 0x0b, 0x02, 0xf0, 0x5e, 0x08, 0x00,
    0x05, 0x14, 0x98, 0x3e, 0xf0, 0x5f, 0x08, 0x56, 0x08, 0x0b, 0x02, 0xf0, 0x64, 0x08, 0x00, 0x05,
    0x17, 0xd0, 0x1b, 0x2c, 0xf0, 0x65, 0x08, 0x56, 0x08, 0x0b, 0x02, 0xf0, 0x66, 0x08, 0x00, 0x05,
    0x15, 0xd0, 0x1b, 0x2c, 0xf0, 0x67, 0x08, 0x56, 0x08, 0x0b, 0x02, 0xf0, 0x6c, 0x08, 0x00, 0x05,
    0x12, 0x98, 0x3e, 0xf0, 0x6d, 0x08, 0x56, 0x08, 0x0b, 0x02, 0xf0, 0x6e, 0x08, 0x00, 0x05, 0x14,
    0x98, 0x3e, 0xf0, 0x6f, 0x08, 0x56, 0x08, 0x0b, 0x02, 0xf0, 0x74, 0x08, 0x00, 0x05, 0x14, 0xd0,
    0x1b, 0x2b, 0xf2, 0x75, 0x08, 0x56, 0x08, 0x0b, 0x02, 0xf0, 0x76, 0x08, 0x00, 0x05, 0x16, 0xd0,
    0x1b, 0x2b, 0xf0, 0x77, 0x08, 0x56, 0x08, 0x0b, 0x02, 0xf0, 0x7c, 0x08, 0x00, 0x05, 0x12, 0x98,
    0x3c, 0xf0, 0x7d, 0x08, 0x56, 0x08, 0x0b, 0x02, 0xf0, 0x7e, 0x08, 0x00, 0x05, 0x10, 0x98, 0x3c,
    0xf0, 0x7f, 0x08, 0x56, 0x08, 0x0b, 0x02, 0xf0, 0x40, 0x09, 0x00, 0x05, 0x12, 0x98, 0x3c, 0xf0,
    0x41, 0x09, 0x56, 0x08, 0x0b, 0x02, 0xf0, 0x46, 0x09, 0x00, 0x05, 0x12, 0x98, 0x3c, 0xf0, 0x47,
    0x09, 0x56, 0x08, 0x0b, 0x02, 0xf0, 0x48, 0x09, 0x00, 0x05, 0x12, 0x98, 0x3c, 0xf0, 0x49, 0x09,
    0x56, 0x08, 0x0b, 0x02, 0xf0, 0x4a, 0x09, 0x00, 0x05, 0x17, 0x98, 0x3c, 0xf0, 0x4b, 0x09, 0x56,
    0x08, 0x0b, 0x02, 0xf0, 0x4c, 0x09, 0x00, 0x05, 0x11, 0x98, 0x3c, 0xf0, 0x4d, 0x09, 0x56, 0x08,
    0x0b, 0x02, 0xf0, 0x4e, 0x09, 0x00, 0x05, 0x09, 0x98, 0x3c, 0xf0, 0x4f, 0x09, 0x56, 0x08, 0x0b,
    0x02, 0xf0, 0x50, 0x09, 0x00, 0x05, 0x0d, 0x98, 0x3c, 0xf0, 0x51, 0x09, 0x56, 0x08, 0x0b, 0x02,
    0xf0, 0x56, 0x09, 0x00, 0x05, 0x0b, 0x98, 0x3c, 0xf0, 0x57, 0x09, 0x56, 0x08, 0x0b, 0x02, 0xf0,
    0x58, 0x09, 0x00, 0x05, 0x12, 0x98, 0x3c, 0xf0, 0x59, 0x09, 0x56, 0x08, 0x0b, 0x02, 0xf0, 0x5a,
    0x09, 0x00, 0x05, 0x17, 0x98, 0x3c, 0xf0, 0x5b, 0x09, 0x56, 0x08, 0x0b, 0x02, 0xf0, 0x60, 0x09,
    0x00, 0x05, 0x12, 0x98, 0x3c, 0xf0, 0x61, 0x09, 0x56, 0x08, 0x0b, 0x02, 0xf0, 0x62, 0x09, 0x00,
    0x05, 0x09, 0x98, 0x3c, 0xf0, 0x63, 0x09, 0x56, 0x08, 0x0b, 0x02, 0xf0, 0x64, 0x09, 0x00, 0x05,
    0x0d, 0x98, 0x3c, 0xf0, 0x65, 0x09, 0x56, 0x08, 0x0b, 0x02, 0xf0, 0x6a, 0x09, 0x00, 0x05, 0x12,
    0x98, 0x3c, 0xf2, 0x6b, 0x09, 0x56, 0x08, 0x0b, 0x02, 0xf0, 0x6c, 0x09, 0x00, 0x05, 0x17, 0x98,
    0x3c, 0xf0, 0x6d, 0x09, 0x56, 0x08, 0x0b, 0x02, 0xf0, 0x6e, 0x09, 0x00, 0x05, 0x11, 0x98, 0x3c,
    0xf0, 0x6f, 0x09, 0x56, 0x08, 0x0b, 0x02, 0xf0, 0x70, 0x09, 0x00, 0x05, 0x11, 0x98, 0x3c, 0xf0,
    0x71, 0x09, 0x56, 0x08, 0x0b, 0x02, 0xf0, 0x72, 0x09, 0x00, 0x05, 0x09, 0x98, 0x3c, 0xf0, 0x73,
    0x09, 0x56, 0x08, 0x0b, 0x02, 0xf0, 0x74, 0x09, 0x00, 0x05, 0x0d, 0x98, 0x3c, 0xf0, 0x75, 0x09,
    0x56, 0x08, 0x0b, 0x02, 0xf0, 0x7a, 0x09, 0x00, 0x05, 0x12, 0x98, 0x3c, 0xf0, 0x7b, 0x09, 0x56,
    0x08, 0x0b, 0x02, 0xf0, 0x7c, 0x09, 0x00, 0x05, 0x09, 0x98, 0x3c, 0xf0, 0x7d, 0x09, 0x56, 0x08,
    0x0b, 0x02, 0xf1, 0x7e, 0x09, 0x00, 0x05, 0x0d, 0x98, 0x3c, 0xf0, 0x7f, 0x09, 0x56, 0x08, 0x0b,
    0x02, 0xf1, 0x44, 0x0a, 0x00, 0x05, 0x12, 0x99, 0x3c, 0xf0, 0x45, 0x0a, 0x56, 0x08, 0x0b, 0x02,
    0xf1, 0x46, 0x0a, 0x00, 0x05, 0x17, 0x99, 0x3c, 0xf0, 0x47, 0x0a, 0x56, 0x08, 0x0b, 0x02, 0xf1,
    0x48, 0x0a, 0x00, 0x05, 0x11, 0x99, 0x3c, 0xf0, 0x49, 0x0a, 0x56, 0x08, 0x0b, 0x02, 0xf1, 0x4a,
    0x0a, 0x00, 0x05, 0x0a, 0x99, 0x3c, 0xf0, 0x4b, 0x0a, 0x56, 0x08, 0x0b, 0x02, 0xf1, 0x4c, 0x0a,
    0x00, 0x05, 0x0e, 0x99, 0x3c, 0xf0, 0x4d, 0x0a, 0x56, 0x08, 0x0b, 0x02, 0xf1, 0x52, 0x0a, 0x00,
    0x05, 0x12, 0x99, 0x3b, 0xf0, 0x53, 0x0a, 0x56, 0x08, 0x0b, 0x02, 0xf1, 0x54, 0x0a, 0x00, 0x05,
    0x11, 0x99, 0x3b, 0xf0, 0x55, 0x0a, 0x56, 0x08, 0x0b, 0x02, 0xf1, 0x56, 0x0a, 0x00, 0x05, 0x16,
    0x99, 0x3b, 0xf0, 0x57, 0x0a, 0x56, 0x08, 0x0b, 0x02, 0xf1, 0x58, 0x0a, 0x00, 0x05, 0x11, 0x99,
    0x3b, 0xf2, 0x59, 0x0a, 0x56, 0x08, 0x0b, 0x02, 0xf1, 0x5a, 0x0a, 0x00, 0x05, 0x09, 0x99, 0x3b,
    0xf0, 0x5b, 0x0a, 0x56, 0x08, 0x0b, 0x02, 0xf1, 0x5c, 0x0a, 0x00, 0x05, 0x0d, 0x99, 0x3b, 0xf0,
    0x5d, 0x0a, 0x56, 0x08, 0x0b, 0x02, 0xf1, 0x62, 0x0a, 0x00, 0x05, 0x12, 0x99, 0x3b, 0xf0, 0x63,
    0x0a, 0x56, 0x08, 0x0b, 0x02, 0xf1, 0x64, 0x0a, 0x00, 0x05, 0x11, 0x99, 0x3b, 0xf0, 0x65, 0x0a,
    0x56, 0x08, 0x0b, 0x02, 0xf1, 0x66, 0x0a, 0x00, 0x05, 0x16, 0x99, 0x3b, 0xf0, 0x67, 0x0a, 0x56,
    0x08, 0x0b, 0x02, 0xf1, 0x68, 0x0a, 0x00, 0x05, 0x11, 0x99, 0x3b, 0xf0, 0x69, 0x0a, 0x56, 0x08,
    0x0b, 0x02, 0xf1, 0x6a, 0x0a, 0x00, 0x05, 0x09, 0x99, 0x3b, 0xf0, 0x6b, 0x0a, 0x56, 0x08, 0x0b,
    0x02, 0xf1, 0x6c, 0x0a, 0x00, 0x05, 0x0d, 0x99, 0x3b, 0xf0, 0x6d, 0x0a, 0x56, 0x08, 0x0b, 0x02,
    0xf1, 0x72, 0x0a, 0x00, 0x05, 0x12, 0x99, 0x3b, 0xf0, 0x73, 0x0a, 0x56, 0x08, 0x0b, 0x02, 0xf1,
    0x74, 0x0a, 0x00, 0x05, 0x11, 0x99, 0x3b, 0xf0, 0x75, 0x0a, 0x56, 0x08, 0x0b, 0x02, 0xf1, 0x76,
    0x0a, 0x00, 0x05, 0x16, 0x99, 0x3b, 0xf0, 0x77, 0x0a, 0x56, 0x08, 0x0b, 0x02, 0xf1, 0x78, 0x0a,
    0x00, 0x05, 0x11, 0x99, 0x3b, 0xf0, 0x79, 0x0a, 0x56, 0x08, 0x0b, 0x02, 0xf1, 0x7a, 0x0a, 0x00,
    0x05, 0x09, 0x99, 0x3b, 0xf0, 0x7b, 0x0a, 0x56, 0x08, 0x0b, 0x02, 0xf1, 0x7c, 0x0a, 0x00, 0x05,
    0x0d, 0x99, 0x3b, 0xf0, 0x7d, 0x0a, 0x56, 0x08, 0x0b, 0x02, 0xf1, 0x42, 0x0b, 0x00, 0x05, 0x19,
    0x99, 0x3b, 0xf0, 0x43, 0x0b, 0x56, 0x08, 0x0b, 0x02, 0xf1, 0x44, 0x0b, 0x00, 0x05, 0x0f, 0x99,
    0x3b, 0xf0, 0x45, 0x0b, 0x56, 0x08, 0x0b, 0x02, 0xf1, 0x46, 0x0b, 0x00, 0x05, 0x11, 0x99, 0x3b,
    0xf2, 0x47, 0x0b, 0x56, 0x08, 0x0b, 0x02, 0xf1, 0x48, 0x0b, 0x00, 0x05, 0x16, 0x99, 0x3b, 0xf0,
    0x49, 0x0b, 0x56, 0x08, 0x0b, 0x02, 0xf1, 0x4a, 0x0b, 0x00, 0x05, 0x11, 0x99, 0x3b, 0xf0, 0x4b,
    0x0b, 0x56, 0x08, 0x0b, 0x02, 0xf1, 0x50, 0x0b, 0x00, 0x05, 0x0d, 0x99, 0x3b, 0xf0, 0x51, 0x0b,
    0x56, 0x08, 0x0b, 0x02, 0xf1, 0x52, 0x0b, 0x00, 0x05, 0x0f, 0x99, 0x3b, 0xf0, 0x53, 0x0b, 0x56,
    0x08, 0x0b, 0x02, 0xf1, 0x54, 0x0b, 0x00, 0x05, 0x17, 0x99, 0x3b, 0xf0, 0x55, 0x0b, 0x56, 0x08,
    0x0b, 0x02, 0xf1, 0x56, 0x0b, 0x00, 0x05, 0x0f, 0x99, 0x3b, 0xf0, 0x57, 0x0b, 0x56, 0x08, 0x0b,
    0x02, 0xf1, 0x58, 0x0b, 0x00, 0x05, 0x11, 0x99, 0x3b, 0xf0, 0x59, 0x0b, 0x56, 0x08, 0x0b, 0x02,
    0xf1, 0x5a, 0x0b, 0x00, 0x05, 0x16, 0x99, 0x3b, 0xf0, 0x5b, 0x0b, 0x56, 0x08, 0x0b, 0x02, 0xf1,
    0x5c, 0x0b, 0x00, 0x05, 0x11, 0x99, 0x3b, 0xf0, 0x5d, 0x0b, 0x56, 0x08, 0x0b, 0x02, 0xf1, 0x62,
    0x0b, 0x00, 0x05, 0x16, 0x99, 0x3b, 0xf0, 0x63, 0x0b, 0x56, 0x08, 0x0b, 0x02, 0xf1, 0x64, 0x0b,
    0x00, 0x05, 0x0f, 0x99, 0x3b, 0xf0, 0x65, 0x0b, 0x56, 0x08, 0x0b, 0x02, 0xf1, 0x66, 0x0b, 0x00,
    0x05, 0x0f, 0x99, 0x3b, 0xf0, 0x67, 0x0b, 0x56, 0x08, 0x0b, 0x02, 0xf1, 0x68, 0x0b, 0x00, 0x05,
    0x0c, 0x99, 0x3b, 0xf0, 0x69, 0x0b, 0x56, 0x08, 0x0b, 0x02, 0xf1, 0x6a, 0x0b, 0x00, 0x05, 0x0d,
    0x99, 0x3b, 0xf0, 0x6b, 0x0b, 0x56, 0x08, 0x0b, 0x02, 0xf1, 0x6c, 0x0b, 0x00, 0x05, 0x11, 0x99,
    0x3b, 0xf0, 0x6d, 0x0b, 0x56, 0x08, 0x0b, 0x02, 0xf1, 0x6e, 0x0b, 0x00, 0x05, 0x16, 0x99, 0x3b,
    0xf0, 0x6f, 0x0b, 0x56, 0x08, 0x0b, 0x02, 0xf1, 0x70, 0x0b, 0x00, 0x05, 0x11, 0x99, 0x3b, 0xf2,
    0x71, 0x0b, 0x56, 0x08, 0x0b, 0x02, 0xf1, 0x76, 0x0b, 0x00, 0x05, 0x17, 0x99, 0x3b, 0xf0, 0x77,
    0x0b, 0x56, 0x08, 0x0b, 0x02, 0xf1, 0x78, 0x0b, 0x00, 0x05, 0x0d, 0x99, 0x3b, 0xf0, 0x79, 0x0b,
    0x56, 0x08, 0x0b, 0x02, 0xf1, 0x7a, 0x0b, 0x00, 0x05, 0x11, 0x99, 0x3b, 0xf0, 0x7b, 0x0b, 0x56,
    0x08, 0x0b, 0x02, 0xf1, 0x7c, 0x0b, 0x00, 0x05, 0x16, 0x99, 0x3b, 0xf0, 0x7d, 0x0b, 0x56, 0x08,
    0x0b, 0x02, 0xf1, 0x7e, 0x0b, 0x00, 0x05, 0x11, 0x99, 0x3b, 0xf0, 0x7f, 0x0b, 0x56, 0x08, 0x0b,
    0x02, 0xf1, 0x44, 0x0c, 0x00, 0x05, 0x12, 0x99, 0x3b, 0xf0, 0x45, 0x0c, 0x56, 0x08, 0x0b, 0x02,
    0xf1, 0x46, 0x0c, 0x00, 0x05, 0x11, 0x99, 0x3b, 0xf0, 0x47, 0x0c, 0x56, 0x08, 0x0b, 0x02, 0xf1,
    0x48, 0x0c, 0x00, 0x05, 0x16, 0x99, 0x3b, 0xf0, 0x49, 0x0c, 0x56, 0x08, 0x0b, 0x02, 0xf1, 0x4a,
    0x0c, 0x00, 0x05, 0x11, 0x99, 0x3b, 0xf0, 0x4b, 0x0c, 0x56, 0x08, 0x0b, 0x02, 0xf1, 0x4c, 0x0c,
    0x00, 0x05, 0x09, 0x99, 0x3b, 0xf0, 0x4d, 0x0c, 0x56, 0x08, 0x0b, 0x02, 0xf1, 0x4e, 0x0c, 0x00,
    0x05, 0x0d, 0x99, 0x3b, 0xf0, 0x4f, 0x0c, 0x56, 0x08, 0x0b, 0x02, 0xf1, 0x54, 0x0c, 0x00, 0x05,
    0x0d, 0x99, 0x37, 0xf0, 0x55, 0x0c, 0x56, 0x08, 0x0b, 0x02, 0xf1, 0x56, 0x0c, 0x00, 0x05, 0x0d,
    0x99, 0x37, 0xf0, 0x57, 0x0c, 0x56, 0x08, 0x0b, 0x02, 0xf1, 0x5c, 0x0c, 0x00, 0x05, 0x0e, 0x99,
    0x38, 0xf0, 0x5d, 0x0c, 0x56, 0x08, 0x0b, 0x02, 0xf1, 0x62, 0x0c, 0x00, 0x05, 0x0e, 0x99, 0x28,
    0xf0, 0x63, 0x0c, 0x56, 0x08, 0x0b, 0x02, 0xf1, 0x64, 0x0c, 0x00, 0x05, 0x0d, 0x99, 0x28, 0xf0,
    0x65, 0x0c, 0x56, 0x08, 0x0b, 0x02, 0xf1, 0x66, 0x0c, 0x00, 0x05, 0x14, 0x99, 0x28, 0xf2, 0x67,
    0x0c, 0x56, 0x08, 0x0b, 0x02, 0xf1, 0x78, 0x0c, 0x00, 0x05, 0x0b, 0x99, 0x39, 0xf0, 0x79, 0x0c,
    0x56, 0x08, 0x0b, 0x02, 0xf1, 0x7a, 0x0c, 0x00, 0x05, 0x0c, 0x99, 0x39, 0xf0, 0x7b, 0x0c, 0x56,
    0x08, 0x0b, 0x02, 0xf1, 0x7c, 0x0c, 0x00, 0x05, 0x12, 0x99, 0x39, 0xf0, 0x7d, 0x0c, 0x56, 0x08,
    0x0b, 0x02, 0xf1, 0x7e, 0x0c, 0x00, 0x05, 0x0d, 0x99, 0x39, 0xf0, 0x7f, 0x0c, 0x56, 0x08, 0x0b,
    0x02, 0xf1, 0x40, 0x0d, 0x00, 0x05, 0x0e, 0x99, 0x39, 0xf0, 0x41, 0x0d, 0x56, 0x08, 0x0b, 0x02,
    0xf1, 0x42, 0x0d, 0x00, 0x05, 0x10, 0x99, 0x39, 0xf0, 0x43, 0x0d, 0x56, 0x08, 0x0b, 0x02, 0xf1,
    0x44, 0x0d, 0x00, 0x05, 0x11, 0x99, 0x39, 0xf0, 0x45, 0x0d, 0x56, 0x08, 0x0b, 0x02, 0xf1, 0x46,
    0x0d, 0x00, 0x05, 0x16, 0x99, 0x39, 0xf0, 0x47, 0x0d, 0x56, 0x08, 0x0b, 0x02, 0xf1, 0x48, 0x0d,
    0x00, 0x05, 0x11, 0x99, 0x39, 0xf0, 0x49, 0x0d, 0x56, 0x08, 0x0b, 0x02, 0xf1, 0x4a, 0x0d, 0x00,
    0x05, 0x09, 0x99, 0x39, 0xf0, 0x4b, 0x0d, 0x56, 0x08, 0x0b, 0x02, 0xf1, 0x4c, 0x0d, 0x00, 0x05,
    0x0c, 0x99, 0x39, 0xf0, 0x4d, 0x0d, 0x56, 0x08, 0x0b, 0x02, 0xf1, 0x4e, 0x0d, 0x00, 0x05, 0x0d,
    0x99, 0x39, 0xf0, 0x4f, 0x0d, 0x56, 0x08, 0x0b, 0x02, 0xf1, 0x54, 0x0d, 0x00, 0x05, 0x12, 0x99,
    0x3e, 0xf0, 0x55, 0x0d, 0x56, 0x08, 0x0b, 0x02, 0xf1, 0x5a, 0x0d, 0x00, 0x05, 0x0f, 0x99, 0x3b,
    0xf0, 0x5b, 0x0d, 0x56, 0x08, 0x0b, 0x02, 0xf1, 0x60, 0x0d, 0x00, 0x05, 0x11, 0x99, 0x3d, 0xf0,
    0x61, 0x0d, 0x56, 0x08, 0x0b, 0x02, 0xf1, 0x66, 0x0d, 0x00, 0x05, 0x17, 0x99, 0x3c, 0xf0, 0x67,
    0x0d, 0x56, 0x08, 0x0b, 0x02, 0xf1, 0x68, 0x0d, 0x00, 0x05, 0x13, 0x99, 0x3c, 0xf2, 0x69, 0x0d,
    0x56, 0x08, 0x0b, 0x02, 0xf1, 0x6a, 0x0d, 0x00, 0x05, 0x10, 0x99, 0x3c, 0xf0, 0x6b, 0x0d, 0x56,
    0x08, 0x0b, 0x02, 0xf1, 0x70, 0x0d, 0x00, 0x05, 0x10, 0x99, 0x3b, 0xf0, 0x71, 0x0d, 0x56, 0x08,
    0x0b, 0x02, 0xf1, 0x72, 0x0d, 0x00, 0x05, 0x0f, 0x99, 0x3b, 0xf0, 0x73, 0x0d, 0x56, 0x08, 0x0b,
    0x02, 0xf1, 0x78, 0x0d, 0x00, 0x05, 0x11, 0x99, 0x3d, 0xf0, 0x79, 0x0d, 0x56, 0x08, 0x0b, 0x02,
    0xf1, 0x7e, 0x0d, 0x00, 0x05, 0x0b, 0x99, 0x36, 0xf0, 0x7f, 0x0d, 0x56, 0x08, 0x0b, 0x02, 0xf1,
    0x40, 0x0e, 0x00, 0x05, 0x0b, 0x99, 0x36, 0xf0, 0x41, 0x0e, 0x56, 0x08, 0x0b, 0x02, 0xf1, 0x46,
    0x0e, 0x00, 0x05, 0x10, 0x99, 0x39, 0xf0, 0x47, 0x0e, 0x56, 0x08, 0x0b, 0x02, 0xf1, 0x48, 0x0e,
    0x00, 0x05, 0x0c, 0x99, 0x39, 0xf0, 0x49, 0x0e, 0x56, 0x08, 0x0b, 0x02, 0xf1, 0x4a, 0x0e, 0x00,
    0x05, 0x0c, 0x99, 0x39, 0xf0, 0x4b, 0x0e, 0x56, 0x08, 0x0b, 0x02, 0xf1, 0x4c, 0x0e, 0x00, 0x05,
    0x15, 0x99, 0x39, 0xf0, 0x4d, 0x0e, 0x56, 0x08, 0x0b, 0x02, 0xf1, 0x52, 0x0e, 0x00, 0x05, 0x0d,
    0x99, 0x3e, 0xf0, 0x53, 0x0e, 0x56, 0x08, 0x0b, 0x02, 0xf1, 0x54, 0x0e, 0x00, 0x05, 0x17, 0x99,
    0x3e, 0xf0, 0x55, 0x0e, 0x56, 0x08, 0x0b, 0x02, 0xf1, 0x56, 0x0e, 0x00, 0x05, 0x16, 0x99, 0x3e,
    0xf0, 0x57, 0x0e, 0x56, 0x08, 0x0b, 0x02, 0xf1, 0x5c, 0x0e, 0x00, 0x05, 0x0c, 0x99, 0x38, 0xf0,
    0x5d, 0x0e, 0x56, 0x08, 0x0b, 0x02, 0xf1, 0x62, 0x0e, 0x00, 0x05, 0x11, 0x99, 0x3b, 0xf0, 0x63,
    0x0e, 0x56, 0x08, 0x0b, 0x02, 0xf1, 0x64, 0x0e, 0x00, 0x05, 0x0f, 0x99, 0x3b, 0xf0, 0x65, 0x0e,
    0x56, 0x08, 0x0b, 0x02, 0xf1, 0x66, 0x0e, 0x00, 0x05, 0x0b, 0x99, 0x3b, 0xf2, 0x67, 0x0e, 0x56,
    0x08, 0x0b, 0x02, 0xf1, 0x68, 0x0e, 0x00, 0x05, 0x0c, 0x99, 0x3b, 0xf0, 0x69, 0x0e, 0x56, 0x08,
    0x0b, 0x02, 0xf1, 0x6e, 0x0e, 0x00, 0x05, 0x13, 0xd1, 0x1b, 0x2b, 0xf0, 0x6f, 0x0e, 0x56, 0x08,
    0x0b, 0x02, 0xf1, 0x70, 0x0e, 0x00, 0x05, 0x10, 0xd1, 0x1b, 0x2b, 0xf0, 0x71, 0x0e, 0x56, 0x08,
    0x0b, 0x02, 0xf1, 0x72, 0x0e, 0x00, 0x05, 0x11, 0xd1, 0x1b, 0x2b, 0xf0, 0x73, 0x0e, 0x56, 0x08,
    0x0b, 0x02, 0xf1, 0x78, 0x0e, 0x00, 0x05, 0x14, 0xd1, 0x1b, 0x2b, 0xf0, 0x79, 0x0e, 0x56, 0x08,
    0x0b, 0x02, 0xf1, 0x7a, 0x0e, 0x00, 0x05, 0x10, 0xd1, 0x1b, 0x2b, 0xf0, 0x7b, 0x0e, 0x56, 0x08,
    0x0b, 0x02, 0xf1, 0x7c, 0x0e, 0x00, 0x05, 0x11, 0xd1, 0x1b, 0x2b, 0xf0, 0x7d, 0x0e, 0x56, 0x08,
    0x0b, 0x02, 0xf1, 0x42, 0x0f, 0x00, 0x05, 0x0d, 0x99, 0x39, 0xf0, 0x43, 0x0f, 0x56, 0x08, 0x0b,
    0x02, 0xf1, 0x44, 0x0f, 0x00, 0x05, 0x10, 0x99, 0x39, 0xf0, 0x45, 0x0f, 0x56, 0x08, 0x0b, 0x02,
    0xf1, 0x46, 0x0f, 0x00, 0x05, 0x15, 0x99, 0x39, 0xf0, 0x47, 0x0f, 0x56, 0x08, 0x0b, 0x02, 0xf1,
    0x48, 0x0f, 0x00, 0x05, 0x15, 0x99, 0x39, 0xf0, 0x49, 0x0f, 0x56, 0x08, 0x0b, 0x02, 0xf1, 0x4a,
    0x0f, 0x00, 0x05, 0x11, 0x99, 0x39, 0xf0, 0x4b, 0x0f, 0x56, 0x08, 0x0b, 0x02, 0xf1, 0x50, 0x0f,
    0x00, 0x05, 0x0a, 0x99, 0x38, 0xf0, 0x51, 0x0f, 0x56, 0x08, 0x0b, 0x02, 0xf1, 0x52, 0x0f, 0x00,
    0x05, 0x0c, 0x99, 0x38, 0xf0, 0x53, 0x0f, 0x56, 0x08, 0x0b, 0x02, 0xf1, 0x58, 0x0f, 0x00, 0x05,
    0x19, 0x99, 0x3b, 0xf0, 0x59, 0x0f, 0x56, 0x08, 0x0b, 0x02, 0xf1, 0x5a, 0x0f, 0x00, 0x05, 0x0f,
    0x99, 0x3b, 0xf0, 0x5b, 0x0f, 0x56, 0x08, 0x0b, 0x02, 0xf1, 0x60, 0x0f, 0x00, 0x05, 0x1c, 0x99,
    0x6b, 0xf2, 0x61, 0x0f, 0x56, 0x08, 0x0b, 0x02, 0xf1, 0x62, 0x0f, 0x00, 0x05, 0x0f, 0x99, 0x3b,
    0xf0, 0x63, 0x0f, 0x56, 0x08, 0x0b, 0x02, 0xf1, 0x68, 0x0f, 0x00, 0x05, 0x0a, 0x99, 0x38, 0xf0,
    0x69, 0x0f, 0x56, 0x08, 0x0b, 0x02, 0xf1, 0x6a, 0x0f, 0x00, 0x05, 0x0c, 0x99, 0x38, 0xf0, 0x6b,
    0x0f, 0x56, 0x08, 0x0b, 0x02, 0xf1, 0x70, 0x0f, 0x00, 0x05, 0x0f, 0x99, 0x3b, 0xf0, 0x71, 0x0f,
    0x56, 0x08, 0x0b, 0x02, 0xf1, 0x76, 0x0f, 0x00, 0x05, 0x0f, 0x99, 0x3b, 0xf0, 0x77, 0x0f, 0x56,
    0x08, 0x0b, 0x02, 0xf1, 0x7c, 0x0f, 0x00, 0x05, 0x09, 0x99, 0x37, 0xf0, 0x7d, 0x0f, 0x56, 0x08,
    0x0b, 0x02, 0xf1, 0x7e, 0x0f, 0x00, 0x05, 0x0b, 0x99, 0x37, 0xf0, 0x7f, 0x0f, 0x56, 0x08, 0x0b,
    0x02, 0xf1, 0x40, 0x10, 0x00, 0x05, 0x18, 0x99, 0x37, 0xf0, 0x41, 0x10, 0x56, 0x08, 0x0b, 0x02,
    0xf1, 0x46, 0x10, 0x00, 0x05, 0x09, 0x99, 0x37, 0xf0, 0x47, 0x10, 0x56, 0x08, 0x0b, 0x02, 0xf1,
    0x48, 0x10, 0x00, 0x05, 0x0a, 0x99, 0x37, 0xf0, 0x49, 0x10, 0x56, 0x08, 0x0b, 0x02, 0xf1, 0x4a,
    0x10, 0x00, 0x05, 0x0b, 0x99, 0x37, 0xf0, 0x4b, 0x10, 0x56, 0x08, 0x0b, 0x02, 0xf1, 0x4c, 0x10,
    0x00, 0x05, 0x10, 0x99, 0x37, 0xf0, 0x4d, 0x10, 0x56, 0x08, 0x0b, 0x02, 0xf1, 0x4e, 0x10, 0x00,
    0x05, 0x10, 0x99, 0x37, 0xf0, 0x4f, 0x10, 0x56, 0x08, 0x0b, 0x02, 0xf1, 0x50, 0x10, 0x00, 0x05,
    0x0e, 0x99, 0x37, 0xf0, 0x51, 0x10, 0x56, 0x08, 0x0b, 0x02, 0xf1, 0x56, 0x10, 0x00, 0x05, 0x09,
    0x99, 0x3a, 0xf0, 0x57, 0x10, 0x56, 0x08, 0x0b, 0x02, 0xf1, 0x5c, 0x10, 0x00, 0x05, 0x0a, 0x99,
    0x3c, 0xf0, 0x5d, 0x10, 0x56, 0x08, 0x0b, 0x02, 0xf1, 0x5e, 0x10, 0x00, 0x05, 0x0b, 0x99, 0x3c,
    0xf1, 0x5f, 0x10, 0x56, 0x08, 0x0b, 0x02, 0xf1, 0x64, 0x10, 0x00, 0x1d, 0x28, 0xd8, 0x1c, 0x24,
    0xd8, 0x1c, 0x24, 0xd8, 0x1c, 0x22, 0xf3, 0x6b, 0x10, 0x56, 0x08, 0x0b, 0x02, 0x82, 0x07, 0x72,
    0xab, 0x01, 0x00, 0x00,
};
/* encodings.aliases: 12356 bytes, is_package=0 */

static unsigned char frozen_encodings_utf_8[] = {
    0xe3, 0x00, 0x00, 0x00, 0x00, 0x00, 0x00, 0x00, 0x00, 0x00, 0x00, 0x00, 0x00, 0x05, 0x00, 0x00,
    0x00, 0x00, 0x00, 0x00, 0x00, 0xf3, 0xe0, 0x00, 0x00, 0x00, 0x95, 0x00, 0x53, 0x00, 0x72, 0x00,
    0x53, 0x01, 0x53, 0x02, 0x4b, 0x01, 0x72, 0x01, 0x5c, 0x01, 0x52, 0x04, 0x00, 0x00, 0x00, 0x00,
    0x00, 0x00, 0x00, 0x00, 0x00, 0x00, 0x00, 0x00, 0x00, 0x00, 0x00, 0x00, 0x00, 0x00, 0x72, 0x03,
    0x53, 0x0d, 0x53, 0x03, 0x1a, 0x00, 0x6a, 0x01, 0x72, 0x04, 0x18, 0x00, 0x22, 0x00, 0x53, 0x04,
    0x1a, 0x00, 0x53, 0x05, 0x5c, 0x01, 0x52, 0x0a, 0x00, 0x00, 0x00, 0x00, 0x00, 0x00, 0x00, 0x00,
    0x00, 0x00, 0x00, 0x00, 0x00, 0x00, 0x00, 0x00, 0x00, 0x00, 0x35, 0x03, 0x00, 0x00, 0x00, 0x00,
    0x00, 0x00, 0x72, 0x05, 0x18, 0x00, 0x22, 0x00, 0x53, 0x06, 0x1a, 0x00, 0x53, 0x07, 0x5c, 0x01,
    0x52, 0x0c, 0x00, 0x00, 0x00, 0x00, 0x00, 0x00, 0x00, 0x00, 0x00, 0x00, 0x00, 0x00, 0x00, 0x00,
    0x00, 0x00, 0x00, 0x00, 0x35, 0x03, 0x00, 0x00, 0x00, 0x00, 0x00, 0x00, 0x72, 0x07, 0x18, 0x00,
    0x22, 0x00, 0x53, 0x08, 0x1a, 0x00, 0x53, 0x09, 0x5c, 0x01, 0x52, 0x10, 0x00, 0x00, 0x00, 0x00,
    0x00, 0x00, 0x00, 0x00, 0x00, 0x00, 0x00, 0x00, 0x00, 0x00, 0x00, 0x00, 0x00, 0x00, 0x35, 0x03,
    0x00, 0x00, 0x00, 0x00, 0x00, 0x00, 0x72, 0x08, 0x18, 0x00, 0x22, 0x00, 0x53, 0x0a, 0x1a, 0x00,
    0x53, 0x0b, 0x5c, 0x01, 0x52, 0x12, 0x00, 0x00, 0x00, 0x00, 0x00, 0x00, 0x00, 0x00, 0x00, 0x00,
    0x00, 0x00, 0x00, 0x00, 0x00, 0x00, 0x00, 0x00, 0x35, 0x03, 0x00, 0x00, 0x00, 0x00, 0x00, 0x00,
    0x72, 0x09, 0x53, 0x0c, 0x1a, 0x00, 0x72, 0x0a, 0x67, 0x02, 0x29, 0x0e, 0x7a, 0x80, 0x50, 0x79,
    0x74, 0x68, 0x6f, 0x6e, 0x20, 0x27, 0x75, 0x74, 0x66, 0x2d, 0x38, 0x27, 0x20, 0x43, 0x6f, 0x64,
    0x65, 0x63, 0x0a, 0x0a, 0x0a, 0x57, 0x72, 0x69, 0x74, 0x74, 0x65, 0x6e, 0x20, 0x62, 0x79, 0x20,
    0x4d, 0x61, 0x72, 0x63, 0x2d, 0x41, 0x6e, 0x64, 0x72, 0x65, 0x20, 0x4c, 0x65, 0x6d, 0x62, 0x75,
    0x72, 0x67, 0x20, 0x28, 0x6d, 0x61, 0x6c, 0x40, 0x6c, 0x65, 0x6d, 0x62, 0x75, 0x72, 0x67, 0x2e,
    0x63, 0x6f, 0x6d, 0x29, 0x2e, 0x0a, 0x0a, 0x28, 0x63, 0x29, 0x20, 0x43, 0x6f, 0x70, 0x79, 0x72,
    0x69, 0x67, 0x68, 0x74, 0x20, 0x43, 0x4e, 0x52, 0x49, 0x2c, 0x20, 0x41, 0x6c, 0x6c, 0x20, 0x52,
    0x69, 0x67, 0x68, 0x74, 0x73, 0x20, 0x52, 0x65, 0x73, 0x65, 0x72, 0x76, 0x65, 0x64, 0x2e, 0x20,
    0x4e, 0x4f, 0x20, 0x57, 0x41, 0x52, 0x52, 0x41, 0x4e, 0x54, 0x59, 0x2e, 0x0a, 0x0a, 0xe9, 0x00,
    0x00, 0x00, 0x00, 0x4e, 0x63, 0x02, 0x00, 0x00, 0x00, 0x00, 0x00, 0x00, 0x00, 0x00, 0x00, 0x00,
    0x00, 0x05, 0x00, 0x00, 0x00, 0x03, 0x00, 0x00, 0x00, 0xf3, 0x30, 0x00, 0x00, 0x00, 0x95, 0x00,
    0x5b, 0x00, 0x00, 0x00, 0x00, 0x00, 0x00, 0x00, 0x00, 0x00, 0x52, 0x02, 0x00, 0x00, 0x00, 0x00,
    0x00, 0x00, 0x00, 0x00, 0x00, 0x00, 0x00, 0x00, 0x00, 0x00, 0x00, 0x00, 0x00, 0x00, 0x22, 0x00,
    0x58, 0x01, 0x53, 0x01, 0x35, 0x03, 0x00, 0x00, 0x00, 0x00, 0x00, 0x00, 0x24, 0x00, 0x29, 0x02,
    0x4e, 0x54, 0x29, 0x02, 0xda, 0x06, 0x63, 0x6f, 0x64, 0x65, 0x63, 0x73, 0xda, 0x0c, 0x75, 0x74,
    0x66, 0x5f, 0x38, 0x5f, 0x64, 0x65, 0x63, 0x6f, 0x64, 0x65, 0x29, 0x02, 0xda, 0x05, 0x69, 0x6e,
    0x70, 0x75, 0x74, 0xda, 0x06, 0x65, 0x72, 0x72, 0x6f, 0x72, 0x73, 0x73, 0x02, 0x00, 0x00, 0x00,
    0x20, 0x20, 0xda, 0x19, 0x73, 0x74, 0x64, 0x6c, 0x69, 0x62, 0x2f, 0x65, 0x6e, 0x63, 0x6f, 0x64,
    0x69, 0x6e, 0x67, 0x73, 0x2f, 0x75, 0x74, 0x66, 0x5f, 0x38, 0x2e, 0x70, 0x79, 0xda, 0x06, 0x64,
    0x65, 0x63, 0x6f, 0x64, 0x65, 0x72, 0x09, 0x00, 0x00, 0x00, 0x0f, 0x00, 0x00, 0x00, 0x73, 0x15,
    0x00, 0x00, 0x00, 0x80, 0x00, 0xdc, 0x0b, 0x11, 0xd7, 0x0b, 0x1e, 0xd2, 0x0b, 0x1e, 0x98, 0x75,
    0xa8, 0x64, 0xd3, 0x0b, 0x33, 0xd0, 0x04, 0x33, 0xf3, 0x00, 0x00, 0x00, 0x00, 0x63, 0x00, 0x00,
    0x00, 0x00, 0x00, 0x00, 0x00, 0x00, 0x00, 0x00, 0x00, 0x00, 0x02, 0x00, 0x00, 0x00, 0x00, 0x00,
    0x00, 0x00, 0xf3, 0x1e, 0x00, 0x00, 0x00, 0x95, 0x00, 0x5c, 0x00, 0x72, 0x01, 0x53, 0x00, 0x72,
    0x02, 0x53, 0x01, 0x72, 0x03, 0x53, 0x05, 0x53, 0x02, 0x1a, 0x00, 0x6a, 0x01, 0x72, 0x04, 0x53,
    0x03, 0x72, 0x05, 0x67, 0x04, 0x29, 0x06, 0xda, 0x12, 0x49, 0x6e, 0x63, 0x72, 0x65, 0x6d, 0x65,
    0x6e, 0x74, 0x61, 0x6c, 0x45, 0x6e, 0x63, 0x6f, 0x64, 0x65, 0x72, 0xe9, 0x12, 0x00, 0x00, 0x00,
    0x63, 0x03, 0x00, 0x00, 0x00, 0x00, 0x00, 0x00, 0x00, 0x00, 0x00, 0x00, 0x00, 0x04, 0x00, 0x00,
    0x00, 0x03, 0x00, 0x00, 0x00, 0xf3, 0x48, 0x00, 0x00, 0x00, 0x95, 0x00, 0x5b, 0x00, 0x00, 0x00,
    0x00, 0x00, 0x00, 0x00, 0x00, 0x00, 0x52, 0x02, 0x00, 0x00, 0x00, 0x00, 0x00, 0x00, 0x00, 0x00,
    0x00, 0x00, 0x00, 0x00, 0x00, 0x00, 0x00, 0x00, 0x00, 0x00, 0x22, 0x00, 0x58, 0x10, 0x52, 0x04,
    0x00, 0x00, 0x00, 0x00, 0x00, 0x00, 0x00, 0x00, 0x00, 0x00, 0x00, 0x00, 0x00, 0x00, 0x00, 0x00,
    0x00, 0x00, 0x35, 0x02, 0x00, 0x00, 0x00, 0x00, 0x00, 0x00, 0x53, 0x01, 0x05, 0x00, 0x00, 0x00,
    0x24, 0x00, 0x29, 0x02, 0x4e, 0x72, 0x02, 0x00, 0x00, 0x00, 0x29, 0x03, 0x72, 0x04, 0x00, 0x00,
    0x00, 0xda, 0x0c, 0x75, 0x74, 0x66, 0x5f, 0x38, 0x5f, 0x65, 0x6e, 0x63, 0x6f, 0x64, 0x65, 0x72,
    0x07, 0x00, 0x00, 0x00, 0x29, 0x03, 0xda, 0x04, 0x73, 0x65, 0x6c, 0x66, 0x72, 0x06, 0x00, 0x00,
    0x00, 0xda, 0x05, 0x66, 0x69, 0x6e, 0x61, 0x6c, 0x73, 0x03, 0x00, 0x00, 0x00, 0x20, 0x20, 0x20,
    0x72, 0x08, 0x00, 0x00, 0x00, 0xda, 0x06, 0x65, 0x6e, 0x63, 0x6f, 0x64, 0x65, 0xda, 0x19, 0x49,
    0x6e, 0x63, 0x72, 0x65, 0x6d, 0x65, 0x6e, 0x74, 0x61, 0x6c, 0x45, 0x6e, 0x63, 0x6f, 0x64, 0x65,
    0x72, 0x2e, 0x65, 0x6e, 0x63, 0x6f, 0x64, 0x65, 0x13, 0x00, 0x00, 0x00, 0x73, 0x1c, 0x00, 0x00,
    0x00, 0x80, 0x00, 0xdc, 0x0f, 0x15, 0xd7, 0x0f, 0x22, 0xd2, 0x0f, 0x22, 0xa0, 0x35, 0xaf, 0x2b,
    0xa9, 0x2b, 0xd3, 0x0f, 0x36, 0xb0, 0x71, 0xd1, 0x0f, 0x39, 0xd0, 0x08, 0x39, 0x72, 0x0a, 0x00,
    0x00, 0x00, 0xa9, 0x00, 0x4e, 0x29, 0x01, 0x46, 0x29, 0x06, 0xda, 0x08, 0x5f, 0x5f, 0x6e, 0x61,
    0x6d, 0x65, 0x5f, 0x5f, 0xda, 0x0a, 0x5f, 0x5f, 0x6d, 0x6f, 0x64, 0x75, 0x6c, 0x65, 0x5f, 0x5f,
    0xda, 0x0c, 0x5f, 0x5f, 0x71, 0x75, 0x61, 0x6c, 0x6e, 0x61, 0x6d, 0x65, 0x5f, 0x5f, 0xda, 0x0f,
    0x5f, 0x5f, 0x66, 0x69, 0x72, 0x73, 0x74, 0x6c, 0x69, 0x6e, 0x65, 0x6e, 0x6f, 0x5f, 0x5f, 0x72,
    0x12, 0x00, 0x00, 0x00, 0xda, 0x15, 0x5f, 0x5f, 0x73, 0x74, 0x61, 0x74, 0x69, 0x63, 0x5f, 0x61,
    0x74, 0x74, 0x72, 0x69, 0x62, 0x75, 0x74, 0x65, 0x73, 0x5f, 0x5f, 0x72, 0x14, 0x00, 0x00, 0x00,
    0x72, 0x0a, 0x00, 0x00, 0x00, 0x72, 0x08, 0x00, 0x00, 0x00, 0x72, 0x0c, 0x00, 0x00, 0x00, 0x72,
    0x0c, 0x00, 0x00, 0x00, 0x12, 0x00, 0x00, 0x00, 0x73, 0x07, 0x00, 0x00, 0x00, 0x86, 0x00, 0xf7,
    0x02, 0x01, 0x05, 0x3a, 0x72, 0x0a, 0x00, 0x00, 0x00, 0x72, 0x0c, 0x00, 0x00, 0x00, 0x63, 0x00,
    0x00, 0x00, 0x00, 0x00, 0x00, 0x00, 0x00, 0x00, 0x00, 0x00, 0x00, 0x01, 0x00, 0x00, 0x00, 0x00,
    0x00, 0x00, 0x00, 0xf3, 0x2c, 0x00, 0x00, 0x00, 0x95, 0x00, 0x5c, 0x00, 0x72, 0x01, 0x53, 0x00,
    0x72, 0x02, 0x53, 0x01, 0x72, 0x03, 0x5c, 0x04, 0x52, 0x0a, 0x00, 0x00, 0x00, 0x00, 0x00, 0x00,
    0x00, 0x00, 0x00, 0x00, 0x00, 0x00, 0x00, 0x00, 0x00, 0x00, 0x00, 0x00, 0x72, 0x06, 0x53, 0x02,
    0x72, 0x07, 0x67, 0x03, 0x29, 0x04, 0xda, 0x12, 0x49, 0x6e, 0x63, 0x72, 0x65, 0x6d, 0x65, 0x6e,
    0x74, 0x61, 0x6c, 0x44, 0x65, 0x63, 0x6f, 0x64, 0x65, 0x72, 0xe9, 0x16, 0x00, 0x00, 0x00, 0x72,
    0x14, 0x00, 0x00, 0x00, 0x4e, 0x29, 0x08, 0x72, 0x15, 0x00, 0x00, 0x00, 0x72, 0x16, 0x00, 0x00,
    0x00, 0x72, 0x17, 0x00, 0x00, 0x00, 0x72, 0x18, 0x00, 0x00, 0x00, 0x72, 0x04, 0x00, 0x00, 0x00,
    0x72, 0x05, 0x00, 0x00, 0x00, 0xda, 0x0e, 0x5f, 0x62, 0x75, 0x66, 0x66, 0x65, 0x72, 0x5f, 0x64,
    0x65, 0x63, 0x6f, 0x64, 0x65, 0x72, 0x19, 0x00, 0x00, 0x00, 0x72, 0x14, 0x00, 0x00, 0x00, 0x72,
    0x0a, 0x00, 0x00, 0x00, 0x72, 0x08, 0x00, 0x00, 0x00, 0x72, 0x1b, 0x00, 0x00, 0x00, 0x72, 0x1b,
    0x00, 0x00, 0x00, 0x16, 0x00, 0x00, 0x00, 0x73, 0x0d, 0x00, 0x00, 0x00, 0x86, 0x00, 0xd8, 0x15,
    0x1b, 0xd7, 0x15, 0x28, 0xd1, 0x15, 0x28, 0x83, 0x4e, 0x72, 0x0a, 0x00, 0x00, 0x00, 0x72, 0x1b,
    0x00, 0x00, 0x00, 0x63, 0x00, 0x00, 0x00, 0x00, 0x00, 0x00, 0x00, 0x00, 0x00, 0x00, 0x00, 0x00,
    0x01, 0x00, 0x00, 0x00, 0x00, 0x00, 0x00, 0x00, 0xf3, 0x2c, 0x00, 0x00, 0x00, 0x95, 0x00, 0x5c,
    0x00, 0x72, 0x01, 0x53, 0x00, 0x72, 0x02, 0x53, 0x01, 0x72, 0x03, 0x5c, 0x04, 0x52, 0x0a, 0x00,
    0x00, 0x00, 0x00, 0x00, 0x00, 0x00, 0x00, 0x00, 0x00, 0x00, 0x00, 0x00, 0x00, 0x00, 0x00, 0x00,
    0x00, 0x72, 0x06, 0x53, 0x02, 0x72, 0x07, 0x67, 0x03, 0x29, 0x04, 0xda, 0x0c, 0x53, 0x74, 0x72,
    0x65, 0x61, 0x6d, 0x57, 0x72, 0x69, 0x74, 0x65, 0x72, 0xe9, 0x19, 0x00, 0x00, 0x00, 0x72, 0x14,
    0x00, 0x00, 0x00, 0x4e, 0x29, 0x08, 0x72, 0x15, 0x00, 0x00, 0x00, 0x72, 0x16, 0x00, 0x00, 0x00,
    0x72, 0x17, 0x00, 0x00, 0x00, 0x72, 0x18, 0x00, 0x00, 0x00, 0x72, 0x04, 0x00, 0x00, 0x00, 0x72,
    0x0f, 0x00, 0x00, 0x00, 0x72, 0x12, 0x00, 0x00, 0x00, 0x72, 0x19, 0x00, 0x00, 0x00, 0x72, 0x14,
    0x00, 0x00, 0x00, 0x72, 0x0a, 0x00, 0x00, 0x00, 0x72, 0x08, 0x00, 0x00, 0x00, 0x72, 0x1f, 0x00,
    0x00, 0x00, 0x72, 0x1f, 0x00, 0x00, 0x00, 0x19, 0x00, 0x00, 0x00, 0xf3, 0x0d, 0x00, 0x00, 0x00,
    0x86, 0x00, 0xd8, 0x0d, 0x13, 0xd7, 0x0d, 0x20, 0xd1, 0x0d, 0x20, 0x83, 0x46, 0x72, 0x0a, 0x00,
    0x00, 0x00, 0x72, 0x1f, 0x00, 0x00, 0x00, 0x63, 0x00, 0x00, 0x00, 0x00, 0x00, 0x00, 0x00, 0x00,
    0x00, 0x00, 0x00, 0x00, 0x01, 0x00, 0x00, 0x00, 0x00, 0x00, 0x00, 0x00, 0xf3, 0x2c, 0x00, 0x00,
    0x00, 0x95, 0x00, 0x5c, 0x00, 0x72, 0x01, 0x53, 0x00, 0x72, 0x02, 0x53, 0x01, 0x72, 0x03, 0x5c,
    0x04, 0x52, 0x0a, 0x00, 0x00, 0x00, 0x00, 0x00, 0x00, 0x00, 0x00, 0x00, 0x00, 0x00, 0x00, 0x00,
    0x00, 0x00, 0x00, 0x00, 0x00, 0x72, 0x06, 0x53, 0x02, 0x72, 0x07, 0x67, 0x03, 0x29, 0x04, 0xda,
    0x0c, 0x53, 0x74, 0x72, 0x65, 0x61, 0x6d, 0x52, 0x65, 0x61, 0x64, 0x65, 0x72, 0xe9, 0x1c, 0x00,
    0x00, 0x00, 0x72, 0x14, 0x00, 0x00, 0x00, 0x4e, 0x29, 0x08, 0x72, 0x15, 0x00, 0x00, 0x00, 0x72,
    0x16, 0x00, 0x00, 0x00, 0x72, 0x17, 0x00, 0x00, 0x00, 0x72, 0x18, 0x00, 0x00, 0x00, 0x72, 0x04,
    0x00, 0x00, 0x00, 0x72, 0x05, 0x00, 0x00, 0x00, 0x72, 0x09, 0x00, 0x00, 0x00, 0x72, 0x19, 0x00,
    0x00, 0x00, 0x72, 0x14, 0x00, 0x00, 0x00, 0x72, 0x0a, 0x00, 0x00, 0x00, 0x72, 0x08, 0x00, 0x00,
    0x00, 0x72, 0x23, 0x00, 0x00, 0x00, 0x72, 0x23, 0x00, 0x00, 0x00, 0x1c, 0x00, 0x00, 0x00, 0x72,
    0x21, 0x00, 0x00, 0x00, 0x72, 0x0a, 0x00, 0x00, 0x00, 0x72, 0x23, 0x00, 0x00, 0x00, 0x63, 0x00,
    0x00, 0x00, 0x00, 0x00, 0x00, 0x00, 0x00, 0x00, 0x00, 0x00, 0x00, 0x0a, 0x00, 0x00, 0x00, 0x03,
    0x00, 0x00, 0x00, 0xf3, 0x66, 0x00, 0x00, 0x00, 0x95, 0x00, 0x5b, 0x00, 0x00, 0x00, 0x00, 0x00,
    0x00, 0x00, 0x00, 0x00, 0x52, 0x02, 0x00, 0x00, 0x00, 0x00, 0x00, 0x00, 0x00, 0x00, 0x00, 0x00,
    0x00, 0x00, 0x00, 0x00, 0x00, 0x00, 0x00, 0x00, 0x22, 0x00, 0x53, 0x01, 0x5b, 0x04, 0x00, 0x00,
    0x00, 0x00, 0x00, 0x00, 0x00, 0x00, 0x5b, 0x06, 0x00, 0x00, 0x00, 0x00, 0x00, 0x00, 0x00, 0x00,
    0x5b, 0x08, 0x00, 0x00, 0x00, 0x00, 0x00, 0x00, 0x00, 0x00, 0x5b, 0x0a, 0x00, 0x00, 0x00, 0x00,
    0x00, 0x00, 0x00, 0x00, 0x5b, 0x0c, 0x00, 0x00, 0x00, 0x00, 0x00, 0x00, 0x00, 0x00, 0x5b, 0x0e,
    0x00, 0x00, 0x00, 0x00, 0x00, 0x00, 0x00, 0x00, 0x53, 0x02, 0x39, 0x07, 0x24, 0x00, 0x29, 0x03,
    0x4e, 0x7a, 0x05, 0x75, 0x74, 0x66, 0x2d, 0x38, 0x29, 0x07, 0xda, 0x04, 0x6e, 0x61, 0x6d, 0x65,
    0x72, 0x12, 0x00, 0x00, 0x00, 0x72, 0x09, 0x00, 0x00, 0x00, 0xda, 0x12, 0x69, 0x6e, 0x63, 0x72,
    0x65, 0x6d, 0x65, 0x6e, 0x74, 0x61, 0x6c, 0x65, 0x6e, 0x63, 0x6f, 0x64, 0x65, 0x72, 0xda, 0x12,
    0x69, 0x6e, 0x63, 0x72, 0x65, 0x6d, 0x65, 0x6e, 0x74, 0x61, 0x6c, 0x64, 0x65, 0x63, 0x6f, 0x64,
    0x65, 0x72, 0xda, 0x0c, 0x73, 0x74, 0x72, 0x65, 0x61, 0x6d, 0x72, 0x65, 0x61, 0x64, 0x65, 0x72,
    0xda, 0x0c, 0x73, 0x74, 0x72, 0x65, 0x61, 0x6d, 0x77, 0x72, 0x69, 0x74, 0x65, 0x72, 0x29, 0x08,
    0x72, 0x04, 0x00, 0x00, 0x00, 0xda, 0x09, 0x43, 0x6f, 0x64, 0x65, 0x63, 0x49, 0x6e, 0x66, 0x6f,
    0x72, 0x12, 0x00, 0x00, 0x00, 0x72, 0x09, 0x00, 0x00, 0x00, 0x72, 0x0c, 0x00, 0x00, 0x00, 0x72,
    0x1b, 0x00, 0x00, 0x00, 0x72, 0x23, 0x00, 0x00, 0x00, 0x72, 0x1f, 0x00, 0x00, 0x00, 0x72, 0x14,
    0x00, 0x00, 0x00, 0x72, 0x0a, 0x00, 0x00, 0x00, 0x72, 0x08, 0x00, 0x00, 0x00, 0xda, 0x0b, 0x67,
    0x65, 0x74, 0x72, 0x65, 0x67, 0x65, 0x6e, 0x74, 0x72, 0x79, 0x72, 0x2c, 0x00, 0x00, 0x00, 0x21,
    0x00, 0x00, 0x00, 0x73, 0x2a, 0x00, 0x00, 0x00, 0x80, 0x00, 0xdc, 0x0b, 0x11, 0xd7, 0x0b, 0x1b,
    0xd2, 0x0b, 0x1b, 0xd8, 0x0d, 0x14, 0xdc, 0x0f, 0x15, 0xdc, 0x0f, 0x15, 0xdc, 0x1b, 0x2d, 0xdc,
    0x1b, 0x2d, 0xdc, 0x15, 0x21, 0xdc, 0x15, 0x21, 0xf1, 0x0f, 0x08, 0x0c, 0x06, 0xf0, 0x00, 0x08,
    0x05, 0x06, 0x72, 0x0a, 0x00, 0x00, 0x00, 0x29, 0x01, 0xda, 0x06, 0x73, 0x74, 0x72, 0x69, 0x63,
    0x74, 0x29, 0x0b, 0xda, 0x07, 0x5f, 0x5f, 0x64, 0x6f, 0x63, 0x5f, 0x5f, 0x72, 0x04, 0x00, 0x00,
    0x00, 0x72, 0x0f, 0x00, 0x00, 0x00, 0x72, 0x12, 0x00, 0x00, 0x00, 0x72, 0x09, 0x00, 0x00, 0x00,
    0x72, 0x0c, 0x00, 0x00, 0x00, 0xda, 0x1a, 0x42, 0x75, 0x66, 0x66, 0x65, 0x72, 0x65, 0x64, 0x49,
    0x6e, 0x63, 0x72, 0x65, 0x6d, 0x65, 0x6e, 0x74, 0x61, 0x6c, 0x44, 0x65, 0x63, 0x6f, 0x64, 0x65,
    0x72, 0x72, 0x1b, 0x00, 0x00, 0x00, 0x72, 0x1f, 0x00, 0x00, 0x00, 0x72, 0x23, 0x00, 0x00, 0x00,
    0x72, 0x2c, 0x00, 0x00, 0x00, 0x72, 0x14, 0x00, 0x00, 0x00, 0x72, 0x0a, 0x00, 0x00, 0x00, 0x72,
    0x08, 0x00, 0x00, 0x00, 0xda, 0x08, 0x3c, 0x6d, 0x6f, 0x64, 0x75, 0x6c, 0x65, 0x3e, 0x72, 0x30,
    0x00, 0x00, 0x00, 0x01, 0x00, 0x00, 0x00, 0x73, 0x6e, 0x00, 0x00, 0x00, 0xf0, 0x03, 0x01, 0x01,
    0x01, 0xf1, 0x02, 0x07, 0x01, 0x04, 0xf3, 0x10, 0x00, 0x01, 0x0e, 0xf0, 0x08, 0x00, 0x0a, 0x10,
    0xd7, 0x09, 0x1c, 0xd1, 0x09, 0x1c, 0x80, 0x06, 0xf4, 0x04, 0x01, 0x01, 0x34, 0xf4, 0x06, 0x02,
    0x01, 0x3a, 0x98, 0x16, 0xd7, 0x19, 0x32, 0xd1, 0x19, 0x32, 0xf4, 0x00, 0x02, 0x01, 0x3a, 0xf4,
    0x08, 0x01, 0x01, 0x29, 0x98, 0x16, 0xd7, 0x19, 0x3a, 0xd1, 0x19, 0x3a, 0xf4, 0x00, 0x01, 0x01,
    0x29, 0xf4, 0x06, 0x01, 0x01, 0x21, 0x90, 0x36, 0xd7, 0x13, 0x26, 0xd1, 0x13, 0x26, 0xf4, 0x00,
    0x01, 0x01, 0x21, 0xf4, 0x06, 0x01, 0x01, 0x21, 0x90, 0x36, 0xd7, 0x13, 0x26, 0xd1, 0x13, 0x26,
    0xf4, 0x00, 0x01, 0x01, 0x21, 0xf3, 0x0a, 0x09, 0x01, 0x06, 0x72, 0x0a, 0x00, 0x00, 0x00,
};
/* encodings.utf_8: 2255 bytes, is_package=0 */

static unsigned char frozen_encodings_ascii[] = {
    0xe3, 0x00, 0x00, 0x00, 0x00, 0x00, 0x00, 0x00, 0x00, 0x00, 0x00, 0x00, 0x00, 0x06, 0x00, 0x00,
    0x00, 0x00, 0x00, 0x00, 0x00, 0xf3, 0x04, 0x01, 0x00, 0x00, 0x95, 0x00, 0x53, 0x00, 0x72, 0x00,
    0x53, 0x01, 0x53, 0x02, 0x4b, 0x01, 0x72, 0x01, 0x18, 0x00, 0x22, 0x00, 0x53, 0x03, 0x1a, 0x00,
    0x53, 0x04, 0x5c, 0x01, 0x52, 0x04, 0x00, 0x00, 0x00, 0x00, 0x00, 0x00, 0x00, 0x00, 0x00, 0x00,
    0x00, 0x00, 0x00, 0x00, 0x00, 0x00, 0x00, 0x00, 0x35, 0x03, 0x00, 0x00, 0x00, 0x00, 0x00, 0x00,
    0x72, 0x02, 0x18, 0x00, 0x22, 0x00, 0x53, 0x05, 0x1a, 0x00, 0x53, 0x06, 0x5c, 0x01, 0x52, 0x06,
    0x00, 0x00, 0x00, 0x00, 0x00, 0x00, 0x00, 0x00, 0x00, 0x00, 0x00, 0x00, 0x00, 0x00, 0x00, 0x00,
    0x00, 0x00, 0x35, 0x03, 0x00, 0x00, 0x00, 0x00, 0x00, 0x00, 0x72, 0x03, 0x18, 0x00, 0x22, 0x00,
    0x53, 0x07, 0x1a, 0x00, 0x53, 0x08, 0x5c, 0x01, 0x52, 0x08, 0x00, 0x00, 0x00, 0x00, 0x00, 0x00,
    0x00, 0x00, 0x00, 0x00, 0x00, 0x00, 0x00, 0x00, 0x00, 0x00, 0x00, 0x00, 0x35, 0x03, 0x00, 0x00,
    0x00, 0x00, 0x00, 0x00, 0x72, 0x04, 0x18, 0x00, 0x22, 0x00, 0x53, 0x09, 0x1a, 0x00, 0x53, 0x0a,
    0x5c, 0x02, 0x5c, 0x01, 0x52, 0x0a, 0x00, 0x00, 0x00, 0x00, 0x00, 0x00, 0x00, 0x00, 0x00, 0x00,
    0x00, 0x00, 0x00, 0x00, 0x00, 0x00, 0x00, 0x00, 0x35, 0x04, 0x00, 0x00, 0x00, 0x00, 0x00, 0x00,
    0x72, 0x05, 0x18, 0x00, 0x22, 0x00, 0x53, 0x0b, 0x1a, 0x00, 0x53, 0x0c, 0x5c, 0x02, 0x5c, 0x01,
    0x52, 0x0c, 0x00, 0x00, 0x00, 0x00, 0x00, 0x00, 0x00, 0x00, 0x00, 0x00, 0x00, 0x00, 0x00, 0x00,
    0x00, 0x00, 0x00, 0x00, 0x35, 0x04, 0x00, 0x00, 0x00, 0x00, 0x00, 0x00, 0x72, 0x06, 0x18, 0x00,
    0x22, 0x00, 0x53, 0x0d, 0x1a, 0x00, 0x53, 0x0e, 0x5c, 0x05, 0x5c, 0x06, 0x35, 0x04, 0x00, 0x00,
    0x00, 0x00, 0x00, 0x00, 0x72, 0x07, 0x53, 0x0f, 0x1a, 0x00, 0x72, 0x08, 0x67, 0x02, 0x29, 0x10,
    0x7a, 0x80, 0x50, 0x79, 0x74, 0x68, 0x6f, 0x6e, 0x20, 0x27, 0x61, 0x73, 0x63, 0x69, 0x69, 0x27,
    0x20, 0x43, 0x6f, 0x64, 0x65, 0x63, 0x0a, 0x0a, 0x0a, 0x57, 0x72, 0x69, 0x74, 0x74, 0x65, 0x6e,
    0x20, 0x62, 0x79, 0x20, 0x4d, 0x61, 0x72, 0x63, 0x2d, 0x41, 0x6e, 0x64, 0x72, 0x65, 0x20, 0x4c,
    0x65, 0x6d, 0x62, 0x75, 0x72, 0x67, 0x20, 0x28, 0x6d, 0x61, 0x6c, 0x40, 0x6c, 0x65, 0x6d, 0x62,
    0x75, 0x72, 0x67, 0x2e, 0x63, 0x6f, 0x6d, 0x29, 0x2e, 0x0a, 0x0a, 0x28, 0x63, 0x29, 0x20, 0x43,
    0x6f, 0x70, 0x79, 0x72, 0x69, 0x67, 0x68, 0x74, 0x20, 0x43, 0x4e, 0x52, 0x49, 0x2c, 0x20, 0x41,
    0x6c, 0x6c, 0x20, 0x52, 0x69, 0x67, 0x68, 0x74, 0x73, 0x20, 0x52, 0x65, 0x73, 0x65, 0x72, 0x76,
    0x65, 0x64, 0x2e, 0x20, 0x4e, 0x4f, 0x20, 0x57, 0x41, 0x52, 0x52, 0x41, 0x4e, 0x54, 0x59, 0x2e,
    0x0a, 0x0a, 0xe9, 0x00, 0x00, 0x00, 0x00, 0x4e, 0x63, 0x00, 0x00, 0x00, 0x00, 0x00, 0x00, 0x00,
    0x00, 0x00, 0x00, 0x00, 0x00, 0x01, 0x00, 0x00, 0x00, 0x00, 0x00, 0x00, 0x00, 0xf3, 0x44, 0x00,
    0x00, 0x00, 0x95, 0x00, 0x5c, 0x00, 0x72, 0x01, 0x53, 0x00, 0x72, 0x02, 0x53, 0x01, 0x72, 0x03,
    0x5c, 0x04, 0x52, 0x0a, 0x00, 0x00, 0x00, 0x00, 0x00, 0x00, 0x00, 0x00, 0x00, 0x00, 0x00, 0x00,
    0x00, 0x00, 0x00, 0x00, 0x00, 0x00, 0x72, 0x06, 0x5c, 0x04, 0x52, 0x0e, 0x00, 0x00, 0x00, 0x00,
    0x00, 0x00, 0x00, 0x00, 0x00, 0x00, 0x00, 0x00, 0x00, 0x00, 0x00, 0x00, 0x00, 0x00, 0x72, 0x08,
    0x53, 0x02, 0x72, 0x09, 0x67, 0x03, 0x29, 0x04, 0xda, 0x05, 0x43, 0x6f, 0x64, 0x65, 0x63, 0xe9,
    0x0d, 0x00, 0x00, 0x00, 0xa9, 0x00, 0x4e, 0x29, 0x0a, 0xda, 0x08, 0x5f, 0x5f, 0x6e, 0x61, 0x6d,
    0x65, 0x5f, 0x5f, 0xda, 0x0a, 0x5f, 0x5f, 0x6d, 0x6f, 0x64, 0x75, 0x6c, 0x65, 0x5f, 0x5f, 0xda,
    0x0c, 0x5f, 0x5f, 0x71, 0x75, 0x61, 0x6c, 0x6e, 0x61, 0x6d, 0x65, 0x5f, 0x5f, 0xda, 0x0f, 0x5f,
    0x5f, 0x66, 0x69, 0x72, 0x73, 0x74, 0x6c, 0x69, 0x6e, 0x65, 0x6e, 0x6f, 0x5f, 0x5f, 0xda, 0x06,
    0x63, 0x6f, 0x64, 0x65, 0x63, 0x73, 0xda, 0x0c, 0x61, 0x73, 0x63, 0x69, 0x69, 0x5f, 0x65, 0x6e,
    0x63, 0x6f, 0x64, 0x65, 0xda, 0x06, 0x65, 0x6e, 0x63, 0x6f, 0x64, 0x65, 0xda, 0x0c, 0x61, 0x73,
    0x63, 0x69, 0x69, 0x5f, 0x64, 0x65, 0x63, 0x6f, 0x64, 0x65, 0xda, 0x06, 0x64, 0x65, 0x63, 0x6f,
    0x64, 0x65, 0xda, 0x15, 0x5f, 0x5f, 0x73, 0x74, 0x61, 0x74, 0x69, 0x63, 0x5f, 0x61, 0x74, 0x74,
    0x72, 0x69, 0x62, 0x75, 0x74, 0x65, 0x73, 0x5f, 0x5f, 0x72, 0x06, 0x00, 0x00, 0x00, 0xf3, 0x00,
    0x00, 0x00, 0x00, 0xda, 0x19, 0x73, 0x74, 0x64, 0x6c, 0x69, 0x62, 0x2f, 0x65, 0x6e, 0x63, 0x6f,
    0x64, 0x69, 0x6e, 0x67, 0x73, 0x2f, 0x61, 0x73, 0x63, 0x69, 0x69, 0x2e, 0x70, 0x79, 0x72, 0x04,
    0x00, 0x00, 0x00, 0x72, 0x04, 0x00, 0x00, 0x00, 0x0d, 0x00, 0x00, 0x00, 0x73, 0x1a, 0x00, 0x00,
    0x00, 0x86, 0x00, 0xf0, 0x08, 0x00, 0x0e, 0x14, 0xd7, 0x0d, 0x20, 0xd1, 0x0d, 0x20, 0x80, 0x46,
    0xd8, 0x0d, 0x13, 0xd7, 0x0d, 0x20, 0xd1, 0x0d, 0x20, 0x83, 0x46, 0x72, 0x11, 0x00, 0x00, 0x00,
    0x72, 0x04, 0x00, 0x00, 0x00, 0x63, 0x00, 0x00, 0x00, 0x00, 0x00, 0x00, 0x00, 0x00, 0x00, 0x00,
    0x00, 0x00, 0x02, 0x00, 0x00, 0x00, 0x00, 0x00, 0x00, 0x00, 0xf3, 0x1e, 0x00, 0x00, 0x00, 0x95,
    0x00, 0x5c, 0x00, 0x72, 0x01, 0x53, 0x00, 0x72, 0x02, 0x53, 0x01, 0x72, 0x03, 0x53, 0x05, 0x53,
    0x02, 0x1a, 0x00, 0x6a, 0x01, 0x72, 0x04, 0x53, 0x03, 0x72, 0x05, 0x67, 0x04, 0x29, 0x06, 0xda,
    0x12, 0x49, 0x6e, 0x63, 0x72, 0x65, 0x6d, 0x65, 0x6e, 0x74, 0x61, 0x6c, 0x45, 0x6e, 0x63, 0x6f,
    0x64, 0x65, 0x72, 0xe9, 0x14, 0x00, 0x00, 0x00, 0x63, 0x03, 0x00, 0x00, 0x00, 0x00, 0x00, 0x00,
    0x00, 0x00, 0x00, 0x00, 0x00, 0x04, 0x00, 0x00, 0x00, 0x03, 0x00, 0x00, 0x00, 0xf3, 0x48, 0x00,
    0x00, 0x00, 0x95, 0x00, 0x5b, 0x00, 0x00, 0x00, 0x00, 0x00, 0x00, 0x00, 0x00, 0x00, 0x52, 0x02,
    0x00, 0x00, 0x00, 0x00, 0x00, 0x00, 0x00, 0x00, 0x00, 0x00, 0x00, 0x00, 0x00, 0x00, 0x00, 0x00,
    0x00, 0x00, 0x22, 0x00, 0x58, 0x10, 0x52, 0x04, 0x00, 0x00, 0x00, 0x00, 0x00, 0x00, 0x00, 0x00,
    0x00, 0x00, 0x00, 0x00, 0x00, 0x00, 0x00, 0x00, 0x00, 0x00, 0x35, 0x02, 0x00, 0x00, 0x00, 0x00,
    0x00, 0x00, 0x53, 0x01, 0x05, 0x00, 0x00, 0x00, 0x24, 0x00, 0xa9, 0x02, 0x4e, 0x72, 0x02, 0x00,
    0x00, 0x00, 0x29, 0x03, 0x72, 0x0b, 0x00, 0x00, 0x00, 0x72, 0x0c, 0x00, 0x00, 0x00, 0xda, 0x06,
    0x65, 0x72, 0x72, 0x6f, 0x72, 0x73, 0xa9, 0x03, 0xda, 0x04, 0x73, 0x65, 0x6c, 0x66, 0xda, 0x05,
    0x69, 0x6e, 0x70, 0x75, 0x74, 0xda, 0x05, 0x66, 0x69, 0x6e, 0x61, 0x6c, 0x73, 0x03, 0x00, 0x00,
    0x00, 0x20, 0x20, 0x20, 0x72, 0x12, 0x00, 0x00, 0x00, 0x72, 0x0d, 0x00, 0x00, 0x00, 0xda, 0x19,
    0x49, 0x6e, 0x63, 0x72, 0x65, 0x6d, 0x65, 0x6e, 0x74, 0x61, 0x6c, 0x45, 0x6e, 0x63, 0x6f, 0x64,
    0x65, 0x72, 0x2e, 0x65, 0x6e, 0x63, 0x6f, 0x64, 0x65, 0x15, 0x00, 0x00, 0x00, 0xf3, 0x1c, 0x00,
    0x00, 0x00, 0x80, 0x00, 0xdc, 0x0f, 0x15, 0xd7, 0x0f, 0x22, 0xd2, 0x0f, 0x22, 0xa0, 0x35, 0xaf,
    0x2b, 0xa9, 0x2b, 0xd3, 0x0f, 0x36, 0xb0, 0x71, 0xd1, 0x0f, 0x39, 0xd0, 0x08, 0x39, 0x72, 0x11,
    0x00, 0x00, 0x00, 0x72, 0x06, 0x00, 0x00, 0x00, 0x4e, 0xa9, 0x01, 0x46, 0x29, 0x06, 0x72, 0x07,
    0x00, 0x00, 0x00, 0x72, 0x08, 0x00, 0x00, 0x00, 0x72, 0x09, 0x00, 0x00, 0x00, 0x72, 0x0a, 0x00,
    0x00, 0x00, 0x72, 0x0d, 0x00, 0x00, 0x00, 0x72, 0x10, 0x00, 0x00, 0x00, 0x72, 0x06, 0x00, 0x00,
    0x00, 0x72, 0x11, 0x00, 0x00, 0x00, 0x72, 0x12, 0x00, 0x00, 0x00, 0x72, 0x14, 0x00, 0x00, 0x00,
    0x72, 0x14, 0x00, 0x00, 0x00, 0x14, 0x00, 0x00, 0x00, 0xf3, 0x07, 0x00, 0x00, 0x00, 0x86, 0x00,
    0xf7, 0x02, 0x01, 0x05, 0x3a, 0x72, 0x11, 0x00, 0x00, 0x00, 0x72, 0x14, 0x00, 0x00, 0x00, 0x63,
    0x00, 0x00, 0x00, 0x00, 0x00, 0x00, 0x00, 0x00, 0x00, 0x00, 0x00, 0x00, 0x02, 0x00, 0x00, 0x00,
    0x00, 0x00, 0x00, 0x00, 0xf3, 0x1e, 0x00, 0x00, 0x00, 0x95, 0x00, 0x5c, 0x00, 0x72, 0x01, 0x53,
    0x00, 0x72, 0x02, 0x53, 0x01, 0x72, 0x03, 0x53, 0x05, 0x53, 0x02, 0x1a, 0x00, 0x6a, 0x01, 0x72,
    0x04, 0x53, 0x03, 0x72, 0x05, 0x67, 0x04, 0x29, 0x06, 0xda, 0x12, 0x49, 0x6e, 0x63, 0x72, 0x65,
    0x6d, 0x65, 0x6e, 0x74, 0x61, 0x6c, 0x44, 0x65, 0x63, 0x6f, 0x64, 0x65, 0x72, 0xe9, 0x18, 0x00,
    0x00, 0x00, 0x63, 0x03, 0x00, 0x00, 0x00, 0x00, 0x00, 0x00, 0x00, 0x00, 0x00, 0x00, 0x00, 0x04,
    0x00, 0x00, 0x00, 0x03, 0x00, 0x00, 0x00, 0xf3, 0x48, 0x00, 0x00, 0x00, 0x95, 0x00, 0x5b, 0x00,
    0x00, 0x00, 0x00, 0x00, 0x00, 0x00, 0x00, 0x00, 0x52, 0x02, 0x00, 0x00, 0x00, 0x00, 0x00, 0x00,
    0x00, 0x00, 0x00, 0x00, 0x00, 0x00, 0x00, 0x00, 0x00, 0x00, 0x00, 0x00, 0x22, 0x00, 0x58, 0x10,
    0x52, 0x04, 0x00, 0x00, 0x00, 0x00, 0x00, 0x00, 0x00, 0x00, 0x00, 0x00, 0x00, 0x00, 0x00, 0x00,
    0x00, 0x00, 0x00, 0x00, 0x35, 0x02, 0x00, 0x00, 0x00, 0x00, 0x00, 0x00, 0x53, 0x01, 0x05, 0x00,
    0x00, 0x00, 0x24, 0x00, 0x72, 0x17, 0x00, 0x00, 0x00, 0x29, 0x03, 0x72, 0x0b, 0x00, 0x00, 0x00,
    0x72, 0x0e, 0x00, 0x00, 0x00, 0x72, 0x18, 0x00, 0x00, 0x00, 0x72, 0x19, 0x00, 0x00, 0x00, 0x73,
    0x03, 0x00, 0x00, 0x00, 0x20, 0x20, 0x20, 0x72, 0x12, 0x00, 0x00, 0x00, 0x72, 0x0f, 0x00, 0x00,
    0x00, 0xda, 0x19, 0x49, 0x6e, 0x63, 0x72, 0x65, 0x6d, 0x65, 0x6e, 0x74, 0x61, 0x6c, 0x44, 0x65,
    0x63, 0x6f, 0x64, 0x65, 0x72, 0x2e, 0x64, 0x65, 0x63, 0x6f, 0x64, 0x65, 0x19, 0x00, 0x00, 0x00,
    0x72, 0x1e, 0x00, 0x00, 0x00, 0x72, 0x11, 0x00, 0x00, 0x00, 0x72, 0x06, 0x00, 0x00, 0x00, 0x4e,
    0x72, 0x1f, 0x00, 0x00, 0x00, 0x29, 0x06, 0x72, 0x07, 0x00, 0x00, 0x00, 0x72, 0x08, 0x00, 0x00,
    0x00, 0x72, 0x09, 0x00, 0x00, 0x00, 0x72, 0x0a, 0x00, 0x00, 0x00, 0x72, 0x0f, 0x00, 0x00, 0x00,
    0x72, 0x10, 0x00, 0x00, 0x00, 0x72, 0x06, 0x00, 0x00, 0x00, 0x72, 0x11, 0x00, 0x00, 0x00, 0x72,
    0x12, 0x00, 0x00, 0x00, 0x72, 0x22, 0x00, 0x00, 0x00, 0x72, 0x22, 0x00, 0x00, 0x00, 0x18, 0x00,
    0x00, 0x00, 0x72, 0x20, 0x00, 0x00, 0x00, 0x72, 0x11, 0x00, 0x00, 0x00, 0x72, 0x22, 0x00, 0x00,
    0x00, 0x63, 0x00, 0x00, 0x00, 0x00, 0x00, 0x00, 0x00, 0x00, 0x00, 0x00, 0x00, 0x00, 0x01, 0x00,
    0x00, 0x00, 0x00, 0x00, 0x00, 0x00, 0xf3, 0x14, 0x00, 0x00, 0x00, 0x95, 0x00, 0x5c, 0x00, 0x72,
    0x01, 0x53, 0x00, 0x72, 0x02, 0x53, 0x01, 0x72, 0x03, 0x53, 0x02, 0x72, 0x04, 0x67, 0x03, 0x29,
    0x04, 0xda, 0x0c, 0x53, 0x74, 0x72, 0x65, 0x61, 0x6d, 0x57, 0x72, 0x69, 0x74, 0x65, 0x72, 0xe9,
    0x1c, 0x00, 0x00, 0x00, 0x72, 0x06, 0x00, 0x00, 0x00, 0x4e, 0xa9, 0x05, 0x72, 0x07, 0x00, 0x00,
    0x00, 0x72, 0x08, 0x00, 0x00, 0x00, 0x72, 0x09, 0x00, 0x00, 0x00, 0x72, 0x0a, 0x00, 0x00, 0x00,
    0x72, 0x10, 0x00, 0x00, 0x00, 0x72, 0x06, 0x00, 0x00, 0x00, 0x72, 0x11, 0x00, 0x00, 0x00, 0x72,
    0x12, 0x00, 0x00, 0x00, 0x72, 0x27, 0x00, 0x00, 0x00, 0x72, 0x27, 0x00, 0x00, 0x00, 0x1c, 0x00,
    0x00, 0x00, 0xf3, 0x05, 0x00, 0x00, 0x00, 0x86, 0x00, 0xda, 0x04, 0x08, 0x72, 0x11, 0x00, 0x00,
    0x00, 0x72, 0x27, 0x00, 0x00, 0x00, 0x63, 0x00, 0x00, 0x00, 0x00, 0x00, 0x00, 0x00, 0x00, 0x00,
    0x00, 0x00, 0x00, 0x01, 0x00, 0x00, 0x00, 0x00, 0x00, 0x00, 0x00, 0xf3, 0x14, 0x00, 0x00, 0x00,
    0x95, 0x00, 0x5c, 0x00, 0x72, 0x01, 0x53, 0x00, 0x72, 0x02, 0x53, 0x01, 0x72, 0x03, 0x53, 0x02,
    0x72, 0x04, 0x67, 0x03, 0x29, 0x04, 0xda, 0x0c, 0x53, 0x74, 0x72, 0x65, 0x61, 0x6d, 0x52, 0x65,
    0x61, 0x64, 0x65, 0x72, 0xe9, 0x1f, 0x00, 0x00, 0x00, 0x72, 0x06, 0x00, 0x00, 0x00, 0x4e, 0x72,
    0x29, 0x00, 0x00, 0x00, 0x72, 0x06, 0x00, 0x00, 0x00, 0x72, 0x11, 0x00, 0x00, 0x00, 0x72, 0x12,
    0x00, 0x00, 0x00, 0x72, 0x2c, 0x00, 0x00, 0x00, 0x72, 0x2c, 0x00, 0x00, 0x00, 0x1f, 0x00, 0x00,
    0x00, 0x72, 0x2a, 0x00, 0x00, 0x00, 0x72, 0x11, 0x00, 0x00, 0x00, 0x72, 0x2c, 0x00, 0x00, 0x00,
    0x63, 0x00, 0x00, 0x00, 0x00, 0x00, 0x00, 0x00, 0x00, 0x00, 0x00, 0x00, 0x00, 0x01, 0x00, 0x00,
    0x00, 0x00, 0x00, 0x00, 0x00, 0xf3, 0x44, 0x00, 0x00, 0x00, 0x95, 0x00, 0x5c, 0x00, 0x72, 0x01,
    0x53, 0x00, 0x72, 0x02, 0x53, 0x01, 0x72, 0x03, 0x5c, 0x04, 0x52, 0x0a, 0x00, 0x00, 0x00, 0x00,
    0x00, 0x00, 0x00, 0x00, 0x00, 0x00, 0x00, 0x00, 0x00, 0x00, 0x00, 0x00, 0x00, 0x00, 0x72, 0x06,
    0x5c, 0x04, 0x52, 0x0e, 0x00, 0x00, 0x00, 0x00, 0x00, 0x00, 0x00, 0x00, 0x00, 0x00, 0x00, 0x00,
    0x00, 0x00, 0x00, 0x00, 0x00, 0x00, 0x72, 0x08, 0x53, 0x02, 0x72, 0x09, 0x67, 0x03, 0x29, 0x04,
    0xda, 0x0f, 0x53, 0x74, 0x72, 0x65, 0x61, 0x6d, 0x43, 0x6f, 0x6e, 0x76, 0x65, 0x72, 0x74, 0x65,
    0x72, 0xe9, 0x22, 0x00, 0x00, 0x00, 0x72, 0x06, 0x00, 0x00, 0x00, 0x4e, 0x29, 0x0a, 0x72, 0x07,
    0x00, 0x00, 0x00, 0x72, 0x08, 0x00, 0x00, 0x00, 0x72, 0x09, 0x00, 0x00, 0x00, 0x72, 0x0a, 0x00,
    0x00, 0x00, 0x72, 0x0b, 0x00, 0x00, 0x00, 0x72, 0x0e, 0x00, 0x00, 0x00, 0x72, 0x0d, 0x00, 0x00,
    0x00, 0x72, 0x0c, 0x00, 0x00, 0x00, 0x72, 0x0f, 0x00, 0x00, 0x00, 0x72, 0x10, 0x00, 0x00, 0x00,
    0x72, 0x06, 0x00, 0x00, 0x00, 0x72, 0x11, 0x00, 0x00, 0x00, 0x72, 0x12, 0x00, 0x00, 0x00, 0x72,
    0x2f, 0x00, 0x00, 0x00, 0x72, 0x2f, 0x00, 0x00, 0x00, 0x22, 0x00, 0x00, 0x00, 0x73, 0x18, 0x00,
    0x00, 0x00, 0x86, 0x00, 0xe0, 0x0d, 0x13, 0xd7, 0x0d, 0x20, 0xd1, 0x0d, 0x20, 0x80, 0x46, 0xd8,
    0x0d, 0x13, 0xd7, 0x0d, 0x20, 0xd1, 0x0d, 0x20, 0x83, 0x46, 0x72, 0x11, 0x00, 0x00, 0x00, 0x72,
    0x2f, 0x00, 0x00, 0x00, 0x63, 0x00, 0x00, 0x00, 0x00, 0x00, 0x00, 0x00, 0x00, 0x00, 0x00, 0x00,
    0x00, 0x0a, 0x00, 0x00, 0x00, 0x03, 0x00, 0x00, 0x00, 0xf3, 0x8e, 0x00, 0x00, 0x00, 0x95, 0x00,
    0x5b, 0x00, 0x00, 0x00, 0x00, 0x00, 0x00, 0x00, 0x00, 0x00, 0x52, 0x02, 0x00, 0x00, 0x00, 0x00,
    0x00, 0x00, 0x00, 0x00, 0x00, 0x00, 0x00, 0x00, 0x00, 0x00, 0x00, 0x00, 0x00, 0x00, 0x22, 0x00,
    0x53, 0x01, 0x5b, 0x04, 0x00, 0x00, 0x00, 0x00, 0x00, 0x00, 0x00, 0x00, 0x52, 0x06, 0x00, 0x00,
    0x00, 0x00, 0x00, 0x00, 0x00, 0x00, 0x00, 0x00, 0x00, 0x00, 0x00, 0x00, 0x00, 0x00, 0x00, 0x00,
    0x5b, 0x04, 0x00, 0x00, 0x00, 0x00, 0x00, 0x00, 0x00, 0x00, 0x52, 0x08, 0x00, 0x00, 0x00, 0x00,
    0x00, 0x00, 0x00, 0x00, 0x00, 0x00, 0x00, 0x00, 0x00, 0x00, 0x00, 0x00, 0x00, 0x00, 0x5b, 0x0a,
    0x00, 0x00, 0x00, 0x00, 0x00, 0x00, 0x00, 0x00, 0x5b, 0x0c, 0x00, 0x00, 0x00, 0x00, 0x00, 0x00,
    0x00, 0x00, 0x5b, 0x0e, 0x00, 0x00, 0x00, 0x00, 0x00, 0x00, 0x00, 0x00, 0x5b, 0x10, 0x00, 0x00,
    0x00, 0x00, 0x00, 0x00, 0x00, 0x00, 0x53, 0x02, 0x39, 0x07, 0x24, 0x00, 0x29, 0x03, 0x4e, 0xda,
    0x05, 0x61, 0x73, 0x63, 0x69, 0x69, 0x29, 0x07, 0xda, 0x04, 0x6e, 0x61, 0x6d, 0x65, 0x72, 0x0d,
    0x00, 0x00, 0x00, 0x72, 0x0f, 0x00, 0x00, 0x00, 0xda, 0x12, 0x69, 0x6e, 0x63, 0x72, 0x65, 0x6d,
    0x65, 0x6e, 0x74, 0x61, 0x6c, 0x65, 0x6e, 0x63, 0x6f, 0x64, 0x65, 0x72, 0xda, 0x12, 0x69, 0x6e,
    0x63, 0x72, 0x65, 0x6d, 0x65, 0x6e, 0x74, 0x61, 0x6c, 0x64, 0x65, 0x63, 0x6f, 0x64, 0x65, 0x72,
    0xda, 0x0c, 0x73, 0x74, 0x72, 0x65, 0x61, 0x6d, 0x77, 0x72, 0x69, 0x74, 0x65, 0x72, 0xda, 0x0c,
    0x73, 0x74, 0x72, 0x65, 0x61, 0x6d, 0x72, 0x65, 0x61, 0x64, 0x65, 0x72, 0x29, 0x09, 0x72, 0x0b,
    0x00, 0x00, 0x00, 0xda, 0x09, 0x43, 0x6f, 0x64, 0x65, 0x63, 0x49, 0x6e, 0x66, 0x6f, 0x72, 0x04,
    0x00, 0x00, 0x00, 0x72, 0x0d, 0x00, 0x00, 0x00, 0x72, 0x0f, 0x00, 0x00, 0x00, 0x72, 0x14, 0x00,
    0x00, 0x00, 0x72, 0x22, 0x00, 0x00, 0x00, 0x72, 0x27, 0x00, 0x00, 0x00, 0x72, 0x2c, 0x00, 0x00,
    0x00, 0x72, 0x06, 0x00, 0x00, 0x00, 0x72, 0x11, 0x00, 0x00, 0x00, 0x72, 0x12, 0x00, 0x00, 0x00,
    0xda, 0x0b, 0x67, 0x65, 0x74, 0x72, 0x65, 0x67, 0x65, 0x6e, 0x74, 0x72, 0x79, 0x72, 0x39, 0x00,
    0x00, 0x00, 0x29, 0x00, 0x00, 0x00, 0x73, 0x32, 0x00, 0x00, 0x00, 0x80, 0x00, 0xdc, 0x0b, 0x11,
    0xd7, 0x0b, 0x1b, 0xd2, 0x0b, 0x1b, 0xd8, 0x0d, 0x14, 0xdc, 0x0f, 0x14, 0x8f, 0x7c, 0x89, 0x7c,
    0xdc, 0x0f, 0x14, 0x8f, 0x7c, 0x89, 0x7c, 0xdc, 0x1b, 0x2d, 0xdc, 0x1b, 0x2d, 0xdc, 0x15, 0x21,
    0xdc, 0x15, 0x21, 0xf1, 0x0f, 0x08, 0x0c, 0x06, 0xf0, 0x00, 0x08, 0x05, 0x06, 0x72, 0x11, 0x00,
    0x00, 0x00, 0x29, 0x09, 0xda, 0x07, 0x5f, 0x5f, 0x64, 0x6f, 0x63, 0x5f, 0x5f, 0x72, 0x0b, 0x00,
    0x00, 0x00, 0x72, 0x04, 0x00, 0x00, 0x00, 0x72, 0x14, 0x00, 0x00, 0x00, 0x72, 0x22, 0x00, 0x00,
    0x00, 0x72, 0x27, 0x00, 0x00, 0x00, 0x72, 0x2c, 0x00, 0x00, 0x00, 0x72, 0x2f, 0x00, 0x00, 0x00,
    0x72, 0x39, 0x00, 0x00, 0x00, 0x72, 0x06, 0x00, 0x00, 0x00, 0x72, 0x11, 0x00, 0x00, 0x00, 0x72,
    0x12, 0x00, 0x00, 0x00, 0xda, 0x08, 0x3c, 0x6d, 0x6f, 0x64, 0x75, 0x6c, 0x65, 0x3e, 0x72, 0x3b,
    0x00, 0x00, 0x00, 0x01, 0x00, 0x00, 0x00, 0x73, 0x7e, 0x00, 0x00, 0x00, 0xf0, 0x03, 0x01, 0x01,
    0x01, 0xf1, 0x02, 0x07, 0x01, 0x04, 0xf3, 0x10, 0x00, 0x01, 0x0e, 0xf4, 0x08, 0x05, 0x01, 0x21,
    0x88, 0x46, 0x8f, 0x4c, 0x89, 0x4c, 0xf4, 0x00, 0x05, 0x01, 0x21, 0xf4, 0x0e, 0x02, 0x01, 0x3a,
    0x98, 0x16, 0xd7, 0x19, 0x32, 0xd1, 0x19, 0x32, 0xf4, 0x00, 0x02, 0x01, 0x3a, 0xf4, 0x08, 0x02,
    0x01, 0x3a, 0x98, 0x16, 0xd7, 0x19, 0x32, 0xd1, 0x19, 0x32, 0xf4, 0x00, 0x02, 0x01, 0x3a, 0xf4,
    0x08, 0x01, 0x01, 0x09, 0x90, 0x35, 0x98, 0x16, 0xd7, 0x19, 0x2c, 0xd1, 0x19, 0x2c, 0xf4, 0x00,
    0x01, 0x01, 0x09, 0xf4, 0x06, 0x01, 0x01, 0x09, 0x90, 0x35, 0x98, 0x16, 0xd7, 0x19, 0x2c, 0xd1,
    0x19, 0x2c, 0xf4, 0x00, 0x01, 0x01, 0x09, 0xf4, 0x06, 0x03, 0x01, 0x21, 0x90, 0x6c, 0xa0, 0x3c,
    0xf4, 0x00, 0x03, 0x01, 0x21, 0xf3, 0x0e, 0x09, 0x01, 0x06, 0x72, 0x11, 0x00, 0x00, 0x00,
};
/* encodings.ascii: 2671 bytes, is_package=0 */

static unsigned char frozen_encodings_latin_1[] = {
    0xe3, 0x00, 0x00, 0x00, 0x00, 0x00, 0x00, 0x00, 0x00, 0x00, 0x00, 0x00, 0x00, 0x06, 0x00, 0x00,
    0x00, 0x00, 0x00, 0x00, 0x00, 0xf3, 0x04, 0x01, 0x00, 0x00, 0x95, 0x00, 0x53, 0x00, 0x72, 0x00,
    0x53, 0x01, 0x53, 0x02, 0x4b, 0x01, 0x72, 0x01, 0x18, 0x00, 0x22, 0x00, 0x53, 0x03, 0x1a, 0x00,
    0x53, 0x04, 0x5c, 0x01, 0x52, 0x04, 0x00, 0x00, 0x00, 0x00, 0x00, 0x00, 0x00, 0x00, 0x00, 0x00,
    0x00, 0x00, 0x00, 0x00, 0x00, 0x00, 0x00, 0x00, 0x35, 0x03, 0x00, 0x00, 0x00, 0x00, 0x00, 0x00,
    0x72, 0x02, 0x18, 0x00, 0x22, 0x00, 0x53, 0x05, 0x1a, 0x00, 0x53, 0x06, 0x5c, 0x01, 0x52, 0x06,
    0x00, 0x00, 0x00, 0x00, 0x00, 0x00, 0x00, 0x00, 0x00, 0x00, 0x00, 0x00, 0x00, 0x00, 0x00, 0x00,
    0x00, 0x00, 0x35, 0x03, 0x00, 0x00, 0x00, 0x00, 0x00, 0x00, 0x72, 0x03, 0x18, 0x00, 0x22, 0x00,
    0x53, 0x07, 0x1a, 0x00, 0x53, 0x08, 0x5c, 0x01, 0x52, 0x08, 0x00, 0x00, 0x00, 0x00, 0x00, 0x00,
    0x00, 0x00, 0x00, 0x00, 0x00, 0x00, 0x00, 0x00, 0x00, 0x00, 0x00, 0x00, 0x35, 0x03, 0x00, 0x00,
    0x00, 0x00, 0x00, 0x00, 0x72, 0x04, 0x18, 0x00, 0x22, 0x00, 0x53, 0x09, 0x1a, 0x00, 0x53, 0x0a,
    0x5c, 0x02, 0x5c, 0x01, 0x52, 0x0a, 0x00, 0x00, 0x00, 0x00, 0x00, 0x00, 0x00, 0x00, 0x00, 0x00,
    0x00, 0x00, 0x00, 0x00, 0x00, 0x00, 0x00, 0x00, 0x35, 0x04, 0x00, 0x00, 0x00, 0x00, 0x00, 0x00,
    0x72, 0x05, 0x18, 0x00, 0x22, 0x00, 0x53, 0x0b, 0x1a, 0x00, 0x53, 0x0c, 0x5c, 0x02, 0x5c, 0x01,
    0x52, 0x0c, 0x00, 0x00, 0x00, 0x00, 0x00, 0x00, 0x00, 0x00, 0x00, 0x00, 0x00, 0x00, 0x00, 0x00,
    0x00, 0x00, 0x00, 0x00, 0x35, 0x04, 0x00, 0x00, 0x00, 0x00, 0x00, 0x00, 0x72, 0x06, 0x18, 0x00,
    0x22, 0x00, 0x53, 0x0d, 0x1a, 0x00, 0x53, 0x0e, 0x5c, 0x05, 0x5c, 0x06, 0x35, 0x04, 0x00, 0x00,
    0x00, 0x00, 0x00, 0x00, 0x72, 0x07, 0x53, 0x0f, 0x1a, 0x00, 0x72, 0x08, 0x67, 0x02, 0x29, 0x10,
    0x7a, 0x82, 0x50, 0x79, 0x74, 0x68, 0x6f, 0x6e, 0x20, 0x27, 0x6c, 0x61, 0x74, 0x69, 0x6e, 0x2d,
    0x31, 0x27, 0x20, 0x43, 0x6f, 0x64, 0x65, 0x63, 0x0a, 0x0a, 0x0a, 0x57, 0x72, 0x69, 0x74, 0x74,
    0x65, 0x6e, 0x20, 0x62, 0x79, 0x20, 0x4d, 0x61, 0x72, 0x63, 0x2d, 0x41, 0x6e, 0x64, 0x72, 0x65,
    0x20, 0x4c, 0x65, 0x6d, 0x62, 0x75, 0x72, 0x67, 0x20, 0x28, 0x6d, 0x61, 0x6c, 0x40, 0x6c, 0x65,
    0x6d, 0x62, 0x75, 0x72, 0x67, 0x2e, 0x63, 0x6f, 0x6d, 0x29, 0x2e, 0x0a, 0x0a, 0x28, 0x63, 0x29,
    0x20, 0x43, 0x6f, 0x70, 0x79, 0x72, 0x69, 0x67, 0x68, 0x74, 0x20, 0x43, 0x4e, 0x52, 0x49, 0x2c,
    0x20, 0x41, 0x6c, 0x6c, 0x20, 0x52, 0x69, 0x67, 0x68, 0x74, 0x73, 0x20, 0x52, 0x65, 0x73, 0x65,
    0x72, 0x76, 0x65, 0x64, 0x2e, 0x20, 0x4e, 0x4f, 0x20, 0x57, 0x41, 0x52, 0x52, 0x41, 0x4e, 0x54,
    0x59, 0x2e, 0x0a, 0x0a, 0xe9, 0x00, 0x00, 0x00, 0x00, 0x4e, 0x63, 0x00, 0x00, 0x00, 0x00, 0x00,
    0x00, 0x00, 0x00, 0x00, 0x00, 0x00, 0x00, 0x01, 0x00, 0x00, 0x00, 0x00, 0x00, 0x00, 0x00, 0xf3,
    0x44, 0x00, 0x00, 0x00, 0x95, 0x00, 0x5c, 0x00, 0x72, 0x01, 0x53, 0x00, 0x72, 0x02, 0x53, 0x01,
    0x72, 0x03, 0x5c, 0x04, 0x52, 0x0a, 0x00, 0x00, 0x00, 0x00, 0x00, 0x00, 0x00, 0x00, 0x00, 0x00,
    0x00, 0x00, 0x00, 0x00, 0x00, 0x00, 0x00, 0x00, 0x72, 0x06, 0x5c, 0x04, 0x52, 0x0e, 0x00, 0x00,
    0x00, 0x00, 0x00, 0x00, 0x00, 0x00, 0x00, 0x00, 0x00, 0x00, 0x00, 0x00, 0x00, 0x00, 0x00, 0x00,
    0x72, 0x08, 0x53, 0x02, 0x72, 0x09, 0x67, 0x03, 0x29, 0x04, 0xda, 0x05, 0x43, 0x6f, 0x64, 0x65,
    0x63, 0xe9, 0x0d, 0x00, 0x00, 0x00, 0xa9, 0x00, 0x4e, 0x29, 0x0a, 0xda, 0x08, 0x5f, 0x5f, 0x6e,
    0x61, 0x6d, 0x65, 0x5f, 0x5f, 0xda, 0x0a, 0x5f, 0x5f, 0x6d, 0x6f, 0x64, 0x75, 0x6c, 0x65, 0x5f,
    0x5f, 0xda, 0x0c, 0x5f, 0x5f, 0x71, 0x75, 0x61, 0x6c, 0x6e, 0x61, 0x6d, 0x65, 0x5f, 0x5f, 0xda,
    0x0f, 0x5f, 0x5f, 0x66, 0x69, 0x72, 0x73, 0x74, 0x6c, 0x69, 0x6e, 0x65, 0x6e, 0x6f, 0x5f, 0x5f,
    0xda, 0x06, 0x63, 0x6f, 0x64, 0x65, 0x63, 0x73, 0xda, 0x0e, 0x6c, 0x61, 0x74, 0x69, 0x6e, 0x5f,
    0x31, 0x5f, 0x65, 0x6e, 0x63, 0x6f, 0x64, 0x65, 0xda, 0x06, 0x65, 0x6e, 0x63, 0x6f, 0x64, 0x65,
    0xda, 0x0e, 0x6c, 0x61, 0x74, 0x69, 0x6e, 0x5f, 0x31, 0x5f, 0x64, 0x65, 0x63, 0x6f, 0x64, 0x65,
    0xda, 0x06, 0x64, 0x65, 0x63, 0x6f, 0x64, 0x65, 0xda, 0x15, 0x5f, 0x5f, 0x73, 0x74, 0x61, 0x74,
    0x69, 0x63, 0x5f, 0x61, 0x74, 0x74, 0x72, 0x69, 0x62, 0x75, 0x74, 0x65, 0x73, 0x5f, 0x5f, 0x72,
    0x06, 0x00, 0x00, 0x00, 0xf3, 0x00, 0x00, 0x00, 0x00, 0xda, 0x1b, 0x73, 0x74, 0x64, 0x6c, 0x69,
    0x62, 0x2f, 0x65, 0x6e, 0x63, 0x6f, 0x64, 0x69, 0x6e, 0x67, 0x73, 0x2f, 0x6c, 0x61, 0x74, 0x69,
    0x6e, 0x5f, 0x31, 0x2e, 0x70, 0x79, 0x72, 0x04, 0x00, 0x00, 0x00, 0x72, 0x04, 0x00, 0x00, 0x00,
    0x0d, 0x00, 0x00, 0x00, 0x73, 0x1a, 0x00, 0x00, 0x00, 0x86, 0x00, 0xf0, 0x08, 0x00, 0x0e, 0x14,
    0xd7, 0x0d, 0x22, 0xd1, 0x0d, 0x22, 0x80, 0x46, 0xd8, 0x0d, 0x13, 0xd7, 0x0d, 0x22, 0xd1, 0x0d,
    0x22, 0x83, 0x46, 0x72, 0x11, 0x00, 0x00, 0x00, 0x72, 0x04, 0x00, 0x00, 0x00, 0x63, 0x00, 0x00,
    0x00, 0x00, 0x00, 0x00, 0x00, 0x00, 0x00, 0x00, 0x00, 0x00, 0x02, 0x00, 0x00, 0x00, 0x00, 0x00,
    0x00, 0x00, 0xf3, 0x1e, 0x00, 0x00, 0x00, 0x95, 0x00, 0x5c, 0x00, 0x72, 0x01, 0x53, 0x00, 0x72,
    0x02, 0x53, 0x01, 0x72, 0x03, 0x53, 0x05, 0x53, 0x02, 0x1a, 0x00, 0x6a, 0x01, 0x72, 0x04, 0x53,
    0x03, 0x72, 0x05, 0x67, 0x04, 0x29, 0x06, 0xda, 0x12, 0x49, 0x6e, 0x63, 0x72, 0x65, 0x6d, 0x65,
    0x6e, 0x74, 0x61, 0x6c, 0x45, 0x6e, 0x63, 0x6f, 0x64, 0x65, 0x72, 0xe9, 0x14, 0x00, 0x00, 0x00,
    0x63, 0x03, 0x00, 0x00, 0x00, 0x00, 0x00, 0x00, 0x00, 0x00, 0x00, 0x00, 0x00, 0x04, 0x00, 0x00,
    0x00, 0x03, 0x00, 0x00, 0x00, 0xf3, 0x48, 0x00, 0x00, 0x00, 0x95, 0x00, 0x5b, 0x00, 0x00, 0x00,
    0x00, 0x00, 0x00, 0x00, 0x00, 0x00, 0x52, 0x02, 0x00, 0x00, 0x00, 0x00, 0x00, 0x00, 0x00, 0x00,
    0x00, 0x00, 0x00, 0x00, 0x00, 0x00, 0x00, 0x00, 0x00, 0x00, 0x22, 0x00, 0x58, 0x10, 0x52, 0x04,
    0x00, 0x00, 0x00, 0x00, 0x00, 0x00, 0x00, 0x00, 0x00, 0x00, 0x00, 0x00, 0x00, 0x00, 0x00, 0x00,
    0x00, 0x00, 0x35, 0x02, 0x00, 0x00, 0x00, 0x00, 0x00, 0x00, 0x53, 0x01, 0x05, 0x00, 0x00, 0x00,
    0x24, 0x00, 0xa9, 0x02, 0x4e, 0x72, 0x02, 0x00, 0x00, 0x00, 0x29, 0x03, 0x72, 0x0b, 0x00, 0x00,
    0x00, 0x72, 0x0c, 0x00, 0x00, 0x00, 0xda, 0x06, 0x65, 0x72, 0x72, 0x6f, 0x72, 0x73, 0xa9, 0x03,
    0xda, 0x04, 0x73, 0x65, 0x6c, 0x66, 0xda, 0x05, 0x69, 0x6e, 0x70, 0x75, 0x74, 0xda, 0x05, 0x66,
    0x69, 0x6e, 0x61, 0x6c, 0x73, 0x03, 0x00, 0x00, 0x00, 0x20, 0x20, 0x20, 0x72, 0x12, 0x00, 0x00,
    0x00, 0x72, 0x0d, 0x00, 0x00, 0x00, 0xda, 0x19, 0x49, 0x6e, 0x63, 0x72, 0x65, 0x6d, 0x65, 0x6e,
    0x74, 0x61, 0x6c, 0x45, 0x6e, 0x63, 0x6f, 0x64, 0x65, 0x72, 0x2e, 0x65, 0x6e, 0x63, 0x6f, 0x64,
    0x65, 0x15, 0x00, 0x00, 0x00, 0xf3, 0x1c, 0x00, 0x00, 0x00, 0x80, 0x00, 0xdc, 0x0f, 0x15, 0xd7,
    0x0f, 0x24, 0xd2, 0x0f, 0x24, 0xa0, 0x55, 0xaf, 0x3b, 0xa9, 0x3b, 0xd3, 0x0f, 0x37, 0xb8, 0x01,
    0xd1, 0x0f, 0x3a, 0xd0, 0x08, 0x3a, 0x72, 0x11, 0x00, 0x00, 0x00, 0x72, 0x06, 0x00, 0x00, 0x00,
    0x4e, 0xa9, 0x01, 0x46, 0x29, 0x06, 0x72, 0x07, 0x00, 0x00, 0x00, 0x72, 0x08, 0x00, 0x00, 0x00,
    0x72, 0x09, 0x00, 0x00, 0x00, 0x72, 0x0a, 0x00, 0x00, 0x00, 0x72, 0x0d, 0x00, 0x00, 0x00, 0x72,
    0x10, 0x00, 0x00, 0x00, 0x72, 0x06, 0x00, 0x00, 0x00, 0x72, 0x11, 0x00, 0x00, 0x00, 0x72, 0x12,
    0x00, 0x00, 0x00, 0x72, 0x14, 0x00, 0x00, 0x00, 0x72, 0x14, 0x00, 0x00, 0x00, 0x14, 0x00, 0x00,
    0x00, 0xf3, 0x07, 0x00, 0x00, 0x00, 0x86, 0x00, 0xf7, 0x02, 0x01, 0x05, 0x3b, 0x72, 0x11, 0x00,
    0x00, 0x00, 0x72, 0x14, 0x00, 0x00, 0x00, 0x63, 0x00, 0x00, 0x00, 0x00, 0x00, 0x00, 0x00, 0x00,
    0x00, 0x00, 0x00, 0x00, 0x02, 0x00, 0x00, 0x00, 0x00, 0x00, 0x00, 0x00, 0xf3, 0x1e, 0x00, 0x00,
    0x00, 0x95, 0x00, 0x5c, 0x00, 0x72, 0x01, 0x53, 0x00, 0x72, 0x02, 0x53, 0x01, 0x72, 0x03, 0x53,
    0x05, 0x53, 0x02, 0x1a, 0x00, 0x6a, 0x01, 0x72, 0x04, 0x53, 0x03, 0x72, 0x05, 0x67, 0x04, 0x29,
    0x06, 0xda, 0x12, 0x49, 0x6e, 0x63, 0x72, 0x65, 0x6d, 0x65, 0x6e, 0x74, 0x61, 0x6c, 0x44, 0x65,
    0x63, 0x6f, 0x64, 0x65, 0x72, 0xe9, 0x18, 0x00, 0x00, 0x00, 0x63, 0x03, 0x00, 0x00, 0x00, 0x00,
    0x00, 0x00, 0x00, 0x00, 0x00, 0x00, 0x00, 0x04, 0x00, 0x00, 0x00, 0x03, 0x00, 0x00, 0x00, 0xf3,
    0x48, 0x00, 0x00, 0x00, 0x95, 0x00, 0x5b, 0x00, 0x00, 0x00, 0x00, 0x00, 0x00, 0x00, 0x00, 0x00,
    0x52, 0x02, 0x00, 0x00, 0x00, 0x00, 0x00, 0x00, 0x00, 0x00, 0x00, 0x00, 0x00, 0x00, 0x00, 0x00,
    0x00, 0x00, 0x00, 0x00, 0x22, 0x00, 0x58, 0x10, 0x52, 0x04, 0x00, 0x00, 0x00, 0x00, 0x00, 0x00,
    0x00, 0x00, 0x00, 0x00, 0x00, 0x00, 0x00, 0x00, 0x00, 0x00, 0x00, 0x00, 0x35, 0x02, 0x00, 0x00,
    0x00, 0x00, 0x00, 0x00, 0x53, 0x01, 0x05, 0x00, 0x00, 0x00, 0x24, 0x00, 0x72, 0x17, 0x00, 0x00,
    0x00, 0x29, 0x03, 0x72, 0x0b, 0x00, 0x00, 0x00, 0x72, 0x0e, 0x00, 0x00, 0x00, 0x72, 0x18, 0x00,
    0x00, 0x00, 0x72, 0x19, 0x00, 0x00, 0x00, 0x73, 0x03, 0x00, 0x00, 0x00, 0x20, 0x20, 0x20, 0x72,
    0x12, 0x00, 0x00, 0x00, 0x72, 0x0f, 0x00, 0x00, 0x00, 0xda, 0x19, 0x49, 0x6e, 0x63, 0x72, 0x65,
    0x6d, 0x65, 0x6e, 0x74, 0x61, 0x6c, 0x44, 0x65, 0x63, 0x6f, 0x64, 0x65, 0x72, 0x2e, 0x64, 0x65,
    0x63, 0x6f, 0x64, 0x65, 0x19, 0x00, 0x00, 0x00, 0x72, 0x1e, 0x00, 0x00, 0x00, 0x72, 0x11, 0x00,
    0x00, 0x00, 0x72, 0x06, 0x00, 0x00, 0x00, 0x4e, 0x72, 0x1f, 0x00, 0x00, 0x00, 0x29, 0x06, 0x72,
    0x07, 0x00, 0x00, 0x00, 0x72, 0x08, 0x00, 0x00, 0x00, 0x72, 0x09, 0x00, 0x00, 0x00, 0x72, 0x0a,
    0x00, 0x00, 0x00, 0x72, 0x0f, 0x00, 0x00, 0x00, 0x72, 0x10, 0x00, 0x00, 0x00, 0x72, 0x06, 0x00,
    0x00, 0x00, 0x72, 0x11, 0x00, 0x00, 0x00, 0x72, 0x12, 0x00, 0x00, 0x00, 0x72, 0x22, 0x00, 0x00,
    0x00, 0x72, 0x22, 0x00, 0x00, 0x00, 0x18, 0x00, 0x00, 0x00, 0x72, 0x20, 0x00, 0x00, 0x00, 0x72,
    0x11, 0x00, 0x00, 0x00, 0x72, 0x22, 0x00, 0x00, 0x00, 0x63, 0x00, 0x00, 0x00, 0x00, 0x00, 0x00,
    0x00, 0x00, 0x00, 0x00, 0x00, 0x00, 0x01, 0x00, 0x00, 0x00, 0x00, 0x00, 0x00, 0x00, 0xf3, 0x14,
    0x00, 0x00, 0x00, 0x95, 0x00, 0x5c, 0x00, 0x72, 0x01, 0x53, 0x00, 0x72, 0x02, 0x53, 0x01, 0x72,
    0x03, 0x53, 0x02, 0x72, 0x04, 0x67, 0x03, 0x29, 0x04, 0xda, 0x0c, 0x53, 0x74, 0x72, 0x65, 0x61,
    0x6d, 0x57, 0x72, 0x69, 0x74, 0x65, 0x72, 0xe9, 0x1c, 0x00, 0x00, 0x00, 0x72, 0x06, 0x00, 0x00,
    0x00, 0x4e, 0xa9, 0x05, 0x72, 0x07, 0x00, 0x00, 0x00, 0x72, 0x08, 0x00, 0x00, 0x00, 0x72, 0x09,
    0x00, 0x00, 0x00, 0x72, 0x0a, 0x00, 0x00, 0x00, 0x72, 0x10, 0x00, 0x00, 0x00, 0x72, 0x06, 0x00,
    0x00, 0x00, 0x72, 0x11, 0x00, 0x00, 0x00, 0x72, 0x12, 0x00, 0x00, 0x00, 0x72, 0x27, 0x00, 0x00,
    0x00, 0x72, 0x27, 0x00, 0x00, 0x00, 0x1c, 0x00, 0x00, 0x00, 0xf3, 0x05, 0x00, 0x00, 0x00, 0x86,
    0x00, 0xda, 0x04, 0x08, 0x72, 0x11, 0x00, 0x00, 0x00, 0x72, 0x27, 0x00, 0x00, 0x00, 0x63, 0x00,
    0x00, 0x00, 0x00, 0x00, 0x00, 0x00, 0x00, 0x00, 0x00, 0x00, 0x00, 0x01, 0x00, 0x00, 0x00, 0x00,
    0x00, 0x00, 0x00, 0xf3, 0x14, 0x00, 0x00, 0x00, 0x95, 0x00, 0x5c, 0x00, 0x72, 0x01, 0x53, 0x00,
    0x72, 0x02, 0x53, 0x01, 0x72, 0x03, 0x53, 0x02, 0x72, 0x04, 0x67, 0x03, 0x29, 0x04, 0xda, 0x0c,
    0x53, 0x74, 0x72, 0x65, 0x61, 0x6d, 0x52, 0x65, 0x61, 0x64, 0x65, 0x72, 0xe9, 0x1f, 0x00, 0x00,
    0x00, 0x72, 0x06, 0x00, 0x00, 0x00, 0x4e, 0x72, 0x29, 0x00, 0x00, 0x00, 0x72, 0x06, 0x00, 0x00,
    0x00, 0x72, 0x11, 0x00, 0x00, 0x00, 0x72, 0x12, 0x00, 0x00, 0x00, 0x72, 0x2c, 0x00, 0x00, 0x00,
    0x72, 0x2c, 0x00, 0x00, 0x00, 0x1f, 0x00, 0x00, 0x00, 0x72, 0x2a, 0x00, 0x00, 0x00, 0x72, 0x11,
    0x00, 0x00, 0x00, 0x72, 0x2c, 0x00, 0x00, 0x00, 0x63, 0x00, 0x00, 0x00, 0x00, 0x00, 0x00, 0x00,
    0x00, 0x00, 0x00, 0x00, 0x00, 0x01, 0x00, 0x00, 0x00, 0x00, 0x00, 0x00, 0x00, 0xf3, 0x44, 0x00,
    0x00, 0x00, 0x95, 0x00, 0x5c, 0x00, 0x72, 0x01, 0x53, 0x00, 0x72, 0x02, 0x53, 0x01, 0x72, 0x03,
    0x5c, 0x04, 0x52, 0x0a, 0x00, 0x00, 0x00, 0x00, 0x00, 0x00, 0x00, 0x00, 0x00, 0x00, 0x00, 0x00,
    0x00, 0x00, 0x00, 0x00, 0x00, 0x00, 0x72, 0x06, 0x5c, 0x04, 0x52, 0x0e, 0x00, 0x00, 0x00, 0x00,
    0x00, 0x00, 0x00, 0x00, 0x00, 0x00, 0x00, 0x00, 0x00, 0x00, 0x00, 0x00, 0x00, 0x00, 0x72, 0x08,
    0x53, 0x02, 0x72, 0x09, 0x67, 0x03, 0x29, 0x04, 0xda, 0x0f, 0x53, 0x74, 0x72, 0x65, 0x61, 0x6d,
    0x43, 0x6f, 0x6e, 0x76, 0x65, 0x72, 0x74, 0x65, 0x72, 0xe9, 0x22, 0x00, 0x00, 0x00, 0x72, 0x06,
    0x00, 0x00, 0x00, 0x4e, 0x29, 0x0a, 0x72, 0x07, 0x00, 0x00, 0x00, 0x72, 0x08, 0x00, 0x00, 0x00,
    0x72, 0x09, 0x00, 0x00, 0x00, 0x72, 0x0a, 0x00, 0x00, 0x00, 0x72, 0x0b, 0x00, 0x00, 0x00, 0x72,
    0x0e, 0x00, 0x00, 0x00, 0x72, 0x0d, 0x00, 0x00, 0x00, 0x72, 0x0c, 0x00, 0x00, 0x00, 0x72, 0x0f,
    0x00, 0x00, 0x00, 0x72, 0x10, 0x00, 0x00, 0x00, 0x72, 0x06, 0x00, 0x00, 0x00, 0x72, 0x11, 0x00,
    0x00, 0x00, 0x72, 0x12, 0x00, 0x00, 0x00, 0x72, 0x2f, 0x00, 0x00, 0x00, 0x72, 0x2f, 0x00, 0x00,
    0x00, 0x22, 0x00, 0x00, 0x00, 0x73, 0x18, 0x00, 0x00, 0x00, 0x86, 0x00, 0xe0, 0x0d, 0x13, 0xd7,
    0x0d, 0x22, 0xd1, 0x0d, 0x22, 0x80, 0x46, 0xd8, 0x0d, 0x13, 0xd7, 0x0d, 0x22, 0xd1, 0x0d, 0x22,
    0x83, 0x46, 0x72, 0x11, 0x00, 0x00, 0x00, 0x72, 0x2f, 0x00, 0x00, 0x00, 0x63, 0x00, 0x00, 0x00,
    0x00, 0x00, 0x00, 0x00, 0x00, 0x00, 0x00, 0x00, 0x00, 0x0a, 0x00, 0x00, 0x00, 0x03, 0x00, 0x00,
    0x00, 0xf3, 0x8e, 0x00, 0x00, 0x00, 0x95, 0x00, 0x5b, 0x00, 0x00, 0x00, 0x00, 0x00, 0x00, 0x00,
    0x00, 0x00, 0x52, 0x02, 0x00, 0x00, 0x00, 0x00, 0x00, 0x00, 0x00, 0x00, 0x00, 0x00, 0x00, 0x00,
    0x00, 0x00, 0x00, 0x00, 0x00, 0x00, 0x22, 0x00, 0x53, 0x01, 0x5b, 0x04, 0x00, 0x00, 0x00, 0x00,
    0x00, 0x00, 0x00, 0x00, 0x52, 0x06, 0x00, 0x00, 0x00, 0x00, 0x00, 0x00, 0x00, 0x00, 0x00, 0x00,
    0x00, 0x00, 0x00, 0x00, 0x00, 0x00, 0x00, 0x00, 0x5b, 0x04, 0x00, 0x00, 0x00, 0x00, 0x00, 0x00,
    0x00, 0x00, 0x52, 0x08, 0x00, 0x00, 0x00, 0x00, 0x00, 0x00, 0x00, 0x00, 0x00, 0x00, 0x00, 0x00,
    0x00, 0x00, 0x00, 0x00, 0x00, 0x00, 0x5b, 0x0a, 0x00, 0x00, 0x00, 0x00, 0x00, 0x00, 0x00, 0x00,
    0x5b, 0x0c, 0x00, 0x00, 0x00, 0x00, 0x00, 0x00, 0x00, 0x00, 0x5b, 0x0e, 0x00, 0x00, 0x00, 0x00,
    0x00, 0x00, 0x00, 0x00, 0x5b, 0x10, 0x00, 0x00, 0x00, 0x00, 0x00, 0x00, 0x00, 0x00, 0x53, 0x02,
    0x39, 0x07, 0x24, 0x00, 0x29, 0x03, 0x4e, 0x7a, 0x09, 0x69, 0x73, 0x6f, 0x38, 0x38, 0x35, 0x39,
    0x2d, 0x31, 0x29, 0x07, 0xda, 0x04, 0x6e, 0x61, 0x6d, 0x65, 0x72, 0x0d, 0x00, 0x00, 0x00, 0x72,
    0x0f, 0x00, 0x00, 0x00, 0xda, 0x12, 0x69, 0x6e, 0x63, 0x72, 0x65, 0x6d, 0x65, 0x6e, 0x74, 0x61,
    0x6c, 0x65, 0x6e, 0x63, 0x6f, 0x64, 0x65, 0x72, 0xda, 0x12, 0x69, 0x6e, 0x63, 0x72, 0x65, 0x6d,
    0x65, 0x6e, 0x74, 0x61, 0x6c, 0x64, 0x65, 0x63, 0x6f, 0x64, 0x65, 0x72, 0xda, 0x0c, 0x73, 0x74,
    0x72, 0x65, 0x61, 0x6d, 0x72, 0x65, 0x61, 0x64, 0x65, 0x72, 0xda, 0x0c, 0x73, 0x74, 0x72, 0x65,
    0x61, 0x6d, 0x77, 0x72, 0x69, 0x74, 0x65, 0x72, 0x29, 0x09, 0x72, 0x0b, 0x00, 0x00, 0x00, 0xda,
    0x09, 0x43, 0x6f, 0x64, 0x65, 0x63, 0x49, 0x6e, 0x66, 0x6f, 0x72, 0x04, 0x00, 0x00, 0x00, 0x72,
    0x0d, 0x00, 0x00, 0x00, 0x72, 0x0f, 0x00, 0x00, 0x00, 0x72, 0x14, 0x00, 0x00, 0x00, 0x72, 0x22,
    0x00, 0x00, 0x00, 0x72, 0x2c, 0x00, 0x00, 0x00, 0x72, 0x27, 0x00, 0x00, 0x00, 0x72, 0x06, 0x00,
    0x00, 0x00, 0x72, 0x11, 0x00, 0x00, 0x00, 0x72, 0x12, 0x00, 0x00, 0x00, 0xda, 0x0b, 0x67, 0x65,
    0x74, 0x72, 0x65, 0x67, 0x65, 0x6e, 0x74, 0x72, 0x79, 0x72, 0x38, 0x00, 0x00, 0x00, 0x29, 0x00,
    0x00, 0x00, 0x73, 0x32, 0x00, 0x00, 0x00, 0x80, 0x00, 0xdc, 0x0b, 0x11, 0xd7, 0x0b, 0x1b, 0xd2,
    0x0b, 0x1b, 0xd8, 0x0d, 0x18, 0xdc, 0x0f, 0x14, 0x8f, 0x7c, 0x89, 0x7c, 0xdc, 0x0f, 0x14, 0x8f,
    0x7c, 0x89, 0x7c, 0xdc, 0x1b, 0x2d, 0xdc, 0x1b, 0x2d, 0xdc, 0x15, 0x21, 0xdc, 0x15, 0x21, 0xf1,
    0x0f, 0x08, 0x0c, 0x06, 0xf0, 0x00, 0x08, 0x05, 0x06, 0x72, 0x11, 0x00, 0x00, 0x00, 0x29, 0x09,
    0xda, 0x07, 0x5f, 0x5f, 0x64, 0x6f, 0x63, 0x5f, 0x5f, 0x72, 0x0b, 0x00, 0x00, 0x00, 0x72, 0x04,
    0x00, 0x00, 0x00, 0x72, 0x14, 0x00, 0x00, 0x00, 0x72, 0x22, 0x00, 0x00, 0x00, 0x72, 0x27, 0x00,
    0x00, 0x00, 0x72, 0x2c, 0x00, 0x00, 0x00, 0x72, 0x2f, 0x00, 0x00, 0x00, 0x72, 0x38, 0x00, 0x00,
    0x00, 0x72, 0x06, 0x00, 0x00, 0x00, 0x72, 0x11, 0x00, 0x00, 0x00, 0x72, 0x12, 0x00, 0x00, 0x00,
    0xda, 0x08, 0x3c, 0x6d, 0x6f, 0x64, 0x75, 0x6c, 0x65, 0x3e, 0x72, 0x3a, 0x00, 0x00, 0x00, 0x01,
    0x00, 0x00, 0x00, 0x73, 0x7e, 0x00, 0x00, 0x00, 0xf0, 0x03, 0x01, 0x01, 0x01, 0xf1, 0x02, 0x07,
    0x01, 0x04, 0xf3, 0x10, 0x00, 0x01, 0x0e, 0xf4, 0x08, 0x05, 0x01, 0x23, 0x88, 0x46, 0x8f, 0x4c,
    0x89, 0x4c, 0xf4, 0x00, 0x05, 0x01, 0x23, 0xf4, 0x0e, 0x02, 0x01, 0x3b, 0x98, 0x16, 0xd7, 0x19,
    0x32, 0xd1, 0x19, 0x32, 0xf4, 0x00, 0x02, 0x01, 0x3b, 0xf4, 0x08, 0x02, 0x01, 0x3b, 0x98, 0x16,
    0xd7, 0x19, 0x32, 0xd1, 0x19, 0x32, 0xf4, 0x00, 0x02, 0x01, 0x3b, 0xf4, 0x08, 0x01, 0x01, 0x09,
    0x90, 0x35, 0x98, 0x16, 0xd7, 0x19, 0x2c, 0xd1, 0x19, 0x2c, 0xf4, 0x00, 0x01, 0x01, 0x09, 0xf4,
    0x06, 0x01, 0x01, 0x09, 0x90, 0x35, 0x98, 0x16, 0xd7, 0x19, 0x2c, 0xd1, 0x19, 0x2c, 0xf4, 0x00,
    0x01, 0x01, 0x09, 0xf4, 0x06, 0x03, 0x01, 0x23, 0x90, 0x6c, 0xa0, 0x3c, 0xf4, 0x00, 0x03, 0x01,
    0x23, 0xf3, 0x0e, 0x09, 0x01, 0x06, 0x72, 0x11, 0x00, 0x00, 0x00,
};
/* encodings.latin_1: 2683 bytes, is_package=0 */

static unsigned char frozen_io[] = {
    0xe3, 0x00, 0x00, 0x00, 0x00, 0x00, 0x00, 0x00, 0x00, 0x00, 0x00, 0x00, 0x00, 0x07, 0x00, 0x00,
    0x00, 0x00, 0x00, 0x00, 0x00, 0xf3, 0x24, 0x02, 0x00, 0x00, 0x95, 0x00, 0x53, 0x00, 0x72, 0x00,
    0x53, 0x01, 0x72, 0x01, 0x2f, 0x00, 0x53, 0x02, 0x51, 0x01, 0x72, 0x02, 0x53, 0x03, 0x53, 0x04,
    0x4b, 0x03, 0x72, 0x03, 0x53, 0x03, 0x53, 0x04, 0x4b, 0x04, 0x72, 0x04, 0x53, 0x03, 0x53, 0x05,
    0x4b, 0x03, 0x4a, 0x05, 0x72, 0x05, 0x4a, 0x06, 0x72, 0x06, 0x4a, 0x07, 0x72, 0x07, 0x4a, 0x08,
    0x72, 0x08, 0x4a, 0x09, 0x72, 0x09, 0x4a, 0x0a, 0x72, 0x0a, 0x4a, 0x0b, 0x72, 0x0b, 0x4a, 0x0c,
    0x72, 0x0c, 0x4a, 0x0d, 0x72, 0x0d, 0x4a, 0x0e, 0x72, 0x0e, 0x4a, 0x0f, 0x72, 0x0f, 0x4a, 0x10,
    0x72, 0x10, 0x4a, 0x11, 0x72, 0x11, 0x4a, 0x12, 0x72, 0x12, 0x4a, 0x13, 0x72, 0x13, 0x20, 0x00,
    0x53, 0x06, 0x5c, 0x07, 0x6c, 0x14, 0x00, 0x00, 0x00, 0x00, 0x00, 0x00, 0x00, 0x00, 0x53, 0x03,
    0x72, 0x15, 0x53, 0x07, 0x72, 0x16, 0x53, 0x08, 0x72, 0x17, 0x18, 0x00, 0x22, 0x00, 0x53, 0x09,
    0x1a, 0x00, 0x53, 0x0a, 0x5c, 0x03, 0x52, 0x30, 0x00, 0x00, 0x00, 0x00, 0x00, 0x00, 0x00, 0x00,
    0x00, 0x00, 0x00, 0x00, 0x00, 0x00, 0x00, 0x00, 0x00, 0x00, 0x5c, 0x04, 0x52, 0x32, 0x00, 0x00,
    0x00, 0x00, 0x00, 0x00, 0x00, 0x00, 0x00, 0x00, 0x00, 0x00, 0x00, 0x00, 0x00, 0x00, 0x00, 0x00,
    0x53, 0x0b, 0x39, 0x04, 0x72, 0x1a, 0x18, 0x00, 0x22, 0x00, 0x53, 0x0c, 0x1a, 0x00, 0x53, 0x0d,
    0x5c, 0x03, 0x52, 0x36, 0x00, 0x00, 0x00, 0x00, 0x00, 0x00, 0x00, 0x00, 0x00, 0x00, 0x00, 0x00,
    0x00, 0x00, 0x00, 0x00, 0x00, 0x00, 0x5c, 0x1a, 0x35, 0x04, 0x00, 0x00, 0x00, 0x00, 0x00, 0x00,
    0x72, 0x1c, 0x18, 0x00, 0x22, 0x00, 0x53, 0x0e, 0x1a, 0x00, 0x53, 0x0f, 0x5c, 0x03, 0x52, 0x3a,
    0x00, 0x00, 0x00, 0x00, 0x00, 0x00, 0x00, 0x00, 0x00, 0x00, 0x00, 0x00, 0x00, 0x00, 0x00, 0x00,
    0x00, 0x00, 0x5c, 0x1a, 0x35, 0x04, 0x00, 0x00, 0x00, 0x00, 0x00, 0x00, 0x72, 0x1e, 0x18, 0x00,
    0x22, 0x00, 0x53, 0x10, 0x1a, 0x00, 0x53, 0x11, 0x5c, 0x03, 0x52, 0x3e, 0x00, 0x00, 0x00, 0x00,
    0x00, 0x00, 0x00, 0x00, 0x00, 0x00, 0x00, 0x00, 0x00, 0x00, 0x00, 0x00, 0x00, 0x00, 0x5c, 0x1a,
    0x35, 0x04, 0x00, 0x00, 0x00, 0x00, 0x00, 0x00, 0x72, 0x20, 0x5c, 0x1c, 0x52, 0x43, 0x00, 0x00,
    0x00, 0x00, 0x00, 0x00, 0x00, 0x00, 0x00, 0x00, 0x00, 0x00, 0x00, 0x00, 0x00, 0x00, 0x00, 0x00,
    0x5c, 0x0a, 0x35, 0x01, 0x00, 0x00, 0x00, 0x00, 0x00, 0x00, 0x20, 0x00, 0x5c, 0x0b, 0x5c, 0x0d,
    0x5c, 0x0e, 0x5c, 0x10, 0x5c, 0x0f, 0x34, 0x05, 0x13, 0x00, 0x48, 0x14, 0x00, 0x00, 0x72, 0x22,
    0x5c, 0x1e, 0x52, 0x43, 0x00, 0x00, 0x00, 0x00, 0x00, 0x00, 0x00, 0x00, 0x00, 0x00, 0x00, 0x00,
    0x00, 0x00, 0x00, 0x00, 0x00, 0x00, 0x5c, 0x22, 0x35, 0x01, 0x00, 0x00, 0x00, 0x00, 0x00, 0x00,
    0x20, 0x00, 0x4d, 0x16, 0x00, 0x00, 0x0b, 0x00, 0x20, 0x00, 0x5c, 0x0c, 0x5c, 0x13, 0x34, 0x02,
    0x13, 0x00, 0x48, 0x14, 0x00, 0x00, 0x72, 0x22, 0x5c, 0x20, 0x52, 0x43, 0x00, 0x00, 0x00, 0x00,
    0x00, 0x00, 0x00, 0x00, 0x00, 0x00, 0x00, 0x00, 0x00, 0x00, 0x00, 0x00, 0x00, 0x00, 0x5c, 0x22,
    0x35, 0x01, 0x00, 0x00, 0x00, 0x00, 0x00, 0x00, 0x20, 0x00, 0x4d, 0x16, 0x00, 0x00, 0x0b, 0x00,
    0x20, 0x00, 0x43, 0x22, 0x1e, 0x00, 0x53, 0x03, 0x53, 0x12, 0x4b, 0x03, 0x4a, 0x23, 0x72, 0x23,
    0x20, 0x00, 0x5c, 0x1c, 0x52, 0x43, 0x00, 0x00, 0x00, 0x00, 0x00, 0x00, 0x00, 0x00, 0x00, 0x00,
    0x00, 0x00, 0x00, 0x00, 0x00, 0x00, 0x00, 0x00, 0x5c, 0x23, 0x35, 0x01, 0x00, 0x00, 0x00, 0x00,
    0x00, 0x00, 0x20, 0x00, 0x67, 0x04, 0x21, 0x00, 0x5c, 0x24, 0x07, 0x00, 0x61, 0x03, 0x00, 0x00,
    0x20, 0x00, 0x1f, 0x00, 0x67, 0x04, 0x66, 0x00, 0x3d, 0x03, 0x1f, 0x00, 0x66, 0x01, 0x29, 0x13,
    0x61, 0xc1, 0x05, 0x00, 0x00, 0x54, 0x68, 0x65, 0x20, 0x69, 0x6f, 0x20, 0x6d, 0x6f, 0x64, 0x75,
    0x6c, 0x65, 0x20, 0x70, 0x72, 0x6f, 0x76, 0x69, 0x64, 0x65, 0x73, 0x20, 0x74, 0x68, 0x65, 0x20,
    0x50, 0x79, 0x74, 0x68, 0x6f, 0x6e, 0x20, 0x69, 0x6e, 0x74, 0x65, 0x72, 0x66, 0x61, 0x63, 0x65,
    0x73, 0x20, 0x74, 0x6f, 0x20, 0x73, 0x74, 0x72, 0x65, 0x61, 0x6d, 0x20, 0x68, 0x61, 0x6e, 0x64,
    0x6c, 0x69, 0x6e, 0x67, 0x2e, 0x20, 0x54, 0x68, 0x65, 0x0a, 0x62, 0x75, 0x69, 0x6c, 0x74, 0x69,
    0x6e, 0x20, 0x6f, 0x70, 0x65, 0x6e, 0x20, 0x66, 0x75, 0x6e, 0x63, 0x74, 0x69, 0x6f, 0x6e, 0x20,
    0x69, 0x73, 0x20, 0x64, 0x65, 0x66, 0x69, 0x6e, 0x65, 0x64, 0x20, 0x69, 0x6e, 0x20, 0x74, 0x68,
    0x69, 0x73, 0x20, 0x6d, 0x6f, 0x64, 0x75, 0x6c, 0x65, 0x2e, 0x0a, 0x0a, 0x41, 0x74, 0x20, 0x74,
    0x68, 0x65, 0x20, 0x74, 0x6f, 0x70, 0x20, 0x6f, 0x66, 0x20, 0x74, 0x68, 0x65, 0x20, 0x49, 0x2f,
    0x4f, 0x20, 0x68, 0x69, 0x65, 0x72, 0x61, 0x72, 0x63, 0x68, 0x79, 0x20, 0x69, 0x73, 0x20, 0x74,
    0x68, 0x65, 0x20, 0x61, 0x62, 0x73, 0x74, 0x72, 0x61, 0x63, 0x74, 0x20, 0x62, 0x61, 0x73, 0x65,
    0x20, 0x63, 0x6c, 0x61, 0x73, 0x73, 0x20, 0x49, 0x4f, 0x42, 0x61, 0x73, 0x65, 0x2e, 0x20, 0x49,
    0x74, 0x0a, 0x64, 0x65, 0x66, 0x69, 0x6e, 0x65, 0x73, 0x20, 0x74, 0x68, 0x65, 0x20, 0x62, 0x61,
    0x73, 0x69, 0x63, 0x20, 0x69, 0x6e, 0x74, 0x65, 0x72, 0x66, 0x61, 0x63, 0x65, 0x20, 0x74, 0x6f,
    0x20, 0x61, 0x20, 0x73, 0x74, 0x72, 0x65, 0x61, 0x6d, 0x2e, 0x20, 0x4e, 0x6f, 0x74, 0x65, 0x2c,
    0x20, 0x68, 0x6f, 0x77, 0x65, 0x76, 0x65, 0x72, 0x2c, 0x20, 0x74, 0x68, 0x61, 0x74, 0x20, 0x74,
    0x68, 0x65, 0x72, 0x65, 0x20, 0x69, 0x73, 0x20, 0x6e, 0x6f, 0x0a, 0x73, 0x65, 0x70, 0x61, 0x72,
    0x61, 0x74, 0x69, 0x6f, 0x6e, 0x20, 0x62, 0x65, 0x74, 0x77, 0x65, 0x65, 0x6e, 0x20, 0x72, 0x65,
    0x61, 0x64, 0x69, 0x6e, 0x67, 0x20, 0x61, 0x6e, 0x64, 0x20, 0x77, 0x72, 0x69, 0x74, 0x69, 0x6e,
    0x67, 0x20, 0x74, 0x6f, 0x20, 0x73, 0x74, 0x72, 0x65, 0x61, 0x6d, 0x73, 0x3b, 0x20, 0x69, 0x6d,
    0x70, 0x6c, 0x65, 0x6d, 0x65, 0x6e, 0x74, 0x61, 0x74, 0x69, 0x6f, 0x6e, 0x73, 0x20, 0x61, 0x72,
    0x65, 0x0a, 0x61, 0x6c, 0x6c, 0x6f, 0x77, 0x65, 0x64, 0x20, 0x74, 0x6f, 0x20, 0x72, 0x61, 0x69,
    0x73, 0x65, 0x20, 0x61, 0x6e, 0x20, 0x4f, 0x53, 0x45, 0x72, 0x72, 0x6f, 0x72, 0x20, 0x69, 0x66,
    0x20, 0x74, 0x68, 0x65, 0x79, 0x20, 0x64, 0x6f, 0x20, 0x6e, 0x6f, 0x74, 0x20, 0x73, 0x75, 0x70,
    0x70, 0x6f, 0x72, 0x74, 0x20, 0x61, 0x20, 0x67, 0x69, 0x76, 0x65, 0x6e, 0x20, 0x6f, 0x70, 0x65,
    0x72, 0x61, 0x74, 0x69, 0x6f, 0x6e, 0x2e, 0x0a, 0x0a, 0x45, 0x78, 0x74, 0x65, 0x6e, 0x64, 0x69,
    0x6e, 0x67, 0x20, 0x49, 0x4f, 0x42, 0x61, 0x73, 0x65, 0x20, 0x69, 0x73, 0x20, 0x52, 0x61, 0x77,
    0x49, 0x4f, 0x42, 0x61, 0x73, 0x65, 0x20, 0x77, 0x68, 0x69, 0x63, 0x68, 0x20, 0x64, 0x65, 0x61,
    0x6c, 0x73, 0x20, 0x73, 0x69, 0x6d, 0x70, 0x6c, 0x79, 0x20, 0x77, 0x69, 0x74, 0x68, 0x20, 0x74,
    0x68, 0x65, 0x20, 0x72, 0x65, 0x61, 0x64, 0x69, 0x6e, 0x67, 0x20, 0x61, 0x6e, 0x64, 0x0a, 0x77,
    0x72, 0x69, 0x74, 0x69, 0x6e, 0x67, 0x20, 0x6f, 0x66, 0x20, 0x72, 0x61, 0x77, 0x20, 0x62, 0x79,
    0x74, 0x65, 0x73, 0x20, 0x74, 0x6f, 0x20, 0x61, 0x20, 0x73, 0x74, 0x72, 0x65, 0x61, 0x6d, 0x2e,
    0x20, 0x46, 0x69, 0x6c, 0x65, 0x49, 0x4f, 0x20, 0x73, 0x75, 0x62, 0x63, 0x6c, 0x61, 0x73, 0x73,
    0x65, 0x73, 0x20, 0x52, 0x61, 0x77, 0x49, 0x4f, 0x42, 0x61, 0x73, 0x65, 0x20, 0x74, 0x6f, 0x20,
    0x70, 0x72, 0x6f, 0x76, 0x69, 0x64, 0x65, 0x0a, 0x61, 0x6e, 0x20, 0x69, 0x6e, 0x74, 0x65, 0x72,
    0x66, 0x61, 0x63, 0x65, 0x20, 0x74, 0x6f, 0x20, 0x4f, 0x53, 0x20, 0x66, 0x69, 0x6c, 0x65, 0x73,
    0x2e, 0x0a, 0x0a, 0x42, 0x75, 0x66, 0x66, 0x65, 0x72, 0x65, 0x64, 0x49, 0x4f, 0x42, 0x61, 0x73,
    0x65, 0x20, 0x64, 0x65, 0x61, 0x6c, 0x73, 0x20, 0x77, 0x69, 0x74, 0x68, 0x20, 0x62, 0x75, 0x66,
    0x66, 0x65, 0x72, 0x69, 0x6e, 0x67, 0x20, 0x6f, 0x6e, 0x20, 0x61, 0x20, 0x72, 0x61, 0x77, 0x20,
    0x62, 0x79, 0x74, 0x65, 0x20, 0x73, 0x74, 0x72, 0x65, 0x61, 0x6d, 0x20, 0x28, 0x52, 0x61, 0x77,
    0x49, 0x4f, 0x42, 0x61, 0x73, 0x65, 0x29, 0x2e, 0x20, 0x49, 0x74, 0x73, 0x0a, 0x73, 0x75, 0x62,
    0x63, 0x6c, 0x61, 0x73, 0x73, 0x65, 0x73, 0x2c, 0x20, 0x42, 0x75, 0x66, 0x66, 0x65, 0x72, 0x65,
    0x64, 0x57, 0x72, 0x69, 0x74, 0x65, 0x72, 0x2c, 0x20, 0x42, 0x75, 0x66, 0x66, 0x65, 0x72, 0x65,
    0x64, 0x52, 0x65, 0x61, 0x64, 0x65, 0x72, 0x2c, 0x20, 0x61, 0x6e, 0x64, 0x20, 0x42, 0x75, 0x66,
    0x66, 0x65, 0x72, 0x65, 0x64, 0x52, 0x57, 0x50, 0x61, 0x69, 0x72, 0x20, 0x62, 0x75, 0x66, 0x66,
    0x65, 0x72, 0x0a, 0x73, 0x74, 0x72, 0x65, 0x61, 0x6d, 0x73, 0x20, 0x74, 0x68, 0x61, 0x74, 0x20,
    0x61, 0x72, 0x65, 0x20, 0x72, 0x65, 0x61, 0x64, 0x61, 0x62, 0x6c, 0x65, 0x2c, 0x20, 0x77, 0x72,
    0x69, 0x74, 0x61, 0x62, 0x6c, 0x65, 0x2c, 0x20, 0x61, 0x6e, 0x64, 0x20, 0x62, 0x6f, 0x74, 0x68,
    0x20, 0x72, 0x65, 0x73, 0x70, 0x65, 0x63, 0x74, 0x69, 0x76, 0x65, 0x6c, 0x79, 0x2e, 0x0a, 0x42,
    0x75, 0x66, 0x66, 0x65, 0x72, 0x65, 0x64, 0x52, 0x61, 0x6e, 0x64, 0x6f, 0x6d, 0x20, 0x70, 0x72,
    0x6f, 0x76, 0x69, 0x64, 0x65, 0x73, 0x20, 0x61, 0x20, 0x62, 0x75, 0x66, 0x66, 0x65, 0x72, 0x65,
    0x64, 0x20, 0x69, 0x6e, 0x74, 0x65, 0x72, 0x66, 0x61, 0x63, 0x65, 0x20, 0x74, 0x6f, 0x20, 0x72,
    0x61, 0x6e, 0x64, 0x6f, 0x6d, 0x20, 0x61, 0x63, 0x63, 0x65, 0x73, 0x73, 0x0a, 0x73, 0x74, 0x72,
    0x65, 0x61, 0x6d, 0x73, 0x2e, 0x20, 0x42, 0x79, 0x74, 0x65, 0x73, 0x49, 0x4f, 0x20, 0x69, 0x73,
    0x20, 0x61, 0x20, 0x73, 0x69, 0x6d, 0x70, 0x6c, 0x65, 0x20, 0x73, 0x74, 0x72, 0x65, 0x61, 0x6d,
    0x20, 0x6f, 0x66, 0x20, 0x69, 0x6e, 0x2d, 0x6d, 0x65, 0x6d, 0x6f, 0x72, 0x79, 0x20, 0x62, 0x79,
    0x74, 0x65, 0x73, 0x2e, 0x0a, 0x0a, 0x41, 0x6e, 0x6f, 0x74, 0x68, 0x65, 0x72, 0x20, 0x49, 0x4f,
    0x42, 0x61, 0x73, 0x65, 0x20, 0x73, 0x75, 0x62, 0x63, 0x6c, 0x61, 0x73, 0x73, 0x2c, 0x20, 0x54,
    0x65, 0x78, 0x74, 0x49, 0x4f, 0x42, 0x61, 0x73, 0x65, 0x2c, 0x20, 0x64, 0x65, 0x61, 0x6c, 0x73,
    0x20, 0x77, 0x69, 0x74, 0x68, 0x20, 0x74, 0x68, 0x65, 0x20, 0x65, 0x6e, 0x63, 0x6f, 0x64, 0x69,
    0x6e, 0x67, 0x20, 0x61, 0x6e, 0x64, 0x20, 0x64, 0x65, 0x63, 0x6f, 0x64, 0x69, 0x6e, 0x67, 0x0a,
    0x6f, 0x66, 0x20, 0x73, 0x74, 0x72, 0x65, 0x61, 0x6d, 0x73, 0x20, 0x69, 0x6e, 0x74, 0x6f, 0x20,
    0x74, 0x65, 0x78, 0x74, 0x2e, 0x20, 0x54, 0x65, 0x78, 0x74, 0x49, 0x4f, 0x57, 0x72, 0x61, 0x70,
    0x70, 0x65, 0x72, 0x2c, 0x20, 0x77, 0x68, 0x69, 0x63, 0x68, 0x20, 0x65, 0x78, 0x74, 0x65, 0x6e,
    0x64, 0x73, 0x20, 0x69, 0x74, 0x2c, 0x20, 0x69, 0x73, 0x20, 0x61, 0x20, 0x62, 0x75, 0x66, 0x66,
    0x65, 0x72, 0x65, 0x64, 0x20, 0x74, 0x65, 0x78, 0x74, 0x0a, 0x69, 0x6e, 0x74, 0x65, 0x72, 0x66,
    0x61, 0x63, 0x65, 0x20, 0x74, 0x6f, 0x20, 0x61, 0x20, 0x62, 0x75, 0x66, 0x66, 0x65, 0x72, 0x65,
    0x64, 0x20, 0x72, 0x61, 0x77, 0x20, 0x73, 0x74, 0x72, 0x65, 0x61, 0x6d, 0x20, 0x28, 0x60, 0x42,
    0x75, 0x66, 0x66, 0x65, 0x72, 0x65, 0x64, 0x49, 0x4f, 0x42, 0x61, 0x73, 0x65, 0x60, 0x29, 0x2e,
    0x20, 0x46, 0x69, 0x6e, 0x61, 0x6c, 0x6c, 0x79, 0x2c, 0x20, 0x53, 0x74, 0x72, 0x69, 0x6e, 0x67,
    0x49, 0x4f, 0x0a, 0x69, 0x73, 0x20, 0x61, 0x6e, 0x20, 0x69, 0x6e, 0x2d, 0x6d, 0x65, 0x6d, 0x6f,
    0x72, 0x79, 0x20, 0x73, 0x74, 0x72, 0x65, 0x61, 0x6d, 0x20, 0x66, 0x6f, 0x72, 0x20, 0x74, 0x65,
    0x78, 0x74, 0x2e, 0x0a, 0x0a, 0x41, 0x72, 0x67, 0x75, 0x6d, 0x65, 0x6e, 0x74, 0x20, 0x6e, 0x61,
    0x6d, 0x65, 0x73, 0x20, 0x61, 0x72, 0x65, 0x20, 0x6e, 0x6f, 0x74, 0x20, 0x70, 0x61, 0x72, 0x74,
    0x20, 0x6f, 0x66, 0x20, 0x74, 0x68, 0x65, 0x20, 0x73, 0x70, 0x65, 0x63, 0x69, 0x66, 0x69, 0x63,
    0x61, 0x74, 0x69, 0x6f, 0x6e, 0x2c, 0x20, 0x61, 0x6e, 0x64, 0x20, 0x6f, 0x6e, 0x6c, 0x79, 0x20,
    0x74, 0x68, 0x65, 0x20, 0x61, 0x72, 0x67, 0x75, 0x6d, 0x65, 0x6e, 0x74, 0x73, 0x0a, 0x6f, 0x66,
    0x20, 0x6f, 0x70, 0x65, 0x6e, 0x28, 0x29, 0x20, 0x61, 0x72, 0x65, 0x20, 0x69, 0x6e, 0x74, 0x65,
    0x6e, 0x64, 0x65, 0x64, 0x20, 0x74, 0x6f, 0x20, 0x62, 0x65, 0x20, 0x75, 0x73, 0x65, 0x64, 0x20,
    0x61, 0x73, 0x20, 0x6b, 0x65, 0x79, 0x77, 0x6f, 0x72, 0x64, 0x20, 0x61, 0x72, 0x67, 0x75, 0x6d,
    0x65, 0x6e, 0x74, 0x73, 0x2e, 0x0a, 0x0a, 0x64, 0x61, 0x74, 0x61, 0x3a, 0x0a, 0x0a, 0x44, 0x45,
    0x46, 0x41, 0x55, 0x4c, 0x54, 0x5f, 0x42, 0x55, 0x46, 0x46, 0x45, 0x52, 0x5f, 0x53, 0x49, 0x5a,
    0x45, 0x0a, 0x0a, 0x20, 0x20, 0x20, 0x41, 0x6e, 0x20, 0x69, 0x6e, 0x74, 0x20, 0x63, 0x6f, 0x6e,
    0x74, 0x61, 0x69, 0x6e, 0x69, 0x6e, 0x67, 0x20, 0x74, 0x68, 0x65, 0x20, 0x64, 0x65, 0x66, 0x61,
    0x75, 0x6c, 0x74, 0x20, 0x62, 0x75, 0x66, 0x66, 0x65, 0x72, 0x20, 0x73, 0x69, 0x7a, 0x65, 0x20,
    0x75, 0x73, 0x65, 0x64, 0x20, 0x62, 0x79, 0x20, 0x74, 0x68, 0x65, 0x20, 0x6d, 0x6f, 0x64, 0x75,
    0x6c, 0x65, 0x27, 0x73, 0x20, 0x62, 0x75, 0x66, 0x66, 0x65, 0x72, 0x65, 0x64, 0x0a, 0x20, 0x20,
    0x20, 0x49, 0x2f, 0x4f, 0x20, 0x63, 0x6c, 0x61, 0x73, 0x73, 0x65, 0x73, 0x2e, 0x20, 0x6f, 0x70,
    0x65, 0x6e, 0x28, 0x29, 0x20, 0x75, 0x73, 0x65, 0x73, 0x20, 0x74, 0x68, 0x65, 0x20, 0x66, 0x69,
    0x6c, 0x65, 0x27, 0x73, 0x20, 0x62, 0x6c, 0x6b, 0x73, 0x69, 0x7a, 0x65, 0x20, 0x28, 0x61, 0x73,
    0x20, 0x6f, 0x62, 0x74, 0x61, 0x69, 0x6e, 0x65, 0x64, 0x20, 0x62, 0x79, 0x20, 0x6f, 0x73, 0x2e,
    0x73, 0x74, 0x61, 0x74, 0x29, 0x20, 0x69, 0x66, 0x0a, 0x20, 0x20, 0x20, 0x70, 0x6f, 0x73, 0x73,
    0x69, 0x62, 0x6c, 0x65, 0x2e, 0x0a, 0x7a, 0xeb, 0x47, 0x75, 0x69, 0x64, 0x6f, 0x20, 0x76, 0x61,
    0x6e, 0x20, 0x52, 0x6f, 0x73, 0x73, 0x75, 0x6d, 0x20, 0x3c, 0x67, 0x75, 0x69, 0x64, 0x6f, 0x40,
    0x70, 0x79, 0x74, 0x68, 0x6f, 0x6e, 0x2e, 0x6f, 0x72, 0x67, 0x3e, 0x2c, 0x20, 0x4d, 0x69, 0x6b,
    0x65, 0x20, 0x56, 0x65, 0x72, 0x64, 0x6f, 0x6e, 0x65, 0x20, 0x3c, 0x6d, 0x69, 0x6b, 0x65, 0x2e,
    0x76, 0x65, 0x72, 0x64, 0x6f, 0x6e, 0x65, 0x40, 0x67, 0x6d, 0x61, 0x69, 0x6c, 0x2e, 0x63, 0x6f,
    0x6d, 0x3e, 0x2c, 0x20, 0x4d, 0x61, 0x72, 0x6b, 0x20, 0x52, 0x75, 0x73, 0x73, 0x65, 0x6c, 0x6c,
    0x20, 0x3c, 0x6d, 0x61, 0x72, 0x6b, 0x2e, 0x72, 0x75, 0x73, 0x73, 0x65, 0x6c, 0x6c, 0x40, 0x7a,
    0x65, 0x6e, 0x2e, 0x63, 0x6f, 0x2e, 0x75, 0x6b, 0x3e, 0x2c, 0x20, 0x41, 0x6e, 0x74, 0x6f, 0x69,
    0x6e, 0x65, 0x20, 0x50, 0x69, 0x74, 0x72, 0x6f, 0x75, 0x20, 0x3c, 0x73, 0x6f, 0x6c, 0x69, 0x70,
    0x73, 0x69, 0x73, 0x40, 0x70, 0x69, 0x74, 0x72, 0x6f, 0x75, 0x2e, 0x6e, 0x65, 0x74, 0x3e, 0x2c,
    0x20, 0x41, 0x6d, 0x61, 0x75, 0x72, 0x79, 0x20, 0x46, 0x6f, 0x72, 0x67, 0x65, 0x6f, 0x74, 0x20,
    0x64, 0x27, 0x41, 0x72, 0x63, 0x20, 0x3c, 0x61, 0x6d, 0x61, 0x75, 0x72, 0x79, 0x66, 0x61, 0x40,
    0x67, 0x6d, 0x61, 0x69, 0x6c, 0x2e, 0x63, 0x6f, 0x6d, 0x3e, 0x2c, 0x20, 0x42, 0x65, 0x6e, 0x6a,
    0x61, 0x6d, 0x69, 0x6e, 0x20, 0x50, 0x65, 0x74, 0x65, 0x72, 0x73, 0x6f, 0x6e, 0x20, 0x3c, 0x62,
    0x65, 0x6e, 0x6a, 0x61, 0x6d, 0x69, 0x6e, 0x40, 0x70, 0x79, 0x74, 0x68, 0x6f, 0x6e, 0x2e, 0x6f,
    0x72, 0x67, 0x3e, 0x29, 0x16, 0xda, 0x0f, 0x42, 0x6c, 0x6f, 0x63, 0x6b, 0x69, 0x6e, 0x67, 0x49,
    0x4f, 0x45, 0x72, 0x72, 0x6f, 0x72, 0xda, 0x04, 0x6f, 0x70, 0x65, 0x6e, 0xda, 0x09, 0x6f, 0x70,
    0x65, 0x6e, 0x5f, 0x63, 0x6f, 0x64, 0x65, 0xda, 0x06, 0x49, 0x4f, 0x42, 0x61, 0x73, 0x65, 0xda,
    0x09, 0x52, 0x61, 0x77, 0x49, 0x4f, 0x42, 0x61, 0x73, 0x65, 0xda, 0x06, 0x46, 0x69, 0x6c, 0x65,
    0x49, 0x4f, 0xda, 0x07, 0x42, 0x79, 0x74, 0x65, 0x73, 0x49, 0x4f, 0xda, 0x08, 0x53, 0x74, 0x72,
    0x69, 0x6e, 0x67, 0x49, 0x4f, 0xda, 0x0e, 0x42, 0x75, 0x66, 0x66, 0x65, 0x72, 0x65, 0x64, 0x49,
    0x4f, 0x42, 0x61, 0x73, 0x65, 0xda, 0x0e, 0x42, 0x75, 0x66, 0x66, 0x65, 0x72, 0x65, 0x64, 0x52,
    0x65, 0x61, 0x64, 0x65, 0x72, 0xda, 0x0e, 0x42, 0x75, 0x66, 0x66, 0x65, 0x72, 0x65, 0x64, 0x57,
    0x72, 0x69, 0x74, 0x65, 0x72, 0xda, 0x0e, 0x42, 0x75, 0x66, 0x66, 0x65, 0x72, 0x65, 0x64, 0x52,
    0x57, 0x50, 0x61, 0x69, 0x72, 0xda, 0x0e, 0x42, 0x75, 0x66, 0x66, 0x65, 0x72, 0x65, 0x64, 0x52,
    0x61, 0x6e, 0x64, 0x6f, 0x6d, 0xda, 0x0a, 0x54, 0x65, 0x78, 0x74, 0x49, 0x4f, 0x42, 0x61, 0x73,
    0x65, 0xda, 0x0d, 0x54, 0x65, 0x78, 0x74, 0x49, 0x4f, 0x57, 0x72, 0x61, 0x70, 0x70, 0x65, 0x72,
    0xda, 0x14, 0x55, 0x6e, 0x73, 0x75, 0x70, 0x70, 0x6f, 0x72, 0x74, 0x65, 0x64, 0x4f, 0x70, 0x65,
    0x72, 0x61, 0x74, 0x69, 0x6f, 0x6e, 0xda, 0x08, 0x53, 0x45, 0x45, 0x4b, 0x5f, 0x53, 0x45, 0x54,
    0xda, 0x08, 0x53, 0x45, 0x45, 0x4b, 0x5f, 0x43, 0x55, 0x52, 0xda, 0x08, 0x53, 0x45, 0x45, 0x4b,
    0x5f, 0x45, 0x4e, 0x44, 0xda, 0x13, 0x44, 0x45, 0x46, 0x41, 0x55, 0x4c, 0x54, 0x5f, 0x42, 0x55,
    0x46, 0x46, 0x45, 0x52, 0x5f, 0x53, 0x49, 0x5a, 0x45, 0xda, 0x0d, 0x74, 0x65, 0x78, 0x74, 0x5f,
    0x65, 0x6e, 0x63, 0x6f, 0x64, 0x69, 0x6e, 0x67, 0xda, 0x19, 0x49, 0x6e, 0x63, 0x72, 0x65, 0x6d,
    0x65, 0x6e, 0x74, 0x61, 0x6c, 0x4e, 0x65, 0x77, 0x6c, 0x69, 0x6e, 0x65, 0x44, 0x65, 0x63, 0x6f,
    0x64, 0x65, 0x72, 0xe9, 0x00, 0x00, 0x00, 0x00, 0x4e, 0x29, 0x0f, 0x72, 0x15, 0x00, 0x00, 0x00,
    0x72, 0x02, 0x00, 0x00, 0x00, 0x72, 0x11, 0x00, 0x00, 0x00, 0x72, 0x03, 0x00, 0x00, 0x00, 0x72,
    0x04, 0x00, 0x00, 0x00, 0x72, 0x07, 0x00, 0x00, 0x00, 0x72, 0x08, 0x00, 0x00, 0x00, 0x72, 0x09,
    0x00, 0x00, 0x00, 0x72, 0x0b, 0x00, 0x00, 0x00, 0x72, 0x0c, 0x00, 0x00, 0x00, 0x72, 0x0d, 0x00,
    0x00, 0x00, 0x72, 0x0e, 0x00, 0x00, 0x00, 0x72, 0x17, 0x00, 0x00, 0x00, 0x72, 0x16, 0x00, 0x00,
    0x00, 0x72, 0x10, 0x00, 0x00, 0x00, 0xda, 0x02, 0x69, 0x6f, 0xe9, 0x01, 0x00, 0x00, 0x00, 0xe9,
    0x02, 0x00, 0x00, 0x00, 0x63, 0x00, 0x00, 0x00, 0x00, 0x00, 0x00, 0x00, 0x00, 0x00, 0x00, 0x00,
    0x00, 0x01, 0x00, 0x00, 0x00, 0x00, 0x00, 0x00, 0x00, 0xf3, 0x40, 0x00, 0x00, 0x00, 0x95, 0x00,
    0x5c, 0x00, 0x72, 0x01, 0x53, 0x00, 0x72, 0x02, 0x53, 0x01, 0x72, 0x03, 0x5c, 0x04, 0x52, 0x0a,
    0x00, 0x00, 0x00, 0x00, 0x00, 0x00, 0x00, 0x00, 0x00, 0x00, 0x00, 0x00, 0x00, 0x00, 0x00, 0x00,
    0x00, 0x00, 0x52, 0x0c, 0x00, 0x00, 0x00, 0x00, 0x00, 0x00, 0x00, 0x00, 0x00, 0x00, 0x00, 0x00,
    0x00, 0x00, 0x00, 0x00, 0x00, 0x00, 0x72, 0x06, 0x53, 0x02, 0x72, 0x07, 0x67, 0x03, 0x29, 0x04,
    0x72, 0x05, 0x00, 0x00, 0x00, 0xe9, 0x48, 0x00, 0x00, 0x00, 0xa9, 0x00, 0x4e, 0x29, 0x08, 0xda,
    0x08, 0x5f, 0x5f, 0x6e, 0x61, 0x6d, 0x65, 0x5f, 0x5f, 0xda, 0x0a, 0x5f, 0x5f, 0x6d, 0x6f, 0x64,
    0x75, 0x6c, 0x65, 0x5f, 0x5f, 0xda, 0x0c, 0x5f, 0x5f, 0x71, 0x75, 0x61, 0x6c, 0x6e, 0x61, 0x6d,
    0x65, 0x5f, 0x5f, 0xda, 0x0f, 0x5f, 0x5f, 0x66, 0x69, 0x72, 0x73, 0x74, 0x6c, 0x69, 0x6e, 0x65,
    0x6e, 0x6f, 0x5f, 0x5f, 0xda, 0x03, 0x5f, 0x69, 0x6f, 0xda, 0x07, 0x5f, 0x49, 0x4f, 0x42, 0x61,
    0x73, 0x65, 0xda, 0x07, 0x5f, 0x5f, 0x64, 0x6f, 0x63, 0x5f, 0x5f, 0xda, 0x15, 0x5f, 0x5f, 0x73,
    0x74, 0x61, 0x74, 0x69, 0x63, 0x5f, 0x61, 0x74, 0x74, 0x72, 0x69, 0x62, 0x75, 0x74, 0x65, 0x73,
    0x5f, 0x5f, 0x72, 0x1e, 0x00, 0x00, 0x00, 0xf3, 0x00, 0x00, 0x00, 0x00, 0xda, 0x0c, 0x73, 0x74,
    0x64, 0x6c, 0x69, 0x62, 0x2f, 0x69, 0x6f, 0x2e, 0x70, 0x79, 0x72, 0x05, 0x00, 0x00, 0x00, 0x72,
    0x05, 0x00, 0x00, 0x00, 0x48, 0x00, 0x00, 0x00, 0x73, 0x11, 0x00, 0x00, 0x00, 0x86, 0x00, 0xd8,
    0x0e, 0x11, 0x8f, 0x6b, 0x89, 0x6b, 0xd7, 0x0e, 0x21, 0xd1, 0x0e, 0x21, 0x83, 0x47, 0x72, 0x27,
    0x00, 0x00, 0x00, 0x72, 0x05, 0x00, 0x00, 0x00, 0x29, 0x01, 0xda, 0x09, 0x6d, 0x65, 0x74, 0x61,
    0x63, 0x6c, 0x61, 0x73, 0x73, 0x63, 0x00, 0x00, 0x00, 0x00, 0x00, 0x00, 0x00, 0x00, 0x00, 0x00,
    0x00, 0x00, 0x01, 0x00, 0x00, 0x00, 0x00, 0x00, 0x00, 0x00, 0xf3, 0x40, 0x00, 0x00, 0x00, 0x95,
    0x00, 0x5c, 0x00, 0x72, 0x01, 0x53, 0x00, 0x72, 0x02, 0x53, 0x01, 0x72, 0x03, 0x5c, 0x04, 0x52,
    0x0a, 0x00, 0x00, 0x00, 0x00, 0x00, 0x00, 0x00, 0x00, 0x00, 0x00, 0x00, 0x00, 0x00, 0x00, 0x00,
    0x00, 0x00, 0x00, 0x52, 0x0c, 0x00, 0x00, 0x00, 0x00, 0x00, 0x00, 0x00, 0x00, 0x00, 0x00, 0x00,
    0x00, 0x00, 0x00, 0x00, 0x00, 0x00, 0x00, 0x72, 0x06, 0x53, 0x02, 0x72, 0x07, 0x67, 0x03, 0x29,
    0x04, 0x72, 0x06, 0x00, 0x00, 0x00, 0xe9, 0x4b, 0x00, 0x00, 0x00, 0x72, 0x1e, 0x00, 0x00, 0x00,
    0x4e, 0x29, 0x08, 0x72, 0x1f, 0x00, 0x00, 0x00, 0x72, 0x20, 0x00, 0x00, 0x00, 0x72, 0x21, 0x00,
    0x00, 0x00, 0x72, 0x22, 0x00, 0x00, 0x00, 0x72, 0x23, 0x00, 0x00, 0x00, 0xda, 0x0a, 0x5f, 0x52,
    0x61, 0x77, 0x49, 0x4f, 0x42, 0x61, 0x73, 0x65, 0x72, 0x25, 0x00, 0x00, 0x00, 0x72, 0x26, 0x00,
    0x00, 0x00, 0x72, 0x1e, 0x00, 0x00, 0x00, 0x72, 0x27, 0x00, 0x00, 0x00, 0x72, 0x28, 0x00, 0x00,
    0x00, 0x72, 0x06, 0x00, 0x00, 0x00, 0x72, 0x06, 0x00, 0x00, 0x00, 0x4b, 0x00, 0x00, 0x00, 0x73,
    0x11, 0x00, 0x00, 0x00, 0x86, 0x00, 0xd8, 0x0e, 0x11, 0x8f, 0x6e, 0x89, 0x6e, 0xd7, 0x0e, 0x24,
    0xd1, 0x0e, 0x24, 0x83, 0x47, 0x72, 0x27, 0x00, 0x00, 0x00, 0x72, 0x06, 0x00, 0x00, 0x00, 0x63,
    0x00, 0x00, 0x00, 0x00, 0x00, 0x00, 0x00, 0x00, 0x00, 0x00, 0x00, 0x00, 0x01, 0x00, 0x00, 0x00,
    0x00, 0x00, 0x00, 0x00, 0xf3, 0x40, 0x00, 0x00, 0x00, 0x95, 0x00, 0x5c, 0x00, 0x72, 0x01, 0x53,
    0x00, 0x72, 0x02, 0x53, 0x01, 0x72, 0x03, 0x5c, 0x04, 0x52, 0x0a, 0x00, 0x00, 0x00, 0x00, 0x00,
    0x00, 0x00, 0x00, 0x00, 0x00, 0x00, 0x00, 0x00, 0x00, 0x00, 0x00, 0x00, 0x00, 0x52, 0x0c, 0x00,
    0x00, 0x00, 0x00, 0x00, 0x00, 0x00, 0x00, 0x00, 0x00, 0x00, 0x00, 0x00, 0x00, 0x00, 0x00, 0x00,
    0x00, 0x72, 0x06, 0x53, 0x02, 0x72, 0x07, 0x67, 0x03, 0x29, 0x04, 0x72, 0x0a, 0x00, 0x00, 0x00,
    0xe9, 0x4e, 0x00, 0x00, 0x00, 0x72, 0x1e, 0x00, 0x00, 0x00, 0x4e, 0x29, 0x08, 0x72, 0x1f, 0x00,
    0x00, 0x00, 0x72, 0x20, 0x00, 0x00, 0x00, 0x72, 0x21, 0x00, 0x00, 0x00, 0x72, 0x22, 0x00, 0x00,
    0x00, 0x72, 0x23, 0x00, 0x00, 0x00, 0xda, 0x0f, 0x5f, 0x42, 0x75, 0x66, 0x66, 0x65, 0x72, 0x65,
    0x64, 0x49, 0x4f, 0x42, 0x61, 0x73, 0x65, 0x72, 0x25, 0x00, 0x00, 0x00, 0x72, 0x26, 0x00, 0x00,
    0x00, 0x72, 0x1e, 0x00, 0x00, 0x00, 0x72, 0x27, 0x00, 0x00, 0x00, 0x72, 0x28, 0x00, 0x00, 0x00,
    0x72, 0x0a, 0x00, 0x00, 0x00, 0x72, 0x0a, 0x00, 0x00, 0x00, 0x4e, 0x00, 0x00, 0x00, 0x73, 0x13,
    0x00, 0x00, 0x00, 0x86, 0x00, 0xd8, 0x0e, 0x11, 0xd7, 0x0e, 0x21, 0xd1, 0x0e, 0x21, 0xd7, 0x0e,
    0x29, 0xd1, 0x0e, 0x29, 0x83, 0x47, 0x72, 0x27, 0x00, 0x00, 0x00, 0x72, 0x0a, 0x00, 0x00, 0x00,
    0x63, 0x00, 0x00, 0x00, 0x00, 0x00, 0x00, 0x00, 0x00, 0x00, 0x00, 0x00, 0x00, 0x01, 0x00, 0x00,
    0x00, 0x00, 0x00, 0x00, 0x00, 0xf3, 0x40, 0x00, 0x00, 0x00, 0x95, 0x00, 0x5c, 0x00, 0x72, 0x01,
    0x53, 0x00, 0x72, 0x02, 0x53, 0x01, 0x72, 0x03, 0x5c, 0x04, 0x52, 0x0a, 0x00, 0x00, 0x00, 0x00,
    0x00, 0x00, 0x00, 0x00, 0x00, 0x00, 0x00, 0x00, 0x00, 0x00, 0x00, 0x00, 0x00, 0x00, 0x52, 0x0c,
    0x00, 0x00, 0x00, 0x00, 0x00, 0x00, 0x00, 0x00, 0x00, 0x00, 0x00, 0x00, 0x00, 0x00, 0x00, 0x00,
    0x00, 0x00, 0x72, 0x06, 0x53, 0x02, 0x72, 0x07, 0x67, 0x03, 0x29, 0x04, 0x72, 0x0f, 0x00, 0x00,
    0x00, 0xe9, 0x51, 0x00, 0x00, 0x00, 0x72, 0x1e, 0x00, 0x00, 0x00, 0x4e, 0x29, 0x08, 0x72, 0x1f,
    0x00, 0x00, 0x00, 0x72, 0x20, 0x00, 0x00, 0x00, 0x72, 0x21, 0x00, 0x00, 0x00, 0x72, 0x22, 0x00,
    0x00, 0x00, 0x72, 0x23, 0x00, 0x00, 0x00, 0xda, 0x0b, 0x5f, 0x54, 0x65, 0x78, 0x74, 0x49, 0x4f,
    0x42, 0x61, 0x73, 0x65, 0x72, 0x25, 0x00, 0x00, 0x00, 0x72, 0x26, 0x00, 0x00, 0x00, 0x72, 0x1e,
    0x00, 0x00, 0x00, 0x72, 0x27, 0x00, 0x00, 0x00, 0x72, 0x28, 0x00, 0x00, 0x00, 0x72, 0x0f, 0x00,
    0x00, 0x00, 0x72, 0x0f, 0x00, 0x00, 0x00, 0x51, 0x00, 0x00, 0x00, 0x73, 0x11, 0x00, 0x00, 0x00,
    0x86, 0x00, 0xd8, 0x0e, 0x11, 0x8f, 0x6f, 0x89, 0x6f, 0xd7, 0x0e, 0x25, 0xd1, 0x0e, 0x25, 0x83,
    0x47, 0x72, 0x27, 0x00, 0x00, 0x00, 0x72, 0x0f, 0x00, 0x00, 0x00, 0x29, 0x01, 0xda, 0x11, 0x5f,
    0x57, 0x69, 0x6e, 0x64, 0x6f, 0x77, 0x73, 0x43, 0x6f, 0x6e, 0x73, 0x6f, 0x6c, 0x65, 0x49, 0x4f,
    0x29, 0x25, 0x72, 0x25, 0x00, 0x00, 0x00, 0xda, 0x0a, 0x5f, 0x5f, 0x61, 0x75, 0x74, 0x68, 0x6f,
    0x72, 0x5f, 0x5f, 0xda, 0x07, 0x5f, 0x5f, 0x61, 0x6c, 0x6c, 0x5f, 0x5f, 0x72, 0x23, 0x00, 0x00,
    0x00, 0xda, 0x03, 0x61, 0x62, 0x63, 0x72, 0x15, 0x00, 0x00, 0x00, 0x72, 0x02, 0x00, 0x00, 0x00,
    0x72, 0x11, 0x00, 0x00, 0x00, 0x72, 0x03, 0x00, 0x00, 0x00, 0x72, 0x04, 0x00, 0x00, 0x00, 0x72,
    0x07, 0x00, 0x00, 0x00, 0x72, 0x08, 0x00, 0x00, 0x00, 0x72, 0x09, 0x00, 0x00, 0x00, 0x72, 0x0b,
    0x00, 0x00, 0x00, 0x72, 0x0c, 0x00, 0x00, 0x00, 0x72, 0x0d, 0x00, 0x00, 0x00, 0x72, 0x0e, 0x00,
    0x00, 0x00, 0x72, 0x17, 0x00, 0x00, 0x00, 0x72, 0x16, 0x00, 0x00, 0x00, 0x72, 0x10, 0x00, 0x00,
    0x00, 0x72, 0x20, 0x00, 0x00, 0x00, 0x72, 0x12, 0x00, 0x00, 0x00, 0x72, 0x13, 0x00, 0x00, 0x00,
    0x72, 0x14, 0x00, 0x00, 0x00, 0x72, 0x24, 0x00, 0x00, 0x00, 0xda, 0x07, 0x41, 0x42, 0x43, 0x4d,
    0x65, 0x74, 0x61, 0x72, 0x05, 0x00, 0x00, 0x00, 0x72, 0x2c, 0x00, 0x00, 0x00, 0x72, 0x06, 0x00,
    0x00, 0x00, 0x72, 0x2f, 0x00, 0x00, 0x00, 0x72, 0x0a, 0x00, 0x00, 0x00, 0x72, 0x32, 0x00, 0x00,
    0x00, 0x72, 0x0f, 0x00, 0x00, 0x00, 0xda, 0x08, 0x72, 0x65, 0x67, 0x69, 0x73, 0x74, 0x65, 0x72,
    0xda, 0x05, 0x6b, 0x6c, 0x61, 0x73, 0x73, 0x72, 0x33, 0x00, 0x00, 0x00, 0xda, 0x0b, 0x49, 0x6d,
    0x70, 0x6f, 0x72, 0x74, 0x45, 0x72, 0x72, 0x6f, 0x72, 0x72, 0x1e, 0x00, 0x00, 0x00, 0x72, 0x27,
    0x00, 0x00, 0x00, 0x72, 0x28, 0x00, 0x00, 0x00, 0xda, 0x08, 0x3c, 0x6d, 0x6f, 0x64, 0x75, 0x6c,
    0x65, 0x3e, 0x72, 0x3b, 0x00, 0x00, 0x00, 0x01, 0x00, 0x00, 0x00, 0x73, 0x2f, 0x01, 0x00, 0x00,
    0xf0, 0x03, 0x01, 0x01, 0x01, 0xf1, 0x02, 0x21, 0x01, 0x04, 0xf0, 0x48, 0x01, 0x05, 0x0f, 0x38,
    0x80, 0x0a, 0xf2, 0x0e, 0x05, 0x0b, 0x50, 0x01, 0x80, 0x07, 0xf3, 0x10, 0x00, 0x01, 0x0b, 0xdb,
    0x00, 0x0a, 0xf7, 0x04, 0x03, 0x01, 0x4a, 0x01, 0xf7, 0x00, 0x03, 0x01, 0x4a, 0x01, 0xf7, 0x00,
    0x03, 0x01, 0x4a, 0x01, 0xf7, 0x00, 0x03, 0x01, 0x4a, 0x01, 0xf1, 0x00, 0x03, 0x01, 0x4a, 0x01,
    0xf0, 0x0e, 0x00, 0x23, 0x27, 0xd0, 0x00, 0x14, 0xd4, 0x00, 0x1f, 0xf0, 0x06, 0x00, 0x0c, 0x0d,
    0x80, 0x08, 0xd8, 0x0b, 0x0c, 0x80, 0x08, 0xd8, 0x0b, 0x0c, 0x80, 0x08, 0xf4, 0x0a, 0x01, 0x01,
    0x22, 0x88, 0x53, 0x8f, 0x5b, 0x89, 0x5b, 0xa0, 0x43, 0xa7, 0x4b, 0xa1, 0x4b, 0xf2, 0x00, 0x01,
    0x01, 0x22, 0xf4, 0x06, 0x01, 0x01, 0x25, 0x90, 0x03, 0x97, 0x0e, 0x91, 0x0e, 0xa0, 0x06, 0xf4,
    0x00, 0x01, 0x01, 0x25, 0xf4, 0x06, 0x01, 0x01, 0x2a, 0x90, 0x53, 0xd7, 0x15, 0x28, 0xd1, 0x15,
    0x28, 0xa8, 0x26, 0xf4, 0x00, 0x01, 0x01, 0x2a, 0xf4, 0x06, 0x01, 0x01, 0x26, 0x90, 0x13, 0x97,
    0x1f, 0x91, 0x1f, 0xa0, 0x26, 0xf4, 0x00, 0x01, 0x01, 0x26, 0xf0, 0x06, 0x00, 0x01, 0x0a, 0xd7,
    0x00, 0x12, 0xd1, 0x00, 0x12, 0x90, 0x36, 0xd4, 0x00, 0x1a, 0xe0, 0x0e, 0x15, 0x90, 0x7e, 0xa0,
    0x7e, 0xb0, 0x7e, 0xd8, 0x0e, 0x1c, 0xf3, 0x03, 0x01, 0x0e, 0x1e, 0x80, 0x45, 0xe0, 0x04, 0x12,
    0xd7, 0x04, 0x1b, 0xd1, 0x04, 0x1b, 0x98, 0x45, 0xd6, 0x04, 0x22, 0xf1, 0x05, 0x01, 0x0e, 0x1e,
    0xf0, 0x08, 0x00, 0x0f, 0x17, 0x98, 0x0d, 0xd3, 0x0d, 0x26, 0x80, 0x45, 0xd8, 0x04, 0x0e, 0xd7,
    0x04, 0x17, 0xd1, 0x04, 0x17, 0x98, 0x05, 0xd6, 0x04, 0x1e, 0xf1, 0x03, 0x00, 0x0e, 0x27, 0xe0,
    0x04, 0x09, 0xf0, 0x04, 0x05, 0x01, 0x2a, 0xdd, 0x04, 0x25, 0xf0, 0x08, 0x00, 0x05, 0x0e, 0xd7,
    0x04, 0x16, 0xd1, 0x04, 0x16, 0xd0, 0x17, 0x28, 0xd5, 0x04, 0x29, 0xf8, 0xf0, 0x07, 0x00, 0x08,
    0x13, 0xf3, 0x00, 0x01, 0x01, 0x09, 0xd9, 0x04, 0x08, 0xf0, 0x03, 0x01, 0x01, 0x09, 0xfa, 0x73,
    0x12, 0x00, 0x00, 0x00, 0xc3, 0x2e, 0x06, 0x44, 0x06, 0x00, 0xc4, 0x06, 0x06, 0x44, 0x0f, 0x03,
    0xc4, 0x0e, 0x01, 0x44, 0x0f, 0x03,
};
/* io: 4246 bytes, is_package=0 */

static unsigned char frozen_abc[] = {
    0xe3, 0x00, 0x00, 0x00, 0x00, 0x00, 0x00, 0x00, 0x00, 0x00, 0x00, 0x00, 0x00, 0x06, 0x00, 0x00,
    0x00, 0x00, 0x00, 0x00, 0x00, 0xf3, 0xde, 0x00, 0x00, 0x00, 0x95, 0x00, 0x53, 0x00, 0x72, 0x00,
    0x53, 0x01, 0x1a, 0x00, 0x72, 0x01, 0x18, 0x00, 0x22, 0x00, 0x53, 0x02, 0x1a, 0x00, 0x53, 0x03,
    0x5c, 0x02, 0x35, 0x03, 0x00, 0x00, 0x00, 0x00, 0x00, 0x00, 0x72, 0x03, 0x18, 0x00, 0x22, 0x00,
    0x53, 0x04, 0x1a, 0x00, 0x53, 0x05, 0x5c, 0x04, 0x35, 0x03, 0x00, 0x00, 0x00, 0x00, 0x00, 0x00,
    0x72, 0x05, 0x18, 0x00, 0x22, 0x00, 0x53, 0x06, 0x1a, 0x00, 0x53, 0x07, 0x5c, 0x06, 0x35, 0x03,
    0x00, 0x00, 0x00, 0x00, 0x00, 0x00, 0x72, 0x07, 0x1e, 0x00, 0x53, 0x08, 0x53, 0x09, 0x4b, 0x08,
    0x4a, 0x09, 0x72, 0x09, 0x4a, 0x0a, 0x72, 0x0a, 0x4a, 0x0b, 0x72, 0x0b, 0x4a, 0x0c, 0x72, 0x0c,
    0x4a, 0x0d, 0x72, 0x0d, 0x4a, 0x0e, 0x72, 0x0e, 0x4a, 0x0f, 0x72, 0x0f, 0x4a, 0x10, 0x72, 0x10,
    0x20, 0x00, 0x18, 0x00, 0x22, 0x00, 0x53, 0x0a, 0x1a, 0x00, 0x53, 0x0b, 0x5c, 0x11, 0x35, 0x03,
    0x00, 0x00, 0x00, 0x00, 0x00, 0x00, 0x72, 0x12, 0x53, 0x0e, 0x1a, 0x00, 0x72, 0x16, 0x18, 0x00,
    0x22, 0x00, 0x53, 0x0f, 0x1a, 0x00, 0x53, 0x10, 0x5c, 0x12, 0x53, 0x11, 0x39, 0x03, 0x72, 0x17,
    0x67, 0x12, 0x21, 0x00, 0x5c, 0x13, 0x07, 0x00, 0x61, 0x12, 0x00, 0x00, 0x20, 0x00, 0x53, 0x08,
    0x53, 0x0c, 0x4b, 0x14, 0x4a, 0x12, 0x72, 0x12, 0x4a, 0x09, 0x72, 0x09, 0x20, 0x00, 0x53, 0x0d,
    0x5c, 0x12, 0x6c, 0x15, 0x00, 0x00, 0x00, 0x00, 0x00, 0x00, 0x00, 0x00, 0x1f, 0x00, 0x4e, 0x24,
    0x66, 0x00, 0x3d, 0x03, 0x1f, 0x00, 0x66, 0x01, 0x29, 0x13, 0x7a, 0x33, 0x41, 0x62, 0x73, 0x74,
    0x72, 0x61, 0x63, 0x74, 0x20, 0x42, 0x61, 0x73, 0x65, 0x20, 0x43, 0x6c, 0x61, 0x73, 0x73, 0x65,
    0x73, 0x20, 0x28, 0x41, 0x42, 0x43, 0x73, 0x29, 0x20, 0x61, 0x63, 0x63, 0x6f, 0x72, 0x64, 0x69,
    0x6e, 0x67, 0x20, 0x74, 0x6f, 0x20, 0x50, 0x45, 0x50, 0x20, 0x33, 0x31, 0x31, 0x39, 0x2e, 0x63,
    0x01, 0x00, 0x00, 0x00, 0x00, 0x00, 0x00, 0x00, 0x00, 0x00, 0x00, 0x00, 0x02, 0x00, 0x00, 0x00,
    0x03, 0x00, 0x00, 0x00, 0xf3, 0x14, 0x00, 0x00, 0x00, 0x95, 0x00, 0x53, 0x01, 0x55, 0x00, 0x6c,
    0x00, 0x00, 0x00, 0x00, 0x00, 0x00, 0x00, 0x00, 0x00, 0x55, 0x00, 0x24, 0x00, 0x29, 0x02, 0x61,
    0x19, 0x02, 0x00, 0x00, 0x41, 0x20, 0x64, 0x65, 0x63, 0x6f, 0x72, 0x61, 0x74, 0x6f, 0x72, 0x20,
    0x69, 0x6e, 0x64, 0x69, 0x63, 0x61, 0x74, 0x69, 0x6e, 0x67, 0x20, 0x61, 0x62, 0x73, 0x74, 0x72,
    0x61, 0x63, 0x74, 0x20, 0x6d, 0x65, 0x74, 0x68, 0x6f, 0x64, 0x73, 0x2e, 0x0a, 0x0a, 0x52, 0x65,
    0x71, 0x75, 0x69, 0x72, 0x65, 0x73, 0x20, 0x74, 0x68, 0x61, 0x74, 0x20, 0x74, 0x68, 0x65, 0x20,
    0x6d, 0x65, 0x74, 0x61, 0x63, 0x6c, 0x61, 0x73, 0x73, 0x20, 0x69, 0x73, 0x20, 0x41, 0x42, 0x43,
    0x4d, 0x65, 0x74, 0x61, 0x20, 0x6f, 0x72, 0x20, 0x64, 0x65, 0x72, 0x69, 0x76, 0x65, 0x64, 0x20,
    0x66, 0x72, 0x6f, 0x6d, 0x20, 0x69, 0x74, 0x2e, 0x20, 0x20, 0x41, 0x0a, 0x63, 0x6c, 0x61, 0x73,
    0x73, 0x20, 0x74, 0x68, 0x61, 0x74, 0x20, 0x68, 0x61, 0x73, 0x20, 0x61, 0x20, 0x6d, 0x65, 0x74,
    0x61, 0x63, 0x6c, 0x61, 0x73, 0x73, 0x20, 0x64, 0x65, 0x72, 0x69, 0x76, 0x65, 0x64, 0x20, 0x66,
    0x72, 0x6f, 0x6d, 0x20, 0x41, 0x42, 0x43, 0x4d, 0x65, 0x74, 0x61, 0x20, 0x63, 0x61, 0x6e, 0x6e,
    0x6f, 0x74, 0x20, 0x62, 0x65, 0x0a, 0x69, 0x6e, 0x73, 0x74, 0x61, 0x6e, 0x74, 0x69, 0x61, 0x74,
    0x65, 0x64, 0x20, 0x75, 0x6e, 0x6c, 0x65, 0x73, 0x73, 0x20, 0x61, 0x6c, 0x6c, 0x20, 0x6f, 0x66,
    0x20, 0x69, 0x74, 0x73, 0x20, 0x61, 0x62, 0x73, 0x74, 0x72, 0x61, 0x63, 0x74, 0x20, 0x6d, 0x65,
    0x74, 0x68, 0x6f, 0x64, 0x73, 0x20, 0x61, 0x72, 0x65, 0x20, 0x6f, 0x76, 0x65, 0x72, 0x72, 0x69,
    0x64, 0x64, 0x65, 0x6e, 0x2e, 0x0a, 0x54, 0x68, 0x65, 0x20, 0x61, 0x62, 0x73, 0x74, 0x72, 0x61,
    0x63, 0x74, 0x20, 0x6d, 0x65, 0x74, 0x68, 0x6f, 0x64, 0x73, 0x20, 0x63, 0x61, 0x6e, 0x20, 0x62,
    0x65, 0x20, 0x63, 0x61, 0x6c, 0x6c, 0x65, 0x64, 0x20, 0x75, 0x73, 0x69, 0x6e, 0x67, 0x20, 0x61,
    0x6e, 0x79, 0x20, 0x6f, 0x66, 0x20, 0x74, 0x68, 0x65, 0x20, 0x6e, 0x6f, 0x72, 0x6d, 0x61, 0x6c,
    0x0a, 0x27, 0x73, 0x75, 0x70, 0x65, 0x72, 0x27, 0x20, 0x63, 0x61, 0x6c, 0x6c, 0x20, 0x6d, 0x65,
    0x63, 0x68, 0x61, 0x6e, 0x69, 0x73, 0x6d, 0x73, 0x2e, 0x20, 0x20, 0x61, 0x62, 0x73, 0x74, 0x72,
    0x61, 0x63, 0x74, 0x6d, 0x65, 0x74, 0x68, 0x6f, 0x64, 0x28, 0x29, 0x20, 0x6d, 0x61, 0x79, 0x20,
    0x62, 0x65, 0x20, 0x75, 0x73, 0x65, 0x64, 0x20, 0x74, 0x6f, 0x20, 0x64, 0x65, 0x63, 0x6c, 0x61,
    0x72, 0x65, 0x0a, 0x61, 0x62, 0x73, 0x74, 0x72, 0x61, 0x63, 0x74, 0x20, 0x6d, 0x65, 0x74, 0x68,
    0x6f, 0x64, 0x73, 0x20, 0x66, 0x6f, 0x72, 0x20, 0x70, 0x72, 0x6f, 0x70, 0x65, 0x72, 0x74, 0x69,
    0x65, 0x73, 0x20, 0x61, 0x6e, 0x64, 0x20, 0x64, 0x65, 0x73, 0x63, 0x72, 0x69, 0x70, 0x74, 0x6f,
    0x72, 0x73, 0x2e, 0x0a, 0x0a, 0x55, 0x73, 0x61, 0x67, 0x65, 0x3a, 0x0a, 0x0a, 0x20, 0x20, 0x20,
    0x20, 0x63, 0x6c, 0x61, 0x73, 0x73, 0x20, 0x43, 0x28, 0x6d, 0x65, 0x74, 0x61, 0x63, 0x6c, 0x61,
    0x73, 0x73, 0x3d, 0x41, 0x42, 0x43, 0x4d, 0x65, 0x74, 0x61, 0x29, 0x3a, 0x0a, 0x20, 0x20, 0x20,
    0x20, 0x20, 0x20, 0x20, 0x20, 0x40, 0x61, 0x62, 0x73, 0x74, 0x72, 0x61, 0x63, 0x74, 0x6d, 0x65,
    0x74, 0x68, 0x6f, 0x64, 0x0a, 0x20, 0x20, 0x20, 0x20, 0x20, 0x20, 0x20, 0x20, 0x64, 0x65, 0x66,
    0x20, 0x6d, 0x79, 0x5f, 0x61, 0x62, 0x73, 0x74, 0x72, 0x61, 0x63, 0x74, 0x5f, 0x6d, 0x65, 0x74,
    0x68, 0x6f, 0x64, 0x28, 0x73, 0x65, 0x6c, 0x66, 0x2c, 0x20, 0x61, 0x72, 0x67, 0x31, 0x2c, 0x20,
    0x61, 0x72, 0x67, 0x32, 0x2c, 0x20, 0x61, 0x72, 0x67, 0x4e, 0x29, 0x3a, 0x0a, 0x20, 0x20, 0x20,
    0x20, 0x20, 0x20, 0x20, 0x20, 0x20, 0x20, 0x20, 0x20, 0x2e, 0x2e, 0x2e, 0x0a, 0x54, 0x29, 0x01,
    0xda, 0x14, 0x5f, 0x5f, 0x69, 0x73, 0x61, 0x62, 0x73, 0x74, 0x72, 0x61, 0x63, 0x74, 0x6d, 0x65,
    0x74, 0x68, 0x6f, 0x64, 0x5f, 0x5f, 0x29, 0x01, 0xda, 0x07, 0x66, 0x75, 0x6e, 0x63, 0x6f, 0x62,
    0x6a, 0x73, 0x01, 0x00, 0x00, 0x00, 0x20, 0xda, 0x0d, 0x73, 0x74, 0x64, 0x6c, 0x69, 0x62, 0x2f,
    0x61, 0x62, 0x63, 0x2e, 0x70, 0x79, 0xda, 0x0e, 0x61, 0x62, 0x73, 0x74, 0x72, 0x61, 0x63, 0x74,
    0x6d, 0x65, 0x74, 0x68, 0x6f, 0x64, 0x72, 0x06, 0x00, 0x00, 0x00, 0x07, 0x00, 0x00, 0x00, 0x73,
    0x11, 0x00, 0x00, 0x00, 0x80, 0x00, 0xf0, 0x22, 0x00, 0x24, 0x28, 0x80, 0x47, 0xd4, 0x04, 0x20,
    0xd8, 0x0b, 0x12, 0x80, 0x4e, 0xf3, 0x00, 0x00, 0x00, 0x00, 0x63, 0x00, 0x00, 0x00, 0x00, 0x00,
    0x00, 0x00, 0x00, 0x00, 0x00, 0x00, 0x00, 0x02, 0x00, 0x00, 0x00, 0x00, 0x00, 0x00, 0x00, 0xf3,
    0x30, 0x00, 0x00, 0x00, 0x5e, 0x00, 0x95, 0x00, 0x5c, 0x00, 0x72, 0x01, 0x53, 0x00, 0x72, 0x02,
    0x53, 0x01, 0x72, 0x03, 0x53, 0x02, 0x72, 0x04, 0x53, 0x03, 0x72, 0x05, 0x55, 0x00, 0x34, 0x01,
    0x53, 0x04, 0x1a, 0x00, 0x6a, 0x08, 0x72, 0x06, 0x53, 0x05, 0x72, 0x07, 0x55, 0x00, 0x3d, 0x01,
    0x72, 0x08, 0x24, 0x00, 0x29, 0x06, 0xda, 0x13, 0x61, 0x62, 0x73, 0x74, 0x72, 0x61, 0x63, 0x74,
    0x63, 0x6c, 0x61, 0x73, 0x73, 0x6d, 0x65, 0x74, 0x68, 0x6f, 0x64, 0xe9, 0x1c, 0x00, 0x00, 0x00,
    0x7a, 0xec, 0x41, 0x20, 0x64, 0x65, 0x63, 0x6f, 0x72, 0x61, 0x74, 0x6f, 0x72, 0x20, 0x69, 0x6e,
    0x64, 0x69, 0x63, 0x61, 0x74, 0x69, 0x6e, 0x67, 0x20, 0x61, 0x62, 0x73, 0x74, 0x72, 0x61, 0x63,
    0x74, 0x20, 0x63, 0x6c, 0x61, 0x73, 0x73, 0x6d, 0x65, 0x74, 0x68, 0x6f, 0x64, 0x73, 0x2e, 0x0a,
    0x0a, 0x44, 0x65, 0x70, 0x72, 0x65, 0x63, 0x61, 0x74, 0x65, 0x64, 0x2c, 0x20, 0x75, 0x73, 0x65,
    0x20, 0x27, 0x63, 0x6c, 0x61, 0x73, 0x73, 0x6d, 0x65, 0x74, 0x68, 0x6f, 0x64, 0x27, 0x20, 0x77,
    0x69, 0x74, 0x68, 0x20, 0x27, 0x61, 0x62, 0x73, 0x74, 0x72, 0x61, 0x63, 0x74, 0x6d, 0x65, 0x74,
    0x68, 0x6f, 0x64, 0x27, 0x20, 0x69, 0x6e, 0x73, 0x74, 0x65, 0x61, 0x64, 0x3a, 0x0a, 0x0a, 0x20,
    0x20, 0x20, 0x20, 0x63, 0x6c, 0x61, 0x73, 0x73, 0x20, 0x43, 0x28, 0x41, 0x42, 0x43, 0x29, 0x3a,
    0x0a, 0x20, 0x20, 0x20, 0x20, 0x20, 0x20, 0x20, 0x20, 0x40, 0x63, 0x6c, 0x61, 0x73, 0x73, 0x6d,
    0x65, 0x74, 0x68, 0x6f, 0x64, 0x0a, 0x20, 0x20, 0x20, 0x20, 0x20, 0x20, 0x20, 0x20, 0x40, 0x61,
    0x62, 0x73, 0x74, 0x72, 0x61, 0x63, 0x74, 0x6d, 0x65, 0x74, 0x68, 0x6f, 0x64, 0x0a, 0x20, 0x20,
    0x20, 0x20, 0x20, 0x20, 0x20, 0x20, 0x64, 0x65, 0x66, 0x20, 0x6d, 0x79, 0x5f, 0x61, 0x62, 0x73,
    0x74, 0x72, 0x61, 0x63, 0x74, 0x5f, 0x63, 0x6c, 0x61, 0x73, 0x73, 0x6d, 0x65, 0x74, 0x68, 0x6f,
    0x64, 0x28, 0x63, 0x6c, 0x73, 0x2c, 0x20, 0x2e, 0x2e, 0x2e, 0x29, 0x3a, 0x0a, 0x20, 0x20, 0x20,
    0x20, 0x20, 0x20, 0x20, 0x20, 0x20, 0x20, 0x20, 0x20, 0x2e, 0x2e, 0x2e, 0x0a, 0x0a, 0x54, 0x63,
    0x02, 0x00, 0x00, 0x00, 0x00, 0x00, 0x00, 0x00, 0x00, 0x00, 0x00, 0x00, 0x03, 0x00, 0x00, 0x00,
    0x03, 0x00, 0x00, 0x00, 0xf3, 0x32, 0x00, 0x00, 0x00, 0x3e, 0x01, 0x95, 0x00, 0x53, 0x01, 0x55,
    0x01, 0x6c, 0x00, 0x00, 0x00, 0x00, 0x00, 0x00, 0x00, 0x00, 0x00, 0x5b, 0x02, 0x00, 0x00, 0x00,
    0x00, 0x00, 0x00, 0x00, 0x00, 0x54, 0x02, 0x55, 0x00, 0x5d, 0x09, 0x00, 0x00, 0x55, 0x01, 0x35,
    0x01, 0x00, 0x00, 0x00, 0x00, 0x00, 0x00, 0x20, 0x00, 0x67, 0x00, 0xa9, 0x02, 0x4e, 0x54, 0xa9,
    0x03, 0x72, 0x03, 0x00, 0x00, 0x00, 0xda, 0x05, 0x73, 0x75, 0x70, 0x65, 0x72, 0xda, 0x08, 0x5f,
    0x5f, 0x69, 0x6e, 0x69, 0x74, 0x5f, 0x5f, 0xa9, 0x03, 0xda, 0x04, 0x73, 0x65, 0x6c, 0x66, 0xda,
    0x08, 0x63, 0x61, 0x6c, 0x6c, 0x61, 0x62, 0x6c, 0x65, 0xda, 0x09, 0x5f, 0x5f, 0x63, 0x6c, 0x61,
    0x73, 0x73, 0x5f, 0x5f, 0x73, 0x03, 0x00, 0x00, 0x00, 0x20, 0x20, 0x80, 0x72, 0x05, 0x00, 0x00,
    0x00, 0x72, 0x0f, 0x00, 0x00, 0x00, 0xda, 0x1c, 0x61, 0x62, 0x73, 0x74, 0x72, 0x61, 0x63, 0x74,
    0x63, 0x6c, 0x61, 0x73, 0x73, 0x6d, 0x65, 0x74, 0x68, 0x6f, 0x64, 0x2e, 0x5f, 0x5f, 0x69, 0x6e,
    0x69, 0x74, 0x5f, 0x5f, 0x2b, 0x00, 0x00, 0x00, 0xf3, 0x18, 0x00, 0x00, 0x00, 0xf8, 0x80, 0x00,
    0xd8, 0x28, 0x2c, 0x88, 0x08, 0xd4, 0x08, 0x25, 0xdc, 0x08, 0x0d, 0x89, 0x07, 0xd1, 0x08, 0x18,
    0x98, 0x18, 0xd5, 0x08, 0x22, 0x72, 0x07, 0x00, 0x00, 0x00, 0xa9, 0x00, 0xa9, 0x09, 0xda, 0x08,
    0x5f, 0x5f, 0x6e, 0x61, 0x6d, 0x65, 0x5f, 0x5f, 0xda, 0x0a, 0x5f, 0x5f, 0x6d, 0x6f, 0x64, 0x75,
    0x6c, 0x65, 0x5f, 0x5f, 0xda, 0x0c, 0x5f, 0x5f, 0x71, 0x75, 0x61, 0x6c, 0x6e, 0x61, 0x6d, 0x65,
    0x5f, 0x5f, 0xda, 0x0f, 0x5f, 0x5f, 0x66, 0x69, 0x72, 0x73, 0x74, 0x6c, 0x69, 0x6e, 0x65, 0x6e,
    0x6f, 0x5f, 0x5f, 0xda, 0x07, 0x5f, 0x5f, 0x64, 0x6f, 0x63, 0x5f, 0x5f, 0x72, 0x03, 0x00, 0x00,
    0x00, 0x72, 0x0f, 0x00, 0x00, 0x00, 0xda, 0x15, 0x5f, 0x5f, 0x73, 0x74, 0x61, 0x74, 0x69, 0x63,
    0x5f, 0x61, 0x74, 0x74, 0x72, 0x69, 0x62, 0x75, 0x74, 0x65, 0x73, 0x5f, 0x5f, 0xda, 0x0d, 0x5f,
    0x5f, 0x63, 0x6c, 0x61, 0x73, 0x73, 0x63, 0x65, 0x6c, 0x6c, 0x5f, 0x5f, 0xa9, 0x01, 0x72, 0x13,
    0x00, 0x00, 0x00, 0x73, 0x01, 0x00, 0x00, 0x00, 0x40, 0x72, 0x05, 0x00, 0x00, 0x00, 0x72, 0x09,
    0x00, 0x00, 0x00, 0x72, 0x09, 0x00, 0x00, 0x00, 0x1c, 0x00, 0x00, 0x00, 0xf3, 0x1a, 0x00, 0x00,
    0x00, 0xf8, 0x86, 0x00, 0xf1, 0x02, 0x0a, 0x05, 0x08, 0xf0, 0x18, 0x00, 0x1c, 0x20, 0xd0, 0x04,
    0x18, 0xf7, 0x04, 0x02, 0x05, 0x23, 0xf3, 0x00, 0x02, 0x05, 0x23, 0x72, 0x07, 0x00, 0x00, 0x00,
    0x72, 0x09, 0x00, 0x00, 0x00, 0x63, 0x00, 0x00, 0x00, 0x00, 0x00, 0x00, 0x00, 0x00, 0x00, 0x00,
    0x00, 0x00, 0x02, 0x00, 0x00, 0x00, 0x00, 0x00, 0x00, 0x00, 0xf3, 0x30, 0x00, 0x00, 0x00, 0x5e,
    0x00, 0x95, 0x00, 0x5c, 0x00, 0x72, 0x01, 0x53, 0x00, 0x72, 0x02, 0x53, 0x01, 0x72, 0x03, 0x53,
    0x02, 0x72, 0x04, 0x53, 0x03, 0x72, 0x05, 0x55, 0x00, 0x34, 0x01, 0x53, 0x04, 0x1a, 0x00, 0x6a,
    0x08, 0x72, 0x06, 0x53, 0x05, 0x72, 0x07, 0x55, 0x00, 0x3d, 0x01, 0x72, 0x08, 0x24, 0x00, 0x29,
    0x06, 0xda, 0x14, 0x61, 0x62, 0x73, 0x74, 0x72, 0x61, 0x63, 0x74, 0x73, 0x74, 0x61, 0x74, 0x69,
    0x63, 0x6d, 0x65, 0x74, 0x68, 0x6f, 0x64, 0xe9, 0x30, 0x00, 0x00, 0x00, 0x7a, 0xeb, 0x41, 0x20,
    0x64, 0x65, 0x63, 0x6f, 0x72, 0x61, 0x74, 0x6f, 0x72, 0x20, 0x69, 0x6e, 0x64, 0x69, 0x63, 0x61,
    0x74, 0x69, 0x6e, 0x67, 0x20, 0x61, 0x62, 0x73, 0x74, 0x72, 0x61, 0x63, 0x74, 0x20, 0x73, 0x74,
    0x61, 0x74, 0x69, 0x63, 0x6d, 0x65, 0x74, 0x68, 0x6f, 0x64, 0x73, 0x2e, 0x0a, 0x0a, 0x44, 0x65,
    0x70, 0x72, 0x65, 0x63, 0x61, 0x74, 0x65, 0x64, 0x2c, 0x20, 0x75, 0x73, 0x65, 0x20, 0x27, 0x73,
    0x74, 0x61, 0x74, 0x69, 0x63, 0x6d, 0x65, 0x74, 0x68, 0x6f, 0x64, 0x27, 0x20, 0x77, 0x69, 0x74,
    0x68, 0x20, 0x27, 0x61, 0x62, 0x73, 0x74, 0x72, 0x61, 0x63, 0x74, 0x6d, 0x65, 0x74, 0x68, 0x6f,
    0x64, 0x27, 0x20, 0x69, 0x6e, 0x73, 0x74, 0x65, 0x61, 0x64, 0x3a, 0x0a, 0x0a, 0x20, 0x20, 0x20,
    0x20, 0x63, 0x6c, 0x61, 0x73, 0x73, 0x20, 0x43, 0x28, 0x41, 0x42, 0x43, 0x29, 0x3a, 0x0a, 0x20,
    0x20, 0x20, 0x20, 0x20, 0x20, 0x20, 0x20, 0x40, 0x73, 0x74, 0x61, 0x74, 0x69, 0x63, 0x6d, 0x65,
    0x74, 0x68, 0x6f, 0x64, 0x0a, 0x20, 0x20, 0x20, 0x20, 0x20, 0x20, 0x20, 0x20, 0x40, 0x61, 0x62,
    0x73, 0x74, 0x72, 0x61, 0x63, 0x74, 0x6d, 0x65, 0x74, 0x68, 0x6f, 0x64, 0x0a, 0x20, 0x20, 0x20,
    0x20, 0x20, 0x20, 0x20, 0x20, 0x64, 0x65, 0x66, 0x20, 0x6d, 0x79, 0x5f, 0x61, 0x62, 0x73, 0x74,
    0x72, 0x61, 0x63, 0x74, 0x5f, 0x73, 0x74, 0x61, 0x74, 0x69, 0x63, 0x6d, 0x65, 0x74, 0x68, 0x6f,
    0x64, 0x28, 0x2e, 0x2e, 0x2e, 0x29, 0x3a, 0x0a, 0x20, 0x20, 0x20, 0x20, 0x20, 0x20, 0x20, 0x20,
    0x20, 0x20, 0x20, 0x20, 0x2e, 0x2e, 0x2e, 0x0a, 0x0a, 0x54, 0x63, 0x02, 0x00, 0x00, 0x00, 0x00,
    0x00, 0x00, 0x00, 0x00, 0x00, 0x00, 0x00, 0x03, 0x00, 0x00, 0x00, 0x03, 0x00, 0x00, 0x00, 0xf3,
    0x32, 0x00, 0x00, 0x00, 0x3e, 0x01, 0x95, 0x00, 0x53, 0x01, 0x55, 0x01, 0x6c, 0x00, 0x00, 0x00,
    0x00, 0x00, 0x00, 0x00, 0x00, 0x00, 0x5b, 0x02, 0x00, 0x00, 0x00, 0x00, 0x00, 0x00, 0x00, 0x00,
    0x54, 0x02, 0x55, 0x00, 0x5d, 0x09, 0x00, 0x00, 0x55, 0x01, 0x35, 0x01, 0x00, 0x00, 0x00, 0x00,
    0x00, 0x00, 0x20, 0x00, 0x67, 0x00, 0x72, 0x0c, 0x00, 0x00, 0x00, 0x72, 0x0d, 0x00, 0x00, 0x00,
    0x72, 0x10, 0x00, 0x00, 0x00, 0x73, 0x03, 0x00, 0x00, 0x00, 0x20, 0x20, 0x80, 0x72, 0x05, 0x00,
    0x00, 0x00, 0x72, 0x0f, 0x00, 0x00, 0x00, 0xda, 0x1d, 0x61, 0x62, 0x73, 0x74, 0x72, 0x61, 0x63,
    0x74, 0x73, 0x74, 0x61, 0x74, 0x69, 0x63, 0x6d, 0x65, 0x74, 0x68, 0x6f, 0x64, 0x2e, 0x5f, 0x5f,
    0x69, 0x6e, 0x69, 0x74, 0x5f, 0x5f, 0x3f, 0x00, 0x00, 0x00, 0x72, 0x15, 0x00, 0x00, 0x00, 0x72,
    0x07, 0x00, 0x00, 0x00, 0x72, 0x16, 0x00, 0x00, 0x00, 0x72, 0x17, 0x00, 0x00, 0x00, 0x72, 0x1f,
    0x00, 0x00, 0x00, 0x73, 0x01, 0x00, 0x00, 0x00, 0x40, 0x72, 0x05, 0x00, 0x00, 0x00, 0x72, 0x22,
    0x00, 0x00, 0x00, 0x72, 0x22, 0x00, 0x00, 0x00, 0x30, 0x00, 0x00, 0x00, 0x72, 0x20, 0x00, 0x00,
    0x00, 0x72, 0x07, 0x00, 0x00, 0x00, 0x72, 0x22, 0x00, 0x00, 0x00, 0x63, 0x00, 0x00, 0x00, 0x00,
    0x00, 0x00, 0x00, 0x00, 0x00, 0x00, 0x00, 0x00, 0x01, 0x00, 0x00, 0x00, 0x00, 0x00, 0x00, 0x00,
    0xf3, 0x1c, 0x00, 0x00, 0x00, 0x95, 0x00, 0x5c, 0x00, 0x72, 0x01, 0x53, 0x00, 0x72, 0x02, 0x53,
    0x01, 0x72, 0x03, 0x53, 0x02, 0x72, 0x04, 0x53, 0x03, 0x72, 0x05, 0x53, 0x04, 0x72, 0x06, 0x67,
    0x05, 0x29, 0x06, 0xda, 0x10, 0x61, 0x62, 0x73, 0x74, 0x72, 0x61, 0x63, 0x74, 0x70, 0x72, 0x6f,
    0x70, 0x65, 0x72, 0x74, 0x79, 0xe9, 0x44, 0x00, 0x00, 0x00, 0x7a, 0xdd, 0x41, 0x20, 0x64, 0x65,
    0x63, 0x6f, 0x72, 0x61, 0x74, 0x6f, 0x72, 0x20, 0x69, 0x6e, 0x64, 0x69, 0x63, 0x61, 0x74, 0x69,
    0x6e, 0x67, 0x20, 0x61, 0x62, 0x73, 0x74, 0x72, 0x61, 0x63, 0x74, 0x20, 0x70, 0x72, 0x6f, 0x70,
    0x65, 0x72, 0x74, 0x69, 0x65, 0x73, 0x2e, 0x0a, 0x0a, 0x44, 0x65, 0x70, 0x72, 0x65, 0x63, 0x61,
    0x74, 0x65, 0x64, 0x2c, 0x20, 0x75, 0x73, 0x65, 0x20, 0x27, 0x70, 0x72, 0x6f, 0x70, 0x65, 0x72,
    0x74, 0x79, 0x27, 0x20, 0x77, 0x69, 0x74, 0x68, 0x20, 0x27, 0x61, 0x62, 0x73, 0x74, 0x72, 0x61,
    0x63, 0x74, 0x6d, 0x65, 0x74, 0x68, 0x6f, 0x64, 0x27, 0x20, 0x69, 0x6e, 0x73, 0x74, 0x65, 0x61,
    0x64, 0x3a, 0x0a, 0x0a, 0x20, 0x20, 0x20, 0x20, 0x63, 0x6c, 0x61, 0x73, 0x73, 0x20, 0x43, 0x28,
    0x41, 0x42, 0x43, 0x29, 0x3a, 0x0a, 0x20, 0x20, 0x20, 0x20, 0x20, 0x20, 0x20, 0x20, 0x40, 0x70,
    0x72, 0x6f, 0x70, 0x65, 0x72, 0x74, 0x79, 0x0a, 0x20, 0x20, 0x20, 0x20, 0x20, 0x20, 0x20, 0x20,
    0x40, 0x61, 0x62, 0x73, 0x74, 0x72, 0x61, 0x63, 0x74, 0x6d, 0x65, 0x74, 0x68, 0x6f, 0x64, 0x0a,
    0x20, 0x20, 0x20, 0x20, 0x20, 0x20, 0x20, 0x20, 0x64, 0x65, 0x66, 0x20, 0x6d, 0x79, 0x5f, 0x61,
    0x62, 0x73, 0x74, 0x72, 0x61, 0x63, 0x74, 0x5f, 0x70, 0x72, 0x6f, 0x70, 0x65, 0x72, 0x74, 0x79,
    0x28, 0x73, 0x65, 0x6c, 0x66, 0x29, 0x3a, 0x0a, 0x20, 0x20, 0x20, 0x20, 0x20, 0x20, 0x20, 0x20,
    0x20, 0x20, 0x20, 0x20, 0x2e, 0x2e, 0x2e, 0x0a, 0x0a, 0x54, 0x72, 0x16, 0x00, 0x00, 0x00, 0x4e,
    0x29, 0x07, 0x72, 0x18, 0x00, 0x00, 0x00, 0x72, 0x19, 0x00, 0x00, 0x00, 0x72, 0x1a, 0x00, 0x00,
    0x00, 0x72, 0x1b, 0x00, 0x00, 0x00, 0x72, 0x1c, 0x00, 0x00, 0x00, 0x72, 0x03, 0x00, 0x00, 0x00,
    0x72, 0x1d, 0x00, 0x00, 0x00, 0x72, 0x16, 0x00, 0x00, 0x00, 0x72, 0x07, 0x00, 0x00, 0x00, 0x72,
    0x05, 0x00, 0x00, 0x00, 0x72, 0x27, 0x00, 0x00, 0x00, 0x72, 0x27, 0x00, 0x00, 0x00, 0x44, 0x00,
    0x00, 0x00, 0x73, 0x0f, 0x00, 0x00, 0x00, 0x86, 0x00, 0xf1, 0x02, 0x0a, 0x05, 0x08, 0xf0, 0x18,
    0x00, 0x1c, 0x20, 0xd3, 0x04, 0x18, 0x72, 0x07, 0x00, 0x00, 0x00, 0x72, 0x27, 0x00, 0x00, 0x00,
    0xe9, 0x00, 0x00, 0x00, 0x00, 0x29, 0x08, 0xda, 0x0f, 0x67, 0x65, 0x74, 0x5f, 0x63, 0x61, 0x63,
    0x68, 0x65, 0x5f, 0x74, 0x6f, 0x6b, 0x65, 0x6e, 0xda, 0x09, 0x5f, 0x61, 0x62, 0x63, 0x5f, 0x69,
    0x6e, 0x69, 0x74, 0xda, 0x0d, 0x5f, 0x61, 0x62, 0x63, 0x5f, 0x72, 0x65, 0x67, 0x69, 0x73, 0x74,
    0x65, 0x72, 0xda, 0x12, 0x5f, 0x61, 0x62, 0x63, 0x5f, 0x69, 0x6e, 0x73, 0x74, 0x61, 0x6e, 0x63,
    0x65, 0x63, 0x68, 0x65, 0x63, 0x6b, 0xda, 0x12, 0x5f, 0x61, 0x62, 0x63, 0x5f, 0x73, 0x75, 0x62,
    0x63, 0x6c, 0x61, 0x73, 0x73, 0x63, 0x68, 0x65, 0x63, 0x6b, 0xda, 0x09, 0x5f, 0x67, 0x65, 0x74,
    0x5f, 0x64, 0x75, 0x6d, 0x70, 0xda, 0x0f, 0x5f, 0x72, 0x65, 0x73, 0x65, 0x74, 0x5f, 0x72, 0x65,
    0x67, 0x69, 0x73, 0x74, 0x72, 0x79, 0xda, 0x0d, 0x5f, 0x72, 0x65, 0x73, 0x65, 0x74, 0x5f, 0x63,
    0x61, 0x63, 0x68, 0x65, 0x73, 0x63, 0x00, 0x00, 0x00, 0x00, 0x00, 0x00, 0x00, 0x00, 0x00, 0x00,
    0x00, 0x00, 0x02, 0x00, 0x00, 0x00, 0x00, 0x00, 0x00, 0x00, 0xf3, 0x54, 0x00, 0x00, 0x00, 0x5e,
    0x00, 0x95, 0x00, 0x5c, 0x00, 0x72, 0x01, 0x53, 0x00, 0x72, 0x02, 0x53, 0x01, 0x72, 0x03, 0x53,
    0x02, 0x72, 0x04, 0x55, 0x00, 0x34, 0x01, 0x53, 0x03, 0x1a, 0x00, 0x6a, 0x08, 0x72, 0x05, 0x53,
    0x04, 0x1a, 0x00, 0x72, 0x06, 0x53, 0x05, 0x1a, 0x00, 0x72, 0x07, 0x53, 0x06, 0x1a, 0x00, 0x72,
    0x08, 0x53, 0x0b, 0x53, 0x07, 0x1a, 0x00, 0x6a, 0x01, 0x72, 0x09, 0x53, 0x08, 0x1a, 0x00, 0x72,
    0x0a, 0x53, 0x09, 0x1a, 0x00, 0x72, 0x0b, 0x53, 0x0a, 0x72, 0x0c, 0x55, 0x00, 0x3d, 0x01, 0x72,
    0x0d, 0x24, 0x00, 0x29, 0x0c, 0xda, 0x07, 0x41, 0x42, 0x43, 0x4d, 0x65, 0x74, 0x61, 0xe9, 0x5c,
    0x00, 0x00, 0x00, 0x61, 0x40, 0x02, 0x00, 0x00, 0x4d, 0x65, 0x74, 0x61, 0x63, 0x6c, 0x61, 0x73,
    0x73, 0x20, 0x66, 0x6f, 0x72, 0x20, 0x64, 0x65, 0x66, 0x69, 0x6e, 0x69, 0x6e, 0x67, 0x20, 0x41,
    0x62, 0x73, 0x74, 0x72, 0x61, 0x63, 0x74, 0x20, 0x42, 0x61, 0x73, 0x65, 0x20, 0x43, 0x6c, 0x61,
    0x73, 0x73, 0x65, 0x73, 0x20, 0x28, 0x41, 0x42, 0x43, 0x73, 0x29, 0x2e, 0x0a, 0x0a, 0x55, 0x73,
    0x65, 0x20, 0x74, 0x68, 0x69, 0x73, 0x20, 0x6d, 0x65, 0x74, 0x61, 0x63, 0x6c, 0x61, 0x73, 0x73,
    0x20, 0x74, 0x6f, 0x20, 0x63, 0x72, 0x65, 0x61, 0x74, 0x65, 0x20, 0x61, 0x6e, 0x20, 0x41, 0x42,
    0x43, 0x2e, 0x20, 0x20, 0x41, 0x6e, 0x20, 0x41, 0x42, 0x43, 0x20, 0x63, 0x61, 0x6e, 0x20, 0x62,
    0x65, 0x20, 0x73, 0x75, 0x62, 0x63, 0x6c, 0x61, 0x73, 0x73, 0x65, 0x64, 0x0a, 0x64, 0x69, 0x72,
    0x65, 0x63, 0x74, 0x6c, 0x79, 0x2c, 0x20, 0x61, 0x6e, 0x64, 0x20, 0x74, 0x68, 0x65, 0x6e, 0x20,
    0x61, 0x63, 0x74, 0x73, 0x20, 0x61, 0x73, 0x20, 0x61, 0x20, 0x6d, 0x69, 0x78, 0x2d, 0x69, 0x6e,
    0x20, 0x63, 0x6c, 0x61, 0x73, 0x73, 0x2e, 0x20, 0x20, 0x59, 0x6f, 0x75, 0x20, 0x63, 0x61, 0x6e,
    0x20, 0x61, 0x6c, 0x73, 0x6f, 0x20, 0x72, 0x65, 0x67, 0x69, 0x73, 0x74, 0x65, 0x72, 0x0a, 0x75,
    0x6e, 0x72, 0x65, 0x6c, 0x61, 0x74, 0x65, 0x64, 0x20, 0x63, 0x6f, 0x6e, 0x63, 0x72, 0x65, 0x74,
    0x65, 0x20, 0x63, 0x6c, 0x61, 0x73, 0x73, 0x65, 0x73, 0x20, 0x28, 0x65, 0x76, 0x65, 0x6e, 0x20,
    0x62, 0x75, 0x69, 0x6c, 0x74, 0x2d, 0x69, 0x6e, 0x20, 0x63, 0x6c, 0x61, 0x73, 0x73, 0x65, 0x73,
    0x29, 0x20, 0x61, 0x6e, 0x64, 0x20, 0x75, 0x6e, 0x72, 0x65, 0x6c, 0x61, 0x74, 0x65, 0x64, 0x0a,
    0x41, 0x42, 0x43, 0x73, 0x20, 0x61, 0x73, 0x20, 0x27, 0x76, 0x69, 0x72, 0x74, 0x75, 0x61, 0x6c,
    0x20, 0x73, 0x75, 0x62, 0x63, 0x6c, 0x61, 0x73, 0x73, 0x65, 0x73, 0x27, 0x20, 0x2d, 0x2d, 0x20,
    0x74, 0x68, 0x65, 0x73, 0x65, 0x20, 0x61, 0x6e, 0x64, 0x20, 0x74, 0x68, 0x65, 0x69, 0x72, 0x20,
    0x64, 0x65, 0x73, 0x63, 0x65, 0x6e, 0x64, 0x61, 0x6e, 0x74, 0x73, 0x20, 0x77, 0x69, 0x6c, 0x6c,
    0x0a, 0x62, 0x65, 0x20, 0x63, 0x6f, 0x6e, 0x73, 0x69, 0x64, 0x65, 0x72, 0x65, 0x64, 0x20, 0x73,
    0x75, 0x62, 0x63, 0x6c, 0x61, 0x73, 0x73, 0x65, 0x73, 0x20, 0x6f, 0x66, 0x20, 0x74, 0x68, 0x65,
    0x20, 0x72, 0x65, 0x67, 0x69, 0x73, 0x74, 0x65, 0x72, 0x69, 0x6e, 0x67, 0x20, 0x41, 0x42, 0x43,
    0x20, 0x62, 0x79, 0x20, 0x74, 0x68, 0x65, 0x20, 0x62, 0x75, 0x69, 0x6c, 0x74, 0x2d, 0x69, 0x6e,
    0x0a, 0x69, 0x73, 0x73, 0x75, 0x62, 0x63, 0x6c, 0x61, 0x73, 0x73, 0x28, 0x29, 0x20, 0x66, 0x75,
    0x6e, 0x63, 0x74, 0x69, 0x6f, 0x6e, 0x2c, 0x20, 0x62, 0x75, 0x74, 0x20, 0x74, 0x68, 0x65, 0x20,
    0x72, 0x65, 0x67, 0x69, 0x73, 0x74, 0x65, 0x72, 0x69, 0x6e, 0x67, 0x20, 0x41, 0x42, 0x43, 0x20,
    0x77, 0x6f, 0x6e, 0x27, 0x74, 0x20, 0x73, 0x68, 0x6f, 0x77, 0x20, 0x75, 0x70, 0x20, 0x69, 0x6e,
    0x0a, 0x74, 0x68, 0x65, 0x69, 0x72, 0x20, 0x4d, 0x52, 0x4f, 0x20, 0x28, 0x4d, 0x65, 0x74, 0x68,
    0x6f, 0x64, 0x20, 0x52, 0x65, 0x73, 0x6f, 0x6c, 0x75, 0x74, 0x69, 0x6f, 0x6e, 0x20, 0x4f, 0x72,
    0x64, 0x65, 0x72, 0x29, 0x20, 0x6e, 0x6f, 0x72, 0x20, 0x77, 0x69, 0x6c, 0x6c, 0x20, 0x6d, 0x65,
    0x74, 0x68, 0x6f, 0x64, 0x0a, 0x69, 0x6d, 0x70, 0x6c, 0x65, 0x6d, 0x65, 0x6e, 0x74, 0x61, 0x74,
    0x69, 0x6f, 0x6e, 0x73, 0x20, 0x64, 0x65, 0x66, 0x69, 0x6e, 0x65, 0x64, 0x20, 0x62, 0x79, 0x20,
    0x74, 0x68, 0x65, 0x20, 0x72, 0x65, 0x67, 0x69, 0x73, 0x74, 0x65, 0x72, 0x69, 0x6e, 0x67, 0x20,
    0x41, 0x42, 0x43, 0x20, 0x62, 0x65, 0x20, 0x63, 0x61, 0x6c, 0x6c, 0x61, 0x62, 0x6c, 0x65, 0x20,
    0x28, 0x6e, 0x6f, 0x74, 0x0a, 0x65, 0x76, 0x65, 0x6e, 0x20, 0x76, 0x69, 0x61, 0x20, 0x73, 0x75,
    0x70, 0x65, 0x72, 0x28, 0x29, 0x29, 0x2e, 0x0a, 0x63, 0x04, 0x00, 0x00, 0x00, 0x04, 0x00, 0x00,
    0x00, 0x00, 0x00, 0x00, 0x00, 0x06, 0x00, 0x00, 0x00, 0x0b, 0x00, 0x00, 0x00, 0xf3, 0x42, 0x00,
    0x00, 0x00, 0x3e, 0x01, 0x95, 0x00, 0x5b, 0x00, 0x00, 0x00, 0x00, 0x00, 0x00, 0x00, 0x00, 0x00,
    0x54, 0x06, 0x55, 0x00, 0x5d, 0x04, 0x00, 0x00, 0x22, 0x00, 0x58, 0x01, 0x58, 0x23, 0x34, 0x04,
    0x30, 0x00, 0x55, 0x04, 0x44, 0x01, 0x36, 0x01, 0x6e, 0x05, 0x5b, 0x05, 0x00, 0x00, 0x00, 0x00,
    0x00, 0x00, 0x00, 0x00, 0x55, 0x05, 0x35, 0x01, 0x00, 0x00, 0x00, 0x00, 0x00, 0x00, 0x20, 0x00,
    0x55, 0x05, 0x24, 0x00, 0xa9, 0x01, 0x4e, 0x29, 0x03, 0x72, 0x0e, 0x00, 0x00, 0x00, 0xda, 0x07,
    0x5f, 0x5f, 0x6e, 0x65, 0x77, 0x5f, 0x5f, 0x72, 0x2b, 0x00, 0x00, 0x00, 0x29, 0x07, 0xda, 0x04,
    0x6d, 0x63, 0x6c, 0x73, 0xda, 0x04, 0x6e, 0x61, 0x6d, 0x65, 0xda, 0x05, 0x62, 0x61, 0x73, 0x65,
    0x73, 0xda, 0x09, 0x6e, 0x61, 0x6d, 0x65, 0x73, 0x70, 0x61, 0x63, 0x65, 0xda, 0x06, 0x6b, 0x77,
    0x61, 0x72, 0x67, 0x73, 0xda, 0x03, 0x63, 0x6c, 0x73, 0x72, 0x13, 0x00, 0x00, 0x00, 0x73, 0x07,
    0x00, 0x00, 0x00, 0x20, 0x20, 0x20, 0x20, 0x20, 0x20, 0x80, 0x72, 0x05, 0x00, 0x00, 0x00, 0x72,
    0x37, 0x00, 0x00, 0x00, 0xda, 0x0f, 0x41, 0x42, 0x43, 0x4d, 0x65, 0x74, 0x61, 0x2e, 0x5f, 0x5f,
    0x6e, 0x65, 0x77, 0x5f, 0x5f, 0x69, 0x00, 0x00, 0x00, 0x73, 0x24, 0x00, 0x00, 0x00, 0xf8, 0x80,
    0x00, 0xdc, 0x12, 0x17, 0x91, 0x27, 0x92, 0x2f, 0xa0, 0x24, 0xa8, 0x65, 0xd1, 0x12, 0x49, 0xc0,
    0x26, 0xd1, 0x12, 0x49, 0x88, 0x43, 0xdc, 0x0c, 0x15, 0x90, 0x63, 0x8c, 0x4e, 0xd8, 0x13, 0x16,
    0x88, 0x4a, 0x72, 0x07, 0x00, 0x00, 0x00, 0x63, 0x02, 0x00, 0x00, 0x00, 0x00, 0x00, 0x00, 0x00,
    0x00, 0x00, 0x00, 0x00, 0x04, 0x00, 0x00, 0x00, 0x03, 0x00, 0x00, 0x00, 0xf3, 0x18, 0x00, 0x00,
    0x00, 0x95, 0x00, 0x5b, 0x01, 0x00, 0x00, 0x00, 0x00, 0x00, 0x00, 0x00, 0x00, 0x58, 0x01, 0x35,
    0x02, 0x00, 0x00, 0x00, 0x00, 0x00, 0x00, 0x24, 0x00, 0x29, 0x01, 0x7a, 0x63, 0x52, 0x65, 0x67,
    0x69, 0x73, 0x74, 0x65, 0x72, 0x20, 0x61, 0x20, 0x76, 0x69, 0x72, 0x74, 0x75, 0x61, 0x6c, 0x20,
    0x73, 0x75, 0x62, 0x63, 0x6c, 0x61, 0x73, 0x73, 0x20, 0x6f, 0x66, 0x20, 0x61, 0x6e, 0x20, 0x41,
    0x42, 0x43, 0x2e, 0x0a, 0x0a, 0x52, 0x65, 0x74, 0x75, 0x72, 0x6e, 0x73, 0x20, 0x74, 0x68, 0x65,
    0x20, 0x73, 0x75, 0x62, 0x63, 0x6c, 0x61, 0x73, 0x73, 0x2c, 0x20, 0x74, 0x6f, 0x20, 0x61, 0x6c,
    0x6c, 0x6f, 0x77, 0x20, 0x75, 0x73, 0x61, 0x67, 0x65, 0x20, 0x61, 0x73, 0x20, 0x61, 0x20, 0x63,
    0x6c, 0x61, 0x73, 0x73, 0x20, 0x64, 0x65, 0x63, 0x6f, 0x72, 0x61, 0x74, 0x6f, 0x72, 0x2e, 0x0a,
    0x29, 0x01, 0x72, 0x2c, 0x00, 0x00, 0x00, 0xa9, 0x02, 0x72, 0x3d, 0x00, 0x00, 0x00, 0xda, 0x08,
    0x73, 0x75, 0x62, 0x63, 0x6c, 0x61, 0x73, 0x73, 0x73, 0x02, 0x00, 0x00, 0x00, 0x20, 0x20, 0x72,
    0x05, 0x00, 0x00, 0x00, 0xda, 0x08, 0x72, 0x65, 0x67, 0x69, 0x73, 0x74, 0x65, 0x72, 0xda, 0x10,
    0x41, 0x42, 0x43, 0x4d, 0x65, 0x74, 0x61, 0x2e, 0x72, 0x65, 0x67, 0x69, 0x73, 0x74, 0x65, 0x72,
    0x6e, 0x00, 0x00, 0x00, 0x73, 0x0f, 0x00, 0x00, 0x00, 0x80, 0x00, 0xf4, 0x0a, 0x00, 0x14, 0x21,
    0xa0, 0x13, 0xd3, 0x13, 0x2f, 0xd0, 0x0c, 0x2f, 0x72, 0x07, 0x00, 0x00, 0x00, 0x63, 0x02, 0x00,
    0x00, 0x00, 0x00, 0x00, 0x00, 0x00, 0x00, 0x00, 0x00, 0x00, 0x04, 0x00, 0x00, 0x00, 0x03, 0x00,
    0x00, 0x00, 0xf3, 0x18, 0x00, 0x00, 0x00, 0x95, 0x00, 0x5b, 0x01, 0x00, 0x00, 0x00, 0x00, 0x00,
    0x00, 0x00, 0x00, 0x58, 0x01, 0x35, 0x02, 0x00, 0x00, 0x00, 0x00, 0x00, 0x00, 0x24, 0x00, 0x29,
    0x01, 0x7a, 0x27, 0x4f, 0x76, 0x65, 0x72, 0x72, 0x69, 0x64, 0x65, 0x20, 0x66, 0x6f, 0x72, 0x20,
    0x69, 0x73, 0x69, 0x6e, 0x73, 0x74, 0x61, 0x6e, 0x63, 0x65, 0x28, 0x69, 0x6e, 0x73, 0x74, 0x61,
    0x6e, 0x63, 0x65, 0x2c, 0x20, 0x63, 0x6c, 0x73, 0x29, 0x2e, 0x29, 0x01, 0x72, 0x2d, 0x00, 0x00,
    0x00, 0x29, 0x02, 0x72, 0x3d, 0x00, 0x00, 0x00, 0xda, 0x08, 0x69, 0x6e, 0x73, 0x74, 0x61, 0x6e,
    0x63, 0x65, 0x73, 0x02, 0x00, 0x00, 0x00, 0x20, 0x20, 0x72, 0x05, 0x00, 0x00, 0x00, 0xda, 0x11,
    0x5f, 0x5f, 0x69, 0x6e, 0x73, 0x74, 0x61, 0x6e, 0x63, 0x65, 0x63, 0x68, 0x65, 0x63, 0x6b, 0x5f,
    0x5f, 0xda, 0x19, 0x41, 0x42, 0x43, 0x4d, 0x65, 0x74, 0x61, 0x2e, 0x5f, 0x5f, 0x69, 0x6e, 0x73,
    0x74, 0x61, 0x6e, 0x63, 0x65, 0x63, 0x68, 0x65, 0x63, 0x6b, 0x5f, 0x5f, 0x75, 0x00, 0x00, 0x00,
    0xf3, 0x0d, 0x00, 0x00, 0x00, 0x80, 0x00, 0xe4, 0x13, 0x25, 0xa0, 0x63, 0xd3, 0x13, 0x34, 0xd0,
    0x0c, 0x34, 0x72, 0x07, 0x00, 0x00, 0x00, 0x63, 0x02, 0x00, 0x00, 0x00, 0x00, 0x00, 0x00, 0x00,
    0x00, 0x00, 0x00, 0x00, 0x04, 0x00, 0x00, 0x00, 0x03, 0x00, 0x00, 0x00, 0xf3, 0x18, 0x00, 0x00,
    0x00, 0x95, 0x00, 0x5b, 0x01, 0x00, 0x00, 0x00, 0x00, 0x00, 0x00, 0x00, 0x00, 0x58, 0x01, 0x35,
    0x02, 0x00, 0x00, 0x00, 0x00, 0x00, 0x00, 0x24, 0x00, 0x29, 0x01, 0x7a, 0x27, 0x4f, 0x76, 0x65,
    0x72, 0x72, 0x69, 0x64, 0x65, 0x20, 0x66, 0x6f, 0x72, 0x20, 0x69, 0x73, 0x73, 0x75, 0x62, 0x63,
    0x6c, 0x61, 0x73, 0x73, 0x28, 0x73, 0x75, 0x62, 0x63, 0x6c, 0x61, 0x73, 0x73, 0x2c, 0x20, 0x63,
    0x6c, 0x73, 0x29, 0x2e, 0x29, 0x01, 0x72, 0x2e, 0x00, 0x00, 0x00, 0x72, 0x40, 0x00, 0x00, 0x00,
    0x73, 0x02, 0x00, 0x00, 0x00, 0x20, 0x20, 0x72, 0x05, 0x00, 0x00, 0x00, 0xda, 0x11, 0x5f, 0x5f,
    0x73, 0x75, 0x62, 0x63, 0x6c, 0x61, 0x73, 0x73, 0x63, 0x68, 0x65, 0x63, 0x6b, 0x5f, 0x5f, 0xda,
    0x19, 0x41, 0x42, 0x43, 0x4d, 0x65, 0x74, 0x61, 0x2e, 0x5f, 0x5f, 0x73, 0x75, 0x62, 0x63, 0x6c,
    0x61, 0x73, 0x73, 0x63, 0x68, 0x65, 0x63, 0x6b, 0x5f, 0x5f, 0x79, 0x00, 0x00, 0x00, 0x72, 0x48,
    0x00, 0x00, 0x00, 0x72, 0x07, 0x00, 0x00, 0x00, 0x63, 0x02, 0x00, 0x00, 0x00, 0x00, 0x00, 0x00,
    0x00, 0x00, 0x00, 0x00, 0x00, 0x06, 0x00, 0x00, 0x00, 0x03, 0x00, 0x00, 0x00, 0xf3, 0x04, 0x01,
    0x00, 0x00, 0x95, 0x00, 0x5b, 0x01, 0x00, 0x00, 0x00, 0x00, 0x00, 0x00, 0x00, 0x00, 0x53, 0x01,
    0x55, 0x00, 0x52, 0x02, 0x00, 0x00, 0x00, 0x00, 0x00, 0x00, 0x00, 0x00, 0x00, 0x00, 0x00, 0x00,
    0x00, 0x00, 0x00, 0x00, 0x00, 0x00, 0x0e, 0x00, 0x53, 0x02, 0x55, 0x00, 0x52, 0x04, 0x00, 0x00,
    0x00, 0x00, 0x00, 0x00, 0x00, 0x00, 0x00, 0x00, 0x00, 0x00, 0x00, 0x00, 0x00, 0x00, 0x00, 0x00,
    0x0e, 0x00, 0x33, 0x04, 0x55, 0x01, 0x53, 0x03, 0x39, 0x02, 0x20, 0x00, 0x5b, 0x01, 0x00, 0x00,
    0x00, 0x00, 0x00, 0x00, 0x00, 0x00, 0x53, 0x04, 0x5b, 0x07, 0x00, 0x00, 0x00, 0x00, 0x00, 0x00,
    0x00, 0x00, 0x35, 0x00, 0x00, 0x00, 0x00, 0x00, 0x00, 0x00, 0x0e, 0x00, 0x33, 0x02, 0x55, 0x01,
    0x53, 0x03, 0x39, 0x02, 0x20, 0x00, 0x5b, 0x09, 0x00, 0x00, 0x00, 0x00, 0x00, 0x00, 0x00, 0x00,
    0x55, 0x00, 0x35, 0x01, 0x00, 0x00, 0x00, 0x00, 0x00, 0x00, 0x75, 0x04, 0x00, 0x00, 0x70, 0x23,
    0x6e, 0x04, 0x6e, 0x05, 0x5b, 0x01, 0x00, 0x00, 0x00, 0x00, 0x00, 0x00, 0x00, 0x00, 0x53, 0x05,
    0x55, 0x02, 0x3c, 0x02, 0x0e, 0x00, 0x33, 0x02, 0x55, 0x01, 0x53, 0x03, 0x39, 0x02, 0x20, 0x00,
    0x5b, 0x01, 0x00, 0x00, 0x00, 0x00, 0x00, 0x00, 0x00, 0x00, 0x53, 0x06, 0x55, 0x03, 0x3c, 0x02,
    0x0e, 0x00, 0x33, 0x02, 0x55, 0x01, 0x53, 0x03, 0x39, 0x02, 0x20, 0x00, 0x5b, 0x01, 0x00, 0x00,
    0x00, 0x00, 0x00, 0x00, 0x00, 0x00, 0x53, 0x07, 0x55, 0x04, 0x3c, 0x02, 0x0e, 0x00, 0x33, 0x02,
    0x55, 0x01, 0x53, 0x03, 0x39, 0x02, 0x20, 0x00, 0x5b, 0x01, 0x00, 0x00, 0x00, 0x00, 0x00, 0x00,
    0x00, 0x00, 0x53, 0x08, 0x55, 0x05, 0x3c, 0x02, 0x0e, 0x00, 0x33, 0x02, 0x55, 0x01, 0x53, 0x03,
    0x39, 0x02, 0x20, 0x00, 0x67, 0x09, 0x29, 0x0a, 0x7a, 0x27, 0x44, 0x65, 0x62, 0x75, 0x67, 0x20,
    0x68, 0x65, 0x6c, 0x70, 0x65, 0x72, 0x20, 0x74, 0x6f, 0x20, 0x70, 0x72, 0x69, 0x6e, 0x74, 0x20,
    0x74, 0x68, 0x65, 0x20, 0x41, 0x42, 0x43, 0x20, 0x72, 0x65, 0x67, 0x69, 0x73, 0x74, 0x72, 0x79,
    0x2e, 0x7a, 0x07, 0x43, 0x6c, 0x61, 0x73, 0x73, 0x3a, 0x20, 0xda, 0x01, 0x2e, 0x29, 0x01, 0xda,
    0x04, 0x66, 0x69, 0x6c, 0x65, 0x7a, 0x0e, 0x49, 0x6e, 0x76, 0x2e, 0x20, 0x63, 0x6f, 0x75, 0x6e,
    0x74, 0x65, 0x72, 0x3a, 0x20, 0x7a, 0x0f, 0x5f, 0x61, 0x62, 0x63, 0x5f, 0x72, 0x65, 0x67, 0x69,
    0x73, 0x74, 0x72, 0x79, 0x3a, 0x20, 0x7a, 0x0c, 0x5f, 0x61, 0x62, 0x63, 0x5f, 0x63, 0x61, 0x63,
    0x68, 0x65, 0x3a, 0x20, 0x7a, 0x15, 0x5f, 0x61, 0x62, 0x63, 0x5f, 0x6e, 0x65, 0x67, 0x61, 0x74,
    0x69, 0x76, 0x65, 0x5f, 0x63, 0x61, 0x63, 0x68, 0x65, 0x3a, 0x20, 0x7a, 0x1d, 0x5f, 0x61, 0x62,
    0x63, 0x5f, 0x6e, 0x65, 0x67, 0x61, 0x74, 0x69, 0x76, 0x65, 0x5f, 0x63, 0x61, 0x63, 0x68, 0x65,
    0x5f, 0x76, 0x65, 0x72, 0x73, 0x69, 0x6f, 0x6e, 0x3a, 0x20, 0x4e, 0x29, 0x05, 0xda, 0x05, 0x70,
    0x72, 0x69, 0x6e, 0x74, 0x72, 0x19, 0x00, 0x00, 0x00, 0x72, 0x1a, 0x00, 0x00, 0x00, 0x72, 0x2a,
    0x00, 0x00, 0x00, 0x72, 0x2f, 0x00, 0x00, 0x00, 0x29, 0x06, 0x72, 0x3d, 0x00, 0x00, 0x00, 0x72,
    0x4e, 0x00, 0x00, 0x00, 0xda, 0x0d, 0x5f, 0x61, 0x62, 0x63, 0x5f, 0x72, 0x65, 0x67, 0x69, 0x73,
    0x74, 0x72, 0x79, 0xda, 0x0a, 0x5f, 0x61, 0x62, 0x63, 0x5f, 0x63, 0x61, 0x63, 0x68, 0x65, 0xda,
    0x13, 0x5f, 0x61, 0x62, 0x63, 0x5f, 0x6e, 0x65, 0x67, 0x61, 0x74, 0x69, 0x76, 0x65, 0x5f, 0x63,
    0x61, 0x63, 0x68, 0x65, 0xda, 0x1b, 0x5f, 0x61, 0x62, 0x63, 0x5f, 0x6e, 0x65, 0x67, 0x61, 0x74,
    0x69, 0x76, 0x65, 0x5f, 0x63, 0x61, 0x63, 0x68, 0x65, 0x5f, 0x76, 0x65, 0x72, 0x73, 0x69, 0x6f,
    0x6e, 0x73, 0x06, 0x00, 0x00, 0x00, 0x20, 0x20, 0x20, 0x20, 0x20, 0x20, 0x72, 0x05, 0x00, 0x00,
    0x00, 0xda, 0x0e, 0x5f, 0x64, 0x75, 0x6d, 0x70, 0x5f, 0x72, 0x65, 0x67, 0x69, 0x73, 0x74, 0x72,
    0x79, 0xda, 0x16, 0x41, 0x42, 0x43, 0x4d, 0x65, 0x74, 0x61, 0x2e, 0x5f, 0x64, 0x75, 0x6d, 0x70,
    0x5f, 0x72, 0x65, 0x67, 0x69, 0x73, 0x74, 0x72, 0x79, 0x7d, 0x00, 0x00, 0x00, 0x73, 0x9c, 0x00,
    0x00, 0x00, 0x80, 0x00, 0xe4, 0x0c, 0x11, 0x90, 0x47, 0x98, 0x43, 0x9f, 0x4e, 0x99, 0x4e, 0xd0,
    0x1b, 0x2b, 0xa8, 0x31, 0xa8, 0x53, 0xd7, 0x2d, 0x3d, 0xd1, 0x2d, 0x3d, 0xd0, 0x2c, 0x3e, 0xd0,
    0x12, 0x3f, 0xc0, 0x64, 0xd2, 0x0c, 0x4b, 0xdc, 0x0c, 0x11, 0x90, 0x4e, 0xa4, 0x3f, 0xd3, 0x23,
    0x34, 0xd0, 0x22, 0x35, 0xd0, 0x12, 0x36, 0xb8, 0x54, 0xd2, 0x0c, 0x42, 0xe4, 0x2c, 0x35, 0xb0,
    0x63, 0xab, 0x4e, 0xf1, 0x03, 0x01, 0x0d, 0x2a, 0x88, 0x5d, 0xd0, 0x28, 0x3b, 0xd8, 0x0d, 0x28,
    0xdc, 0x0c, 0x11, 0x90, 0x4f, 0xa0, 0x4d, 0xd1, 0x23, 0x34, 0xd0, 0x12, 0x35, 0xb8, 0x44, 0xd2,
    0x0c, 0x41, 0xdc, 0x0c, 0x11, 0x90, 0x4c, 0xa0, 0x1a, 0xa1, 0x0e, 0xd0, 0x12, 0x2f, 0xb0, 0x64,
    0xd2, 0x0c, 0x3b, 0xdc, 0x0c, 0x11, 0xd0, 0x14, 0x29, 0xd0, 0x2a, 0x3d, 0xd1, 0x29, 0x40, 0xd0,
    0x12, 0x41, 0xc8, 0x04, 0xd2, 0x0c, 0x4d, 0xdc, 0x0c, 0x11, 0xd0, 0x14, 0x31, 0xd0, 0x32, 0x4d,
    0xd1, 0x31, 0x50, 0xd0, 0x12, 0x51, 0xd8, 0x17, 0x1b, 0xf3, 0x03, 0x01, 0x0d, 0x1d, 0x72, 0x07,
    0x00, 0x00, 0x00, 0x63, 0x01, 0x00, 0x00, 0x00, 0x00, 0x00, 0x00, 0x00, 0x00, 0x00, 0x00, 0x00,
    0x03, 0x00, 0x00, 0x00, 0x03, 0x00, 0x00, 0x00, 0xf3, 0x1a, 0x00, 0x00, 0x00, 0x95, 0x00, 0x5b,
    0x01, 0x00, 0x00, 0x00, 0x00, 0x00, 0x00, 0x00, 0x00, 0x55, 0x00, 0x35, 0x01, 0x00, 0x00, 0x00,
    0x00, 0x00, 0x00, 0x20, 0x00, 0x67, 0x01, 0x29, 0x02, 0x7a, 0x2e, 0x43, 0x6c, 0x65, 0x61, 0x72,
    0x20, 0x74, 0x68, 0x65, 0x20, 0x72, 0x65, 0x67, 0x69, 0x73, 0x74, 0x72, 0x79, 0x20, 0x28, 0x66,
    0x6f, 0x72, 0x20, 0x64, 0x65, 0x62, 0x75, 0x67, 0x67, 0x69, 0x6e, 0x67, 0x20, 0x6f, 0x72, 0x20,
    0x74, 0x65, 0x73, 0x74, 0x69, 0x6e, 0x67, 0x29, 0x2e, 0x4e, 0x29, 0x01, 0x72, 0x30, 0x00, 0x00,
    0x00, 0xa9, 0x01, 0x72, 0x3d, 0x00, 0x00, 0x00, 0x73, 0x01, 0x00, 0x00, 0x00, 0x20, 0x72, 0x05,
    0x00, 0x00, 0x00, 0xda, 0x13, 0x5f, 0x61, 0x62, 0x63, 0x5f, 0x72, 0x65, 0x67, 0x69, 0x73, 0x74,
    0x72, 0x79, 0x5f, 0x63, 0x6c, 0x65, 0x61, 0x72, 0xda, 0x1b, 0x41, 0x42, 0x43, 0x4d, 0x65, 0x74,
    0x61, 0x2e, 0x5f, 0x61, 0x62, 0x63, 0x5f, 0x72, 0x65, 0x67, 0x69, 0x73, 0x74, 0x72, 0x79, 0x5f,
    0x63, 0x6c, 0x65, 0x61, 0x72, 0x89, 0x00, 0x00, 0x00, 0x73, 0x0a, 0x00, 0x00, 0x00, 0x80, 0x00,
    0xe4, 0x0c, 0x1b, 0x98, 0x43, 0xd5, 0x0c, 0x20, 0x72, 0x07, 0x00, 0x00, 0x00, 0x63, 0x01, 0x00,
    0x00, 0x00, 0x00, 0x00, 0x00, 0x00, 0x00, 0x00, 0x00, 0x00, 0x03, 0x00, 0x00, 0x00, 0x03, 0x00,
    0x00, 0x00, 0xf3, 0x1a, 0x00, 0x00, 0x00, 0x95, 0x00, 0x5b, 0x01, 0x00, 0x00, 0x00, 0x00, 0x00,
    0x00, 0x00, 0x00, 0x55, 0x00, 0x35, 0x01, 0x00, 0x00, 0x00, 0x00, 0x00, 0x00, 0x20, 0x00, 0x67,
    0x01, 0x29, 0x02, 0x7a, 0x2c, 0x43, 0x6c, 0x65, 0x61, 0x72, 0x20, 0x74, 0x68, 0x65, 0x20, 0x63,
    0x61, 0x63, 0x68, 0x65, 0x73, 0x20, 0x28, 0x66, 0x6f, 0x72, 0x20, 0x64, 0x65, 0x62, 0x75, 0x67,
    0x67, 0x69, 0x6e, 0x67, 0x20, 0x6f, 0x72, 0x20, 0x74, 0x65, 0x73, 0x74, 0x69, 0x6e, 0x67, 0x29,
    0x2e, 0x4e, 0x29, 0x01, 0x72, 0x31, 0x00, 0x00, 0x00, 0x72, 0x57, 0x00, 0x00, 0x00, 0x73, 0x01,
    0x00, 0x00, 0x00, 0x20, 0x72, 0x05, 0x00, 0x00, 0x00, 0xda, 0x11, 0x5f, 0x61, 0x62, 0x63, 0x5f,
    0x63, 0x61, 0x63, 0x68, 0x65, 0x73, 0x5f, 0x63, 0x6c, 0x65, 0x61, 0x72, 0xda, 0x19, 0x41, 0x42,
    0x43, 0x4d, 0x65, 0x74, 0x61, 0x2e, 0x5f, 0x61, 0x62, 0x63, 0x5f, 0x63, 0x61, 0x63, 0x68, 0x65,
    0x73, 0x5f, 0x63, 0x6c, 0x65, 0x61, 0x72, 0x8d, 0x00, 0x00, 0x00, 0x73, 0x0a, 0x00, 0x00, 0x00,
    0x80, 0x00, 0xe4, 0x0c, 0x19, 0x98, 0x23, 0xd5, 0x0c, 0x1e, 0x72, 0x07, 0x00, 0x00, 0x00, 0x72,
    0x16, 0x00, 0x00, 0x00, 0x72, 0x36, 0x00, 0x00, 0x00, 0x29, 0x0e, 0x72, 0x18, 0x00, 0x00, 0x00,
    0x72, 0x19, 0x00, 0x00, 0x00, 0x72, 0x1a, 0x00, 0x00, 0x00, 0x72, 0x1b, 0x00, 0x00, 0x00, 0x72,
    0x1c, 0x00, 0x00, 0x00, 0x72, 0x37, 0x00, 0x00, 0x00, 0x72, 0x42, 0x00, 0x00, 0x00, 0x72, 0x46,
    0x00, 0x00, 0x00, 0x72, 0x4a, 0x00, 0x00, 0x00, 0x72, 0x54, 0x00, 0x00, 0x00, 0x72, 0x58, 0x00,
    0x00, 0x00, 0x72, 0x5b, 0x00, 0x00, 0x00, 0x72, 0x1d, 0x00, 0x00, 0x00, 0x72, 0x1e, 0x00, 0x00,
    0x00, 0x72, 0x1f, 0x00, 0x00, 0x00, 0x73, 0x01, 0x00, 0x00, 0x00, 0x40, 0x72, 0x05, 0x00, 0x00,
    0x00, 0x72, 0x33, 0x00, 0x00, 0x00, 0x72, 0x33, 0x00, 0x00, 0x00, 0x5c, 0x00, 0x00, 0x00, 0x73,
    0x30, 0x00, 0x00, 0x00, 0xf8, 0x86, 0x00, 0xf1, 0x02, 0x0b, 0x09, 0x0c, 0xf5, 0x18, 0x03, 0x09,
    0x17, 0xf2, 0x0a, 0x05, 0x09, 0x30, 0xf2, 0x0e, 0x02, 0x09, 0x35, 0xf2, 0x08, 0x02, 0x09, 0x35,
    0xf4, 0x08, 0x0a, 0x09, 0x1d, 0xf2, 0x18, 0x02, 0x09, 0x21, 0xf7, 0x08, 0x02, 0x09, 0x1f, 0xf0,
    0x00, 0x02, 0x09, 0x1f, 0x72, 0x07, 0x00, 0x00, 0x00, 0x72, 0x33, 0x00, 0x00, 0x00, 0x29, 0x02,
    0x72, 0x33, 0x00, 0x00, 0x00, 0x72, 0x2a, 0x00, 0x00, 0x00, 0xda, 0x03, 0x61, 0x62, 0x63, 0x63,
    0x01, 0x00, 0x00, 0x00, 0x00, 0x00, 0x00, 0x00, 0x00, 0x00, 0x00, 0x00, 0x07, 0x00, 0x00, 0x00,
    0x03, 0x00, 0x00, 0x00, 0xf3, 0xa0, 0x01, 0x00, 0x00, 0x95, 0x00, 0x5b, 0x01, 0x00, 0x00, 0x00,
    0x00, 0x00, 0x00, 0x00, 0x00, 0x55, 0x00, 0x53, 0x01, 0x35, 0x02, 0x00, 0x00, 0x00, 0x00, 0x00,
    0x00, 0x28, 0x00, 0x00, 0x00, 0x00, 0x00, 0x00, 0x00, 0x64, 0x02, 0x00, 0x00, 0x55, 0x00, 0x24,
    0x00, 0x5b, 0x03, 0x00, 0x00, 0x00, 0x00, 0x00, 0x00, 0x00, 0x00, 0x35, 0x00, 0x00, 0x00, 0x00,
    0x00, 0x00, 0x00, 0x6e, 0x01, 0x55, 0x00, 0x52, 0x04, 0x00, 0x00, 0x00, 0x00, 0x00, 0x00, 0x00,
    0x00, 0x00, 0x00, 0x00, 0x00, 0x00, 0x00, 0x00, 0x00, 0x00, 0x00, 0x13, 0x00, 0x48, 0x48, 0x00,
    0x00, 0x6e, 0x02, 0x5b, 0x07, 0x00, 0x00, 0x00, 0x00, 0x00, 0x00, 0x00, 0x00, 0x55, 0x02, 0x53,
    0x01, 0x53, 0x02, 0x35, 0x03, 0x00, 0x00, 0x00, 0x00, 0x00, 0x00, 0x13, 0x00, 0x48, 0x34, 0x00,
    0x00, 0x6e, 0x03, 0x5b, 0x07, 0x00, 0x00, 0x00, 0x00, 0x00, 0x00, 0x00, 0x00, 0x58, 0x03, 0x53,
    0x03, 0x35, 0x03, 0x00, 0x00, 0x00, 0x00, 0x00, 0x00, 0x6e, 0x04, 0x5b, 0x07, 0x00, 0x00, 0x00,
    0x00, 0x00, 0x00, 0x00, 0x00, 0x55, 0x04, 0x53, 0x04, 0x53, 0x05, 0x35, 0x03, 0x00, 0x00, 0x00,
    0x00, 0x00, 0x00, 0x28, 0x00, 0x00, 0x00, 0x00, 0x00, 0x00, 0x00, 0x64, 0x02, 0x00, 0x00, 0x4d,
    0x23, 0x00, 0x00, 0x55, 0x01, 0x52, 0x09, 0x00, 0x00, 0x00, 0x00, 0x00, 0x00, 0x00, 0x00, 0x00,
    0x00, 0x00, 0x00, 0x00, 0x00, 0x00, 0x00, 0x00, 0x00, 0x55, 0x03, 0x35, 0x01, 0x00, 0x00, 0x00,
    0x00, 0x00, 0x00, 0x20, 0x00, 0x4d, 0x36, 0x00, 0x00, 0x0b, 0x00, 0x20, 0x00, 0x4d, 0x4a, 0x00,
    0x00, 0x0b, 0x00, 0x20, 0x00, 0x55, 0x00, 0x52, 0x0a, 0x00, 0x00, 0x00, 0x00, 0x00, 0x00, 0x00,
    0x00, 0x00, 0x00, 0x00, 0x00, 0x00, 0x00, 0x00, 0x00, 0x00, 0x00, 0x52, 0x0d, 0x00, 0x00, 0x00,
    0x00, 0x00, 0x00, 0x00, 0x00, 0x00, 0x00, 0x00, 0x00, 0x00, 0x00, 0x00, 0x00, 0x00, 0x00, 0x35,
    0x00, 0x00, 0x00, 0x00, 0x00, 0x00, 0x00, 0x13, 0x00, 0x48, 0x2a, 0x00, 0x00, 0x75, 0x02, 0x00,
    0x00, 0x70, 0x34, 0x5b, 0x07, 0x00, 0x00, 0x00, 0x00, 0x00, 0x00, 0x00, 0x00, 0x55, 0x04, 0x53,
    0x04, 0x53, 0x05, 0x35, 0x03, 0x00, 0x00, 0x00, 0x00, 0x00, 0x00, 0x28, 0x00, 0x00, 0x00, 0x00,
    0x00, 0x00, 0x00, 0x64, 0x02, 0x00, 0x00, 0x4d, 0x19, 0x00, 0x00, 0x55, 0x01, 0x52, 0x09, 0x00,
    0x00, 0x00, 0x00, 0x00, 0x00, 0x00, 0x00, 0x00, 0x00, 0x00, 0x00, 0x00, 0x00, 0x00, 0x00, 0x00,
    0x00, 0x55, 0x03, 0x35, 0x01, 0x00, 0x00, 0x00, 0x00, 0x00, 0x00, 0x20, 0x00, 0x4d, 0x2c, 0x00,
    0x00, 0x0b, 0x00, 0x20, 0x00, 0x5b, 0x0f, 0x00, 0x00, 0x00, 0x00, 0x00, 0x00, 0x00, 0x00, 0x55,
    0x01, 0x35, 0x01, 0x00, 0x00, 0x00, 0x00, 0x00, 0x00, 0x55, 0x00, 0x6c, 0x08, 0x00, 0x00, 0x00,
    0x00, 0x00, 0x00, 0x00, 0x00, 0x55, 0x00, 0x24, 0x00, 0x29, 0x06, 0x61, 0x73, 0x02, 0x00, 0x00,
    0x52, 0x65, 0x63, 0x61, 0x6c, 0x63, 0x75, 0x6c, 0x61, 0x74, 0x65, 0x20, 0x74, 0x68, 0x65, 0x20,
    0x73, 0x65, 0x74, 0x20, 0x6f, 0x66, 0x20, 0x61, 0x62, 0x73, 0x74, 0x72, 0x61, 0x63, 0x74, 0x20,
    0x6d, 0x65, 0x74, 0x68, 0x6f, 0x64, 0x73, 0x20, 0x6f, 0x66, 0x20, 0x61, 0x6e, 0x20, 0x61, 0x62,
    0x73, 0x74, 0x72, 0x61, 0x63, 0x74, 0x20, 0x63, 0x6c, 0x61, 0x73, 0x73, 0x2e, 0x0a, 0x0a, 0x49,
    0x66, 0x20, 0x61, 0x20, 0x63, 0x6c, 0x61, 0x73, 0x73, 0x20, 0x68, 0x61, 0x73, 0x20, 0x68, 0x61,
    0x64, 0x20, 0x6f, 0x6e, 0x65, 0x20, 0x6f, 0x66, 0x20, 0x69, 0x74, 0x73, 0x20, 0x61, 0x62, 0x73,
    0x74, 0x72, 0x61, 0x63, 0x74, 0x20, 0x6d, 0x65, 0x74, 0x68, 0x6f, 0x64, 0x73, 0x20, 0x69, 0x6d,
    0x70, 0x6c, 0x65, 0x6d, 0x65, 0x6e, 0x74, 0x65, 0x64, 0x20, 0x61, 0x66, 0x74, 0x65, 0x72, 0x20,
    0x74, 0x68, 0x65, 0x0a, 0x63, 0x6c, 0x61, 0x73, 0x73, 0x20, 0x77, 0x61, 0x73, 0x20, 0x63, 0x72,
    0x65, 0x61, 0x74, 0x65, 0x64, 0x2c, 0x20, 0x74, 0x68, 0x65, 0x20, 0x6d, 0x65, 0x74, 0x68, 0x6f,
    0x64, 0x20, 0x77, 0x69, 0x6c, 0x6c, 0x20, 0x6e, 0x6f, 0x74, 0x20, 0x62, 0x65, 0x20, 0x63, 0x6f,
    0x6e, 0x73, 0x69, 0x64, 0x65, 0x72, 0x65, 0x64, 0x20, 0x69, 0x6d, 0x70, 0x6c, 0x65, 0x6d, 0x65,
    0x6e, 0x74, 0x65, 0x64, 0x20, 0x75, 0x6e, 0x74, 0x69, 0x6c, 0x0a, 0x74, 0x68, 0x69, 0x73, 0x20,
    0x66, 0x75, 0x6e, 0x63, 0x74, 0x69, 0x6f, 0x6e, 0x20, 0x69, 0x73, 0x20, 0x63, 0x61, 0x6c, 0x6c,
    0x65, 0x64, 0x2e, 0x20, 0x41, 0x6c, 0x74, 0x65, 0x72, 0x6e, 0x61, 0x74, 0x69, 0x76, 0x65, 0x6c,
    0x79, 0x2c, 0x20, 0x69, 0x66, 0x20, 0x61, 0x20, 0x6e, 0x65, 0x77, 0x20, 0x61, 0x62, 0x73, 0x74,
    0x72, 0x61, 0x63, 0x74, 0x20, 0x6d, 0x65, 0x74, 0x68, 0x6f, 0x64, 0x20, 0x68, 0x61, 0x73, 0x20,
    0x62, 0x65, 0x65, 0x6e, 0x0a, 0x61, 0x64, 0x64, 0x65, 0x64, 0x20, 0x74, 0x6f, 0x20, 0x74, 0x68,
    0x65, 0x20, 0x63, 0x6c, 0x61, 0x73, 0x73, 0x2c, 0x20, 0x69, 0x74, 0x20, 0x77, 0x69, 0x6c, 0x6c,
    0x20, 0x6f, 0x6e, 0x6c, 0x79, 0x20, 0x62, 0x65, 0x20, 0x63, 0x6f, 0x6e, 0x73, 0x69, 0x64, 0x65,
    0x72, 0x65, 0x64, 0x20, 0x61, 0x6e, 0x20, 0x61, 0x62, 0x73, 0x74, 0x72, 0x61, 0x63, 0x74, 0x20,
    0x6d, 0x65, 0x74, 0x68, 0x6f, 0x64, 0x20, 0x6f, 0x66, 0x20, 0x74, 0x68, 0x65, 0x0a, 0x63, 0x6c,
    0x61, 0x73, 0x73, 0x20, 0x61, 0x66, 0x74, 0x65, 0x72, 0x20, 0x74, 0x68, 0x69, 0x73, 0x20, 0x66,
    0x75, 0x6e, 0x63, 0x74, 0x69, 0x6f, 0x6e, 0x20, 0x69, 0x73, 0x20, 0x63, 0x61, 0x6c, 0x6c, 0x65,
    0x64, 0x2e, 0x0a, 0x0a, 0x54, 0x68, 0x69, 0x73, 0x20, 0x66, 0x75, 0x6e, 0x63, 0x74, 0x69, 0x6f,
    0x6e, 0x20, 0x73, 0x68, 0x6f, 0x75, 0x6c, 0x64, 0x20, 0x62, 0x65, 0x20, 0x63, 0x61, 0x6c, 0x6c,
    0x65, 0x64, 0x20, 0x62, 0x65, 0x66, 0x6f, 0x72, 0x65, 0x20, 0x61, 0x6e, 0x79, 0x20, 0x75, 0x73,
    0x65, 0x20, 0x69, 0x73, 0x20, 0x6d, 0x61, 0x64, 0x65, 0x20, 0x6f, 0x66, 0x20, 0x74, 0x68, 0x65,
    0x20, 0x63, 0x6c, 0x61, 0x73, 0x73, 0x2c, 0x0a, 0x75, 0x73, 0x75, 0x61, 0x6c, 0x6c, 0x79, 0x20,
    0x69, 0x6e, 0x20, 0x63, 0x6c, 0x61, 0x73, 0x73, 0x20, 0x64, 0x65, 0x63, 0x6f, 0x72, 0x61, 0x74,
    0x6f, 0x72, 0x73, 0x20, 0x74, 0x68, 0x61, 0x74, 0x20, 0x61, 0x64, 0x64, 0x20, 0x6d, 0x65, 0x74,
    0x68, 0x6f, 0x64, 0x73, 0x20, 0x74, 0x6f, 0x20, 0x74, 0x68, 0x65, 0x20, 0x73, 0x75, 0x62, 0x6a,
    0x65, 0x63, 0x74, 0x20, 0x63, 0x6c, 0x61, 0x73, 0x73, 0x2e, 0x0a, 0x0a, 0x52, 0x65, 0x74, 0x75,
    0x72, 0x6e, 0x73, 0x20, 0x63, 0x6c, 0x73, 0x2c, 0x20, 0x74, 0x6f, 0x20, 0x61, 0x6c, 0x6c, 0x6f,
    0x77, 0x20, 0x75, 0x73, 0x61, 0x67, 0x65, 0x20, 0x61, 0x73, 0x20, 0x61, 0x20, 0x63, 0x6c, 0x61,
    0x73, 0x73, 0x20, 0x64, 0x65, 0x63, 0x6f, 0x72, 0x61, 0x74, 0x6f, 0x72, 0x2e, 0x0a, 0x0a, 0x49,
    0x66, 0x20, 0x63, 0x6c, 0x73, 0x20, 0x69, 0x73, 0x20, 0x6e, 0x6f, 0x74, 0x20, 0x61, 0x6e, 0x20,
    0x69, 0x6e, 0x73, 0x74, 0x61, 0x6e, 0x63, 0x65, 0x20, 0x6f, 0x66, 0x20, 0x41, 0x42, 0x43, 0x4d,
    0x65, 0x74, 0x61, 0x2c, 0x20, 0x64, 0x6f, 0x65, 0x73, 0x20, 0x6e, 0x6f, 0x74, 0x68, 0x69, 0x6e,
    0x67, 0x2e, 0x0a, 0xda, 0x13, 0x5f, 0x5f, 0x61, 0x62, 0x73, 0x74, 0x72, 0x61, 0x63, 0x74, 0x6d,
    0x65, 0x74, 0x68, 0x6f, 0x64, 0x73, 0x5f, 0x5f, 0x72, 0x16, 0x00, 0x00, 0x00, 0x4e, 0x72, 0x03,
    0x00, 0x00, 0x00, 0x46, 0x29, 0x09, 0xda, 0x07, 0x68, 0x61, 0x73, 0x61, 0x74, 0x74, 0x72, 0xda,
    0x03, 0x73, 0x65, 0x74, 0xda, 0x09, 0x5f, 0x5f, 0x62, 0x61, 0x73, 0x65, 0x73, 0x5f, 0x5f, 0xda,
    0x07, 0x67, 0x65, 0x74, 0x61, 0x74, 0x74, 0x72, 0xda, 0x03, 0x61, 0x64, 0x64, 0xda, 0x08, 0x5f,
    0x5f, 0x64, 0x69, 0x63, 0x74, 0x5f, 0x5f, 0xda, 0x05, 0x69, 0x74, 0x65, 0x6d, 0x73, 0xda, 0x09,
    0x66, 0x72, 0x6f, 0x7a, 0x65, 0x6e, 0x73, 0x65, 0x74, 0x72, 0x5f, 0x00, 0x00, 0x00, 0x29, 0x05,
    0x72, 0x3d, 0x00, 0x00, 0x00, 0xda, 0x09, 0x61, 0x62, 0x73, 0x74, 0x72, 0x61, 0x63, 0x74, 0x73,
    0xda, 0x04, 0x73, 0x63, 0x6c, 0x73, 0x72, 0x39, 0x00, 0x00, 0x00, 0xda, 0x05, 0x76, 0x61, 0x6c,
    0x75, 0x65, 0x73, 0x05, 0x00, 0x00, 0x00, 0x20, 0x20, 0x20, 0x20, 0x20, 0x72, 0x05, 0x00, 0x00,
    0x00, 0xda, 0x16, 0x75, 0x70, 0x64, 0x61, 0x74, 0x65, 0x5f, 0x61, 0x62, 0x73, 0x74, 0x72, 0x61,
    0x63, 0x74, 0x6d, 0x65, 0x74, 0x68, 0x6f, 0x64, 0x73, 0x72, 0x6b, 0x00, 0x00, 0x00, 0x92, 0x00,
    0x00, 0x00, 0x73, 0xb7, 0x00, 0x00, 0x00, 0x80, 0x00, 0xf4, 0x20, 0x00, 0x0c, 0x13, 0x90, 0x33,
    0xd0, 0x18, 0x2d, 0xd7, 0x0b, 0x2e, 0xd1, 0x0b, 0x2e, 0xf0, 0x08, 0x00, 0x10, 0x13, 0x88, 0x0a,
    0xe4, 0x10, 0x13, 0x93, 0x05, 0x80, 0x49, 0xf0, 0x06, 0x00, 0x11, 0x14, 0x97, 0x0d, 0x94, 0x0d,
    0x88, 0x04, 0xdc, 0x14, 0x1b, 0x98, 0x44, 0xd0, 0x22, 0x37, 0xb8, 0x12, 0xd6, 0x14, 0x3c, 0x88,
    0x44, 0xdc, 0x14, 0x1b, 0x98, 0x43, 0xa0, 0x74, 0xd3, 0x14, 0x2c, 0x88, 0x45, 0xdc, 0x0f, 0x16,
    0x90, 0x75, 0xd0, 0x1e, 0x34, 0xb0, 0x65, 0xd7, 0x0f, 0x3c, 0xd3, 0x0f, 0x3c, 0xd8, 0x10, 0x19,
    0x97, 0x0d, 0x91, 0x0d, 0x98, 0x64, 0xd6, 0x10, 0x23, 0xf3, 0x07, 0x00, 0x15, 0x3d, 0xf1, 0x03,
    0x00, 0x11, 0x1e, 0xf0, 0x0c, 0x00, 0x18, 0x1b, 0x97, 0x7c, 0x91, 0x7c, 0xd7, 0x17, 0x29, 0xd1,
    0x17, 0x29, 0xd6, 0x17, 0x2b, 0x89, 0x0b, 0x88, 0x04, 0xdc, 0x0b, 0x12, 0x90, 0x35, 0xd0, 0x1a,
    0x30, 0xb0, 0x25, 0xd7, 0x0b, 0x38, 0xd3, 0x0b, 0x38, 0xd8, 0x0c, 0x15, 0x8f, 0x4d, 0x89, 0x4d,
    0x98, 0x24, 0xd6, 0x0c, 0x1f, 0xf1, 0x05, 0x00, 0x18, 0x2c, 0xf4, 0x06, 0x00, 0x1f, 0x28, 0xa8,
    0x09, 0xd3, 0x1e, 0x32, 0x80, 0x43, 0xd4, 0x04, 0x1b, 0xd8, 0x0b, 0x0e, 0x80, 0x4a, 0x72, 0x07,
    0x00, 0x00, 0x00, 0x63, 0x00, 0x00, 0x00, 0x00, 0x00, 0x00, 0x00, 0x00, 0x00, 0x00, 0x00, 0x00,
    0x01, 0x00, 0x00, 0x00, 0x00, 0x00, 0x00, 0x00, 0xf3, 0x1c, 0x00, 0x00, 0x00, 0x95, 0x00, 0x5c,
    0x00, 0x72, 0x01, 0x53, 0x00, 0x72, 0x02, 0x53, 0x01, 0x72, 0x03, 0x53, 0x02, 0x72, 0x04, 0x53,
    0x03, 0x72, 0x05, 0x53, 0x03, 0x72, 0x06, 0x67, 0x04, 0x29, 0x05, 0xda, 0x03, 0x41, 0x42, 0x43,
    0xe9, 0xb8, 0x00, 0x00, 0x00, 0x7a, 0x4e, 0x48, 0x65, 0x6c, 0x70, 0x65, 0x72, 0x20, 0x63, 0x6c,
    0x61, 0x73, 0x73, 0x20, 0x74, 0x68, 0x61, 0x74, 0x20, 0x70, 0x72, 0x6f, 0x76, 0x69, 0x64, 0x65,
    0x73, 0x20, 0x61, 0x20, 0x73, 0x74, 0x61, 0x6e, 0x64, 0x61, 0x72, 0x64, 0x20, 0x77, 0x61, 0x79,
    0x20, 0x74, 0x6f, 0x20, 0x63, 0x72, 0x65, 0x61, 0x74, 0x65, 0x20, 0x61, 0x6e, 0x20, 0x41, 0x42,
    0x43, 0x20, 0x75, 0x73, 0x69, 0x6e, 0x67, 0x0a, 0x69, 0x6e, 0x68, 0x65, 0x72, 0x69, 0x74, 0x61,
    0x6e, 0x63, 0x65, 0x2e, 0x0a, 0x72, 0x16, 0x00, 0x00, 0x00, 0x4e, 0x29, 0x07, 0x72, 0x18, 0x00,
    0x00, 0x00, 0x72, 0x19, 0x00, 0x00, 0x00, 0x72, 0x1a, 0x00, 0x00, 0x00, 0x72, 0x1b, 0x00, 0x00,
    0x00, 0x72, 0x1c, 0x00, 0x00, 0x00, 0xda, 0x09, 0x5f, 0x5f, 0x73, 0x6c, 0x6f, 0x74, 0x73, 0x5f,
    0x5f, 0x72, 0x1d, 0x00, 0x00, 0x00, 0x72, 0x16, 0x00, 0x00, 0x00, 0x72, 0x07, 0x00, 0x00, 0x00,
    0x72, 0x05, 0x00, 0x00, 0x00, 0x72, 0x6d, 0x00, 0x00, 0x00, 0x72, 0x6d, 0x00, 0x00, 0x00, 0xb8,
    0x00, 0x00, 0x00, 0x73, 0x0e, 0x00, 0x00, 0x00, 0x86, 0x00, 0xf1, 0x02, 0x02, 0x05, 0x08, 0xf0,
    0x06, 0x00, 0x11, 0x13, 0x83, 0x49, 0x72, 0x07, 0x00, 0x00, 0x00, 0x72, 0x6d, 0x00, 0x00, 0x00,
    0x29, 0x01, 0xda, 0x09, 0x6d, 0x65, 0x74, 0x61, 0x63, 0x6c, 0x61, 0x73, 0x73, 0x4e, 0x29, 0x18,
    0x72, 0x1c, 0x00, 0x00, 0x00, 0x72, 0x06, 0x00, 0x00, 0x00, 0xda, 0x0b, 0x63, 0x6c, 0x61, 0x73,
    0x73, 0x6d, 0x65, 0x74, 0x68, 0x6f, 0x64, 0x72, 0x09, 0x00, 0x00, 0x00, 0xda, 0x0c, 0x73, 0x74,
    0x61, 0x74, 0x69, 0x63, 0x6d, 0x65, 0x74, 0x68, 0x6f, 0x64, 0x72, 0x22, 0x00, 0x00, 0x00, 0xda,
    0x08, 0x70, 0x72, 0x6f, 0x70, 0x65, 0x72, 0x74, 0x79, 0x72, 0x27, 0x00, 0x00, 0x00, 0xda, 0x04,
    0x5f, 0x61, 0x62, 0x63, 0x72, 0x2a, 0x00, 0x00, 0x00, 0x72, 0x2b, 0x00, 0x00, 0x00, 0x72, 0x2c,
    0x00, 0x00, 0x00, 0x72, 0x2d, 0x00, 0x00, 0x00, 0x72, 0x2e, 0x00, 0x00, 0x00, 0x72, 0x2f, 0x00,
    0x00, 0x00, 0x72, 0x30, 0x00, 0x00, 0x00, 0x72, 0x31, 0x00, 0x00, 0x00, 0xda, 0x04, 0x74, 0x79,
    0x70, 0x65, 0x72, 0x33, 0x00, 0x00, 0x00, 0xda, 0x0b, 0x49, 0x6d, 0x70, 0x6f, 0x72, 0x74, 0x45,
    0x72, 0x72, 0x6f, 0x72, 0xda, 0x07, 0x5f, 0x70, 0x79, 0x5f, 0x61, 0x62, 0x63, 0x72, 0x19, 0x00,
    0x00, 0x00, 0x72, 0x6b, 0x00, 0x00, 0x00, 0x72, 0x6d, 0x00, 0x00, 0x00, 0x72, 0x16, 0x00, 0x00,
    0x00, 0x72, 0x07, 0x00, 0x00, 0x00, 0x72, 0x05, 0x00, 0x00, 0x00, 0xda, 0x08, 0x3c, 0x6d, 0x6f,
    0x64, 0x75, 0x6c, 0x65, 0x3e, 0x72, 0x78, 0x00, 0x00, 0x00, 0x01, 0x00, 0x00, 0x00, 0x73, 0x83,
    0x00, 0x00, 0x00, 0xf0, 0x03, 0x01, 0x01, 0x01, 0xf1, 0x08, 0x00, 0x01, 0x3a, 0xf2, 0x06, 0x12,
    0x01, 0x13, 0xf4, 0x2a, 0x11, 0x01, 0x23, 0x98, 0x2b, 0xf4, 0x00, 0x11, 0x01, 0x23, 0xf4, 0x28,
    0x11, 0x01, 0x23, 0x98, 0x3c, 0xf4, 0x00, 0x11, 0x01, 0x23, 0xf4, 0x28, 0x0d, 0x01, 0x20, 0x90,
    0x78, 0xf4, 0x00, 0x0d, 0x01, 0x20, 0xf0, 0x20, 0x3b, 0x01, 0x1f, 0xf7, 0x02, 0x02, 0x05, 0x36,
    0xf7, 0x00, 0x02, 0x05, 0x36, 0xf3, 0x00, 0x02, 0x05, 0x36, 0xf4, 0x0e, 0x33, 0x05, 0x1f, 0x90,
    0x24, 0xf4, 0x00, 0x33, 0x05, 0x1f, 0xf2, 0x6c, 0x01, 0x23, 0x01, 0x0f, 0xf4, 0x4c, 0x01, 0x04,
    0x01, 0x13, 0x90, 0x47, 0xf3, 0x00, 0x04, 0x01, 0x13, 0xf8, 0xf0, 0x41, 0x03, 0x00, 0x08, 0x13,
    0xf3, 0x00, 0x02, 0x01, 0x1f, 0xdf, 0x04, 0x30, 0xd8, 0x19, 0x1e, 0x80, 0x47, 0xd6, 0x04, 0x16,
    0xf0, 0x05, 0x02, 0x01, 0x1f, 0xfa, 0x73, 0x11, 0x00, 0x00, 0x00, 0xa8, 0x14, 0x41, 0x14, 0x00,
    0xc1, 0x14, 0x15, 0x41, 0x2c, 0x03, 0xc1, 0x2b, 0x01, 0x41, 0x2c, 0x03,
};
/* abc: 7884 bytes, is_package=0 */

static unsigned char frozen_codecs[] = {
    0xe3, 0x00, 0x00, 0x00, 0x00, 0x00, 0x00, 0x00, 0x00, 0x00, 0x00, 0x00, 0x00, 0x05, 0x00, 0x00,
    0x00, 0x00, 0x00, 0x00, 0x00, 0xf3, 0xa0, 0x02, 0x00, 0x00, 0x95, 0x00, 0x53, 0x00, 0x72, 0x00,
    0x53, 0x01, 0x53, 0x02, 0x4b, 0x01, 0x72, 0x01, 0x53, 0x01, 0x53, 0x02, 0x4b, 0x02, 0x72, 0x02,
    0x1e, 0x00, 0x53, 0x01, 0x53, 0x03, 0x4b, 0x03, 0x37, 0x02, 0x20, 0x00, 0x2f, 0x00, 0x53, 0x05,
    0x51, 0x01, 0x72, 0x07, 0x53, 0x06, 0x72, 0x08, 0x53, 0x07, 0x3d, 0x01, 0x72, 0x09, 0x72, 0x0a,
    0x53, 0x08, 0x3d, 0x01, 0x72, 0x0b, 0x72, 0x0c, 0x53, 0x09, 0x72, 0x0d, 0x53, 0x0a, 0x72, 0x0e,
    0x5c, 0x02, 0x52, 0x1e, 0x00, 0x00, 0x00, 0x00, 0x00, 0x00, 0x00, 0x00, 0x00, 0x00, 0x00, 0x00,
    0x00, 0x00, 0x00, 0x00, 0x00, 0x00, 0x53, 0x0b, 0x3a, 0x58, 0x00, 0x00, 0x61, 0x07, 0x00, 0x00,
    0x5c, 0x0a, 0x3d, 0x01, 0x72, 0x10, 0x72, 0x11, 0x5c, 0x0d, 0x72, 0x12, 0x4f, 0x06, 0x5c, 0x0c,
    0x3d, 0x01, 0x72, 0x10, 0x72, 0x11, 0x5c, 0x0e, 0x72, 0x12, 0x5c, 0x0a, 0x72, 0x13, 0x5c, 0x0c,
    0x72, 0x14, 0x5c, 0x0d, 0x72, 0x15, 0x5c, 0x0e, 0x72, 0x16, 0x18, 0x00, 0x22, 0x00, 0x53, 0x0c,
    0x1a, 0x00, 0x53, 0x0d, 0x5c, 0x17, 0x35, 0x03, 0x00, 0x00, 0x00, 0x00, 0x00, 0x00, 0x72, 0x18,
    0x18, 0x00, 0x22, 0x00, 0x53, 0x0e, 0x1a, 0x00, 0x53, 0x0f, 0x35, 0x02, 0x00, 0x00, 0x00, 0x00,
    0x00, 0x00, 0x72, 0x19, 0x18, 0x00, 0x22, 0x00, 0x53, 0x10, 0x1a, 0x00, 0x53, 0x11, 0x5c, 0x1a,
    0x35, 0x03, 0x00, 0x00, 0x00, 0x00, 0x00, 0x00, 0x72, 0x1b, 0x18, 0x00, 0x22, 0x00, 0x53, 0x12,
    0x1a, 0x00, 0x53, 0x13, 0x5c, 0x1b, 0x35, 0x03, 0x00, 0x00, 0x00, 0x00, 0x00, 0x00, 0x72, 0x1c,
    0x18, 0x00, 0x22, 0x00, 0x53, 0x14, 0x1a, 0x00, 0x53, 0x15, 0x5c, 0x1a, 0x35, 0x03, 0x00, 0x00,
    0x00, 0x00, 0x00, 0x00, 0x72, 0x1d, 0x18, 0x00, 0x22, 0x00, 0x53, 0x16, 0x1a, 0x00, 0x53, 0x17,
    0x5c, 0x1d, 0x35, 0x03, 0x00, 0x00, 0x00, 0x00, 0x00, 0x00, 0x72, 0x1e, 0x18, 0x00, 0x22, 0x00,
    0x53, 0x18, 0x1a, 0x00, 0x53, 0x19, 0x5c, 0x19, 0x35, 0x03, 0x00, 0x00, 0x00, 0x00, 0x00, 0x00,
    0x72, 0x1f, 0x18, 0x00, 0x22, 0x00, 0x53, 0x1a, 0x1a, 0x00, 0x53, 0x1b, 0x5c, 0x19, 0x35, 0x03,
    0x00, 0x00, 0x00, 0x00, 0x00, 0x00, 0x72, 0x20, 0x18, 0x00, 0x22, 0x00, 0x53, 0x1c, 0x1a, 0x00,
    0x53, 0x1d, 0x35, 0x02, 0x00, 0x00, 0x00, 0x00, 0x00, 0x00, 0x72, 0x21, 0x18, 0x00, 0x22, 0x00,
    0x53, 0x1e, 0x1a, 0x00, 0x53, 0x1f, 0x35, 0x02, 0x00, 0x00, 0x00, 0x00, 0x00, 0x00, 0x72, 0x22,
    0x53, 0x32, 0x53, 0x21, 0x1a, 0x00, 0x6a, 0x01, 0x72, 0x23, 0x53, 0x33, 0x53, 0x22, 0x1a, 0x00,
    0x6a, 0x01, 0x72, 0x24, 0x53, 0x23, 0x1a, 0x00, 0x72, 0x25, 0x53, 0x24, 0x1a, 0x00, 0x72, 0x26,
    0x53, 0x25, 0x1a, 0x00, 0x72, 0x27, 0x53, 0x26, 0x1a, 0x00, 0x72, 0x28, 0x53, 0x27, 0x1a, 0x00,
    0x72, 0x29, 0x53, 0x28, 0x1a, 0x00, 0x72, 0x2a, 0x53, 0x34, 0x53, 0x29, 0x1a, 0x00, 0x6a, 0x01,
    0x72, 0x2b, 0x53, 0x34, 0x53, 0x2a, 0x1a, 0x00, 0x6a, 0x01, 0x72, 0x2c, 0x53, 0x2b, 0x1a, 0x00,
    0x72, 0x2d, 0x53, 0x2c, 0x1a, 0x00, 0x72, 0x2e, 0x1e, 0x00, 0x5c, 0x2f, 0x22, 0x00, 0x53, 0x20,
    0x35, 0x01, 0x00, 0x00, 0x00, 0x00, 0x00, 0x00, 0x72, 0x30, 0x5c, 0x2f, 0x22, 0x00, 0x53, 0x2d,
    0x35, 0x01, 0x00, 0x00, 0x00, 0x00, 0x00, 0x00, 0x72, 0x31, 0x5c, 0x2f, 0x22, 0x00, 0x53, 0x2e,
    0x35, 0x01, 0x00, 0x00, 0x00, 0x00, 0x00, 0x00, 0x72, 0x32, 0x5c, 0x2f, 0x22, 0x00, 0x53, 0x2f,
    0x35, 0x01, 0x00, 0x00, 0x00, 0x00, 0x00, 0x00, 0x72, 0x33, 0x5c, 0x2f, 0x22, 0x00, 0x53, 0x30,
    0x35, 0x01, 0x00, 0x00, 0x00, 0x00, 0x00, 0x00, 0x72, 0x34, 0x5c, 0x2f, 0x22, 0x00, 0x53, 0x31,
    0x35, 0x01, 0x00, 0x00, 0x00, 0x00, 0x00, 0x00, 0x72, 0x35, 0x53, 0x01, 0x72, 0x37, 0x5c, 0x37,
    0x28, 0x00, 0x00, 0x00, 0x00, 0x00, 0x00, 0x00, 0x61, 0x05, 0x00, 0x00, 0x53, 0x01, 0x53, 0x02,
    0x4b, 0x38, 0x72, 0x38, 0x67, 0x02, 0x67, 0x02, 0x21, 0x00, 0x5c, 0x04, 0x07, 0x00, 0x61, 0x10,
    0x00, 0x00, 0x72, 0x05, 0x5c, 0x06, 0x22, 0x00, 0x53, 0x04, 0x5c, 0x05, 0x2d, 0x06, 0x00, 0x00,
    0x35, 0x01, 0x00, 0x00, 0x00, 0x00, 0x00, 0x00, 0x65, 0x01, 0x53, 0x02, 0x72, 0x05, 0x43, 0x05,
    0x66, 0x01, 0x66, 0x00, 0x3d, 0x03, 0x1f, 0x00, 0x66, 0x01, 0x21, 0x00, 0x5c, 0x36, 0x07, 0x00,
    0x61, 0x0f, 0x00, 0x00, 0x20, 0x00, 0x53, 0x02, 0x72, 0x30, 0x53, 0x02, 0x72, 0x31, 0x53, 0x02,
    0x72, 0x32, 0x53, 0x02, 0x72, 0x33, 0x53, 0x02, 0x72, 0x34, 0x53, 0x02, 0x72, 0x35, 0x1f, 0x00,
    0x4e, 0x3c, 0x66, 0x00, 0x3d, 0x03, 0x1f, 0x00, 0x66, 0x01, 0x29, 0x35, 0x7a, 0x9d, 0x63, 0x6f,
    0x64, 0x65, 0x63, 0x73, 0x20, 0x2d, 0x2d, 0x20, 0x50, 0x79, 0x74, 0x68, 0x6f, 0x6e, 0x20, 0x43,
    0x6f, 0x64, 0x65, 0x63, 0x20, 0x52, 0x65, 0x67, 0x69, 0x73, 0x74, 0x72, 0x79, 0x2c, 0x20, 0x41,
    0x50, 0x49, 0x20, 0x61, 0x6e, 0x64, 0x20, 0x68, 0x65, 0x6c, 0x70, 0x65, 0x72, 0x73, 0x2e, 0x0a,
    0x0a, 0x0a, 0x57, 0x72, 0x69, 0x74, 0x74, 0x65, 0x6e, 0x20, 0x62, 0x79, 0x20, 0x4d, 0x61, 0x72,
    0x63, 0x2d, 0x41, 0x6e, 0x64, 0x72, 0x65, 0x20, 0x4c, 0x65, 0x6d, 0x62, 0x75, 0x72, 0x67, 0x20,
    0x28, 0x6d, 0x61, 0x6c, 0x40, 0x6c, 0x65, 0x6d, 0x62, 0x75, 0x72, 0x67, 0x2e, 0x63, 0x6f, 0x6d,
    0x29, 0x2e, 0x0a, 0x0a, 0x28, 0x63, 0x29, 0x20, 0x43, 0x6f, 0x70, 0x79, 0x72, 0x69, 0x67, 0x68,
    0x74, 0x20, 0x43, 0x4e, 0x52, 0x49, 0x2c, 0x20, 0x41, 0x6c, 0x6c, 0x20, 0x52, 0x69, 0x67, 0x68,
    0x74, 0x73, 0x20, 0x52, 0x65, 0x73, 0x65, 0x72, 0x76, 0x65, 0x64, 0x2e, 0x20, 0x4e, 0x4f, 0x20,
    0x57, 0x41, 0x52, 0x52, 0x41, 0x4e, 0x54, 0x59, 0x2e, 0x0a, 0x0a, 0xe9, 0x00, 0x00, 0x00, 0x00,
    0x4e, 0x29, 0x01, 0xda, 0x01, 0x2a, 0x7a, 0x25, 0x46, 0x61, 0x69, 0x6c, 0x65, 0x64, 0x20, 0x74,
    0x6f, 0x20, 0x6c, 0x6f, 0x61, 0x64, 0x20, 0x74, 0x68, 0x65, 0x20, 0x62, 0x75, 0x69, 0x6c, 0x74,
    0x69, 0x6e, 0x20, 0x63, 0x6f, 0x64, 0x65, 0x63, 0x73, 0x3a, 0x20, 0x25, 0x73, 0x29, 0x2c, 0xda,
    0x08, 0x72, 0x65, 0x67, 0x69, 0x73, 0x74, 0x65, 0x72, 0xda, 0x06, 0x6c, 0x6f, 0x6f, 0x6b, 0x75,
    0x70, 0xda, 0x04, 0x6f, 0x70, 0x65, 0x6e, 0xda, 0x0b, 0x45, 0x6e, 0x63, 0x6f, 0x64, 0x65, 0x64,
    0x46, 0x69, 0x6c, 0x65, 0xda, 0x03, 0x42, 0x4f, 0x4d, 0xda, 0x06, 0x42, 0x4f, 0x4d, 0x5f, 0x42,
    0x45, 0xda, 0x06, 0x42, 0x4f, 0x4d, 0x5f, 0x4c, 0x45, 0xda, 0x08, 0x42, 0x4f, 0x4d, 0x33, 0x32,
    0x5f, 0x42, 0x45, 0xda, 0x08, 0x42, 0x4f, 0x4d, 0x33, 0x32, 0x5f, 0x4c, 0x45, 0xda, 0x08, 0x42,
    0x4f, 0x4d, 0x36, 0x34, 0x5f, 0x42, 0x45, 0xda, 0x08, 0x42, 0x4f, 0x4d, 0x36, 0x34, 0x5f, 0x4c,
    0x45, 0xda, 0x08, 0x42, 0x4f, 0x4d, 0x5f, 0x55, 0x54, 0x46, 0x38, 0xda, 0x09, 0x42, 0x4f, 0x4d,
    0x5f, 0x55, 0x54, 0x46, 0x31, 0x36, 0xda, 0x0c, 0x42, 0x4f, 0x4d, 0x5f, 0x55, 0x54, 0x46, 0x31,
    0x36, 0x5f, 0x4c, 0x45, 0xda, 0x0c, 0x42, 0x4f, 0x4d, 0x5f, 0x55, 0x54, 0x46, 0x31, 0x36, 0x5f,
    0x42, 0x45, 0xda, 0x09, 0x42, 0x4f, 0x4d, 0x5f, 0x55, 0x54, 0x46, 0x33, 0x32, 0xda, 0x0c, 0x42,
    0x4f, 0x4d, 0x5f, 0x55, 0x54, 0x46, 0x33, 0x32, 0x5f, 0x4c, 0x45, 0xda, 0x0c, 0x42, 0x4f, 0x4d,
    0x5f, 0x55, 0x54, 0x46, 0x33, 0x32, 0x5f, 0x42, 0x45, 0xda, 0x09, 0x43, 0x6f, 0x64, 0x65, 0x63,
    0x49, 0x6e, 0x66, 0x6f, 0xda, 0x05, 0x43, 0x6f, 0x64, 0x65, 0x63, 0xda, 0x12, 0x49, 0x6e, 0x63,
    0x72, 0x65, 0x6d, 0x65, 0x6e, 0x74, 0x61, 0x6c, 0x45, 0x6e, 0x63, 0x6f, 0x64, 0x65, 0x72, 0xda,
    0x12, 0x49, 0x6e, 0x63, 0x72, 0x65, 0x6d, 0x65, 0x6e, 0x74, 0x61, 0x6c, 0x44, 0x65, 0x63, 0x6f,
    0x64, 0x65, 0x72, 0xda, 0x0c, 0x53, 0x74, 0x72, 0x65, 0x61, 0x6d, 0x52, 0x65, 0x61, 0x64, 0x65,
    0x72, 0xda, 0x0c, 0x53, 0x74, 0x72, 0x65, 0x61, 0x6d, 0x57, 0x72, 0x69, 0x74, 0x65, 0x72, 0xda,
    0x12, 0x53, 0x74, 0x72, 0x65, 0x61, 0x6d, 0x52, 0x65, 0x61, 0x64, 0x65, 0x72, 0x57, 0x72, 0x69,
    0x74, 0x65, 0x72, 0xda, 0x0d, 0x53, 0x74, 0x72, 0x65, 0x61, 0x6d, 0x52, 0x65, 0x63, 0x6f, 0x64,
    0x65, 0x72, 0xda, 0x0a, 0x67, 0x65, 0x74, 0x65, 0x6e, 0x63, 0x6f, 0x64, 0x65, 0x72, 0xda, 0x0a,
    0x67, 0x65, 0x74, 0x64, 0x65, 0x63, 0x6f, 0x64, 0x65, 0x72, 0xda, 0x15, 0x67, 0x65, 0x74, 0x69,
    0x6e, 0x63, 0x72, 0x65, 0x6d, 0x65, 0x6e, 0x74, 0x61, 0x6c, 0x65, 0x6e, 0x63, 0x6f, 0x64, 0x65,
    0x72, 0xda, 0x15, 0x67, 0x65, 0x74, 0x69, 0x6e, 0x63, 0x72, 0x65, 0x6d, 0x65, 0x6e, 0x74, 0x61,
    0x6c, 0x64, 0x65, 0x63, 0x6f, 0x64, 0x65, 0x72, 0xda, 0x09, 0x67, 0x65, 0x74, 0x72, 0x65, 0x61,
    0x64, 0x65, 0x72, 0xda, 0x09, 0x67, 0x65, 0x74, 0x77, 0x72, 0x69, 0x74, 0x65, 0x72, 0xda, 0x06,
    0x65, 0x6e, 0x63, 0x6f, 0x64, 0x65, 0xda, 0x06, 0x64, 0x65, 0x63, 0x6f, 0x64, 0x65, 0xda, 0x0a,
    0x69, 0x74, 0x65, 0x72, 0x65, 0x6e, 0x63, 0x6f, 0x64, 0x65, 0xda, 0x0a, 0x69, 0x74, 0x65, 0x72,
    0x64, 0x65, 0x63, 0x6f, 0x64, 0x65, 0xda, 0x0d, 0x73, 0x74, 0x72, 0x69, 0x63, 0x74, 0x5f, 0x65,
    0x72, 0x72, 0x6f, 0x72, 0x73, 0xda, 0x0d, 0x69, 0x67, 0x6e, 0x6f, 0x72, 0x65, 0x5f, 0x65, 0x72,
    0x72, 0x6f, 0x72, 0x73, 0xda, 0x0e, 0x72, 0x65, 0x70, 0x6c, 0x61, 0x63, 0x65, 0x5f, 0x65, 0x72,
    0x72, 0x6f, 0x72, 0x73, 0xda, 0x18, 0x78, 0x6d, 0x6c, 0x63, 0x68, 0x61, 0x72, 0x72, 0x65, 0x66,
    0x72, 0x65, 0x70, 0x6c, 0x61, 0x63, 0x65, 0x5f, 0x65, 0x72, 0x72, 0x6f, 0x72, 0x73, 0xda, 0x17,
    0x62, 0x61, 0x63, 0x6b, 0x73, 0x6c, 0x61, 0x73, 0x68, 0x72, 0x65, 0x70, 0x6c, 0x61, 0x63, 0x65,
    0x5f, 0x65, 0x72, 0x72, 0x6f, 0x72, 0x73, 0xda, 0x12, 0x6e, 0x61, 0x6d, 0x65, 0x72, 0x65, 0x70,
    0x6c, 0x61, 0x63, 0x65, 0x5f, 0x65, 0x72, 0x72, 0x6f, 0x72, 0x73, 0xda, 0x0e, 0x72, 0x65, 0x67,
    0x69, 0x73, 0x74, 0x65, 0x72, 0x5f, 0x65, 0x72, 0x72, 0x6f, 0x72, 0xda, 0x0c, 0x6c, 0x6f, 0x6f,
    0x6b, 0x75, 0x70, 0x5f, 0x65, 0x72, 0x72, 0x6f, 0x72, 0x73, 0x03, 0x00, 0x00, 0x00, 0xef, 0xbb,
    0xbf, 0x73, 0x02, 0x00, 0x00, 0x00, 0xff, 0xfe, 0x73, 0x02, 0x00, 0x00, 0x00, 0xfe, 0xff, 0x73,
    0x04, 0x00, 0x00, 0x00, 0xff, 0xfe, 0x00, 0x00, 0x73, 0x04, 0x00, 0x00, 0x00, 0x00, 0x00, 0xfe,
    0xff, 0xda, 0x06, 0x6c, 0x69, 0x74, 0x74, 0x6c, 0x65, 0x63, 0x00, 0x00, 0x00, 0x00, 0x00, 0x00,
    0x00, 0x00, 0x00, 0x00, 0x00, 0x00, 0x03, 0x00, 0x00, 0x00, 0x00, 0x00, 0x00, 0x00, 0xf3, 0x3e,
    0x00, 0x00, 0x00, 0x95, 0x00, 0x5c, 0x00, 0x72, 0x01, 0x53, 0x00, 0x72, 0x02, 0x53, 0x01, 0x72,
    0x03, 0x53, 0x02, 0x72, 0x04, 0x53, 0x03, 0x72, 0x05, 0x1e, 0x00, 0x1e, 0x00, 0x53, 0x0a, 0x53,
    0x04, 0x53, 0x05, 0x2e, 0x01, 0x53, 0x06, 0x1a, 0x00, 0x6a, 0x02, 0x6a, 0x01, 0x72, 0x06, 0x53,
    0x07, 0x1a, 0x00, 0x72, 0x07, 0x53, 0x08, 0x1a, 0x00, 0x72, 0x08, 0x53, 0x09, 0x72, 0x09, 0x67,
    0x04, 0x29, 0x0b, 0x72, 0x16, 0x00, 0x00, 0x00, 0xe9, 0x53, 0x00, 0x00, 0x00, 0x7a, 0x30, 0x43,
    0x6f, 0x64, 0x65, 0x63, 0x20, 0x64, 0x65, 0x74, 0x61, 0x69, 0x6c, 0x73, 0x20, 0x77, 0x68, 0x65,
    0x6e, 0x20, 0x6c, 0x6f, 0x6f, 0x6b, 0x69, 0x6e, 0x67, 0x20, 0x75, 0x70, 0x20, 0x74, 0x68, 0x65,
    0x20, 0x63, 0x6f, 0x64, 0x65, 0x63, 0x20, 0x72, 0x65, 0x67, 0x69, 0x73, 0x74, 0x72, 0x79, 0x54,
    0x4e, 0x29, 0x01, 0xda, 0x11, 0x5f, 0x69, 0x73, 0x5f, 0x74, 0x65, 0x78, 0x74, 0x5f, 0x65, 0x6e,
    0x63, 0x6f, 0x64, 0x69, 0x6e, 0x67, 0x63, 0x08, 0x00, 0x00, 0x00, 0x00, 0x00, 0x00, 0x00, 0x01,
    0x00, 0x00, 0x00, 0x07, 0x00, 0x00, 0x00, 0x03, 0x00, 0x00, 0x00, 0xf3, 0x9c, 0x00, 0x00, 0x00,
    0x95, 0x00, 0x5b, 0x00, 0x00, 0x00, 0x00, 0x00, 0x00, 0x00, 0x00, 0x00, 0x52, 0x03, 0x00, 0x00,
    0x00, 0x00, 0x00, 0x00, 0x00, 0x00, 0x00, 0x00, 0x00, 0x00, 0x00, 0x00, 0x00, 0x00, 0x00, 0x00,
    0x58, 0x01, 0x58, 0x23, 0x55, 0x04, 0x34, 0x04, 0x35, 0x02, 0x00, 0x00, 0x00, 0x00, 0x00, 0x00,
    0x6e, 0x09, 0x58, 0x79, 0x6c, 0x02, 0x00, 0x00, 0x00, 0x00, 0x00, 0x00, 0x00, 0x00, 0x58, 0x19,
    0x6c, 0x03, 0x00, 0x00, 0x00, 0x00, 0x00, 0x00, 0x00, 0x00, 0x58, 0x29, 0x6c, 0x04, 0x00, 0x00,
    0x00, 0x00, 0x00, 0x00, 0x00, 0x00, 0x58, 0x59, 0x6c, 0x05, 0x00, 0x00, 0x00, 0x00, 0x00, 0x00,
    0x00, 0x00, 0x58, 0x69, 0x6c, 0x06, 0x00, 0x00, 0x00, 0x00, 0x00, 0x00, 0x00, 0x00, 0x58, 0x49,
    0x6c, 0x07, 0x00, 0x00, 0x00, 0x00, 0x00, 0x00, 0x00, 0x00, 0x58, 0x39, 0x6c, 0x08, 0x00, 0x00,
    0x00, 0x00, 0x00, 0x00, 0x00, 0x00, 0x55, 0x08, 0x62, 0x06, 0x00, 0x00, 0x58, 0x89, 0x6c, 0x09,
    0x00, 0x00, 0x00, 0x00, 0x00, 0x00, 0x00, 0x00, 0x55, 0x09, 0x24, 0x00, 0xa9, 0x01, 0x4e, 0x29,
    0x0a, 0xda, 0x05, 0x74, 0x75, 0x70, 0x6c, 0x65, 0xda, 0x07, 0x5f, 0x5f, 0x6e, 0x65, 0x77, 0x5f,
    0x5f, 0xda, 0x04, 0x6e, 0x61, 0x6d, 0x65, 0x72, 0x24, 0x00, 0x00, 0x00, 0x72, 0x25, 0x00, 0x00,
    0x00, 0xda, 0x12, 0x69, 0x6e, 0x63, 0x72, 0x65, 0x6d, 0x65, 0x6e, 0x74, 0x61, 0x6c, 0x65, 0x6e,
    0x63, 0x6f, 0x64, 0x65, 0x72, 0xda, 0x12, 0x69, 0x6e, 0x63, 0x72, 0x65, 0x6d, 0x65, 0x6e, 0x74,
    0x61, 0x6c, 0x64, 0x65, 0x63, 0x6f, 0x64, 0x65, 0x72, 0xda, 0x0c, 0x73, 0x74, 0x72, 0x65, 0x61,
    0x6d, 0x77, 0x72, 0x69, 0x74, 0x65, 0x72, 0xda, 0x0c, 0x73, 0x74, 0x72, 0x65, 0x61, 0x6d, 0x72,
    0x65, 0x61, 0x64, 0x65, 0x72, 0x72, 0x33, 0x00, 0x00, 0x00, 0x29, 0x0a, 0xda, 0x03, 0x63, 0x6c,
    0x73, 0x72, 0x24, 0x00, 0x00, 0x00, 0x72, 0x25, 0x00, 0x00, 0x00, 0x72, 0x3c, 0x00, 0x00, 0x00,
    0x72, 0x3b, 0x00, 0x00, 0x00, 0x72, 0x39, 0x00, 0x00, 0x00, 0x72, 0x3a, 0x00, 0x00, 0x00, 0x72,
    0x38, 0x00, 0x00, 0x00, 0x72, 0x33, 0x00, 0x00, 0x00, 0xda, 0x04, 0x73, 0x65, 0x6c, 0x66, 0x73,
    0x0a, 0x00, 0x00, 0x00, 0x20, 0x20, 0x20, 0x20, 0x20, 0x20, 0x20, 0x20, 0x20, 0x20, 0xda, 0x10,
    0x73, 0x74, 0x64, 0x6c, 0x69, 0x62, 0x2f, 0x63, 0x6f, 0x64, 0x65, 0x63, 0x73, 0x2e, 0x70, 0x79,
    0x72, 0x37, 0x00, 0x00, 0x00, 0xda, 0x11, 0x43, 0x6f, 0x64, 0x65, 0x63, 0x49, 0x6e, 0x66, 0x6f,
    0x2e, 0x5f, 0x5f, 0x6e, 0x65, 0x77, 0x5f, 0x5f, 0x5e, 0x00, 0x00, 0x00, 0x73, 0x51, 0x00, 0x00,
    0x00, 0x80, 0x00, 0xf4, 0x06, 0x00, 0x10, 0x15, 0x8f, 0x7d, 0x89, 0x7d, 0x98, 0x53, 0xa8, 0x36,
    0xc0, 0x1c, 0xd0, 0x22, 0x4e, 0xd3, 0x0f, 0x4f, 0x88, 0x04, 0xd8, 0x14, 0x18, 0x8c, 0x09, 0xd8,
    0x16, 0x1c, 0x8c, 0x0b, 0xd8, 0x16, 0x1c, 0x8c, 0x0b, 0xd8, 0x22, 0x34, 0xd4, 0x08, 0x1f, 0xd8,
    0x22, 0x34, 0xd4, 0x08, 0x1f, 0xd8, 0x1c, 0x28, 0xd4, 0x08, 0x19, 0xd8, 0x1c, 0x28, 0xd4, 0x08,
    0x19, 0xd8, 0x0b, 0x1c, 0xd1, 0x0b, 0x28, 0xd8, 0x25, 0x36, 0xd4, 0x0c, 0x22, 0xd8, 0x0f, 0x13,
    0x88, 0x0b, 0xf3, 0x00, 0x00, 0x00, 0x00, 0x63, 0x01, 0x00, 0x00, 0x00, 0x00, 0x00, 0x00, 0x00,
    0x00, 0x00, 0x00, 0x00, 0x07, 0x00, 0x00, 0x00, 0x03, 0x00, 0x00, 0x00, 0xf3, 0x8a, 0x00, 0x00,
    0x00, 0x95, 0x00, 0x53, 0x01, 0x55, 0x00, 0x52, 0x00, 0x00, 0x00, 0x00, 0x00, 0x00, 0x00, 0x00,
    0x00, 0x00, 0x00, 0x00, 0x00, 0x00, 0x00, 0x00, 0x00, 0x00, 0x00, 0x52, 0x02, 0x00, 0x00, 0x00,
    0x00, 0x00, 0x00, 0x00, 0x00, 0x00, 0x00, 0x00, 0x00, 0x00, 0x00, 0x00, 0x00, 0x00, 0x00, 0x55,
    0x00, 0x52, 0x00, 0x00, 0x00, 0x00, 0x00, 0x00, 0x00, 0x00, 0x00, 0x00, 0x00, 0x00, 0x00, 0x00,
    0x00, 0x00, 0x00, 0x00, 0x00, 0x52, 0x04, 0x00, 0x00, 0x00, 0x00, 0x00, 0x00, 0x00, 0x00, 0x00,
    0x00, 0x00, 0x00, 0x00, 0x00, 0x00, 0x00, 0x00, 0x00, 0x55, 0x00, 0x52, 0x06, 0x00, 0x00, 0x00,
    0x00, 0x00, 0x00, 0x00, 0x00, 0x00, 0x00, 0x00, 0x00, 0x00, 0x00, 0x00, 0x00, 0x00, 0x00, 0x5b,
    0x09, 0x00, 0x00, 0x00, 0x00, 0x00, 0x00, 0x00, 0x00, 0x55, 0x00, 0x35, 0x01, 0x00, 0x00, 0x00,
    0x00, 0x00, 0x00, 0x34, 0x04, 0x2d, 0x06, 0x00, 0x00, 0x24, 0x00, 0x29, 0x02, 0x4e, 0x7a, 0x25,
    0x3c, 0x25, 0x73, 0x2e, 0x25, 0x73, 0x20, 0x6f, 0x62, 0x6a, 0x65, 0x63, 0x74, 0x20, 0x66, 0x6f,
    0x72, 0x20, 0x65, 0x6e, 0x63, 0x6f, 0x64, 0x69, 0x6e, 0x67, 0x20, 0x25, 0x73, 0x20, 0x61, 0x74,
    0x20, 0x25, 0x23, 0x78, 0x3e, 0x29, 0x05, 0xda, 0x09, 0x5f, 0x5f, 0x63, 0x6c, 0x61, 0x73, 0x73,
    0x5f, 0x5f, 0xda, 0x0a, 0x5f, 0x5f, 0x6d, 0x6f, 0x64, 0x75, 0x6c, 0x65, 0x5f, 0x5f, 0xda, 0x0c,
    0x5f, 0x5f, 0x71, 0x75, 0x61, 0x6c, 0x6e, 0x61, 0x6d, 0x65, 0x5f, 0x5f, 0x72, 0x38, 0x00, 0x00,
    0x00, 0xda, 0x02, 0x69, 0x64, 0xa9, 0x01, 0x72, 0x3e, 0x00, 0x00, 0x00, 0x73, 0x01, 0x00, 0x00,
    0x00, 0x20, 0x72, 0x3f, 0x00, 0x00, 0x00, 0xda, 0x08, 0x5f, 0x5f, 0x72, 0x65, 0x70, 0x72, 0x5f,
    0x5f, 0xda, 0x12, 0x43, 0x6f, 0x64, 0x65, 0x63, 0x49, 0x6e, 0x66, 0x6f, 0x2e, 0x5f, 0x5f, 0x72,
    0x65, 0x70, 0x72, 0x5f, 0x5f, 0x6d, 0x00, 0x00, 0x00, 0x73, 0x3a, 0x00, 0x00, 0x00, 0x80, 0x00,
    0xd8, 0x0f, 0x36, 0xd8, 0x11, 0x15, 0x97, 0x1e, 0x91, 0x1e, 0xd7, 0x11, 0x2a, 0xd1, 0x11, 0x2a,
    0xa8, 0x44, 0xaf, 0x4e, 0xa9, 0x4e, 0xd7, 0x2c, 0x47, 0xd1, 0x2c, 0x47, 0xd8, 0x11, 0x15, 0x97,
    0x19, 0x91, 0x19, 0x9c, 0x42, 0x98, 0x74, 0x9b, 0x48, 0xf0, 0x03, 0x01, 0x11, 0x26, 0xf1, 0x03,
    0x02, 0x10, 0x26, 0xf0, 0x00, 0x02, 0x09, 0x26, 0x72, 0x41, 0x00, 0x00, 0x00, 0x63, 0x01, 0x00,
    0x00, 0x00, 0x00, 0x00, 0x00, 0x00, 0x00, 0x00, 0x00, 0x00, 0x03, 0x00, 0x00, 0x00, 0x03, 0x00,
    0x00, 0x00, 0xf3, 0x18, 0x00, 0x00, 0x00, 0x95, 0x00, 0x5b, 0x01, 0x00, 0x00, 0x00, 0x00, 0x00,
    0x00, 0x00, 0x00, 0x55, 0x00, 0x35, 0x01, 0x00, 0x00, 0x00, 0x00, 0x00, 0x00, 0x24, 0x00, 0x72,
    0x35, 0x00, 0x00, 0x00, 0x29, 0x01, 0x72, 0x36, 0x00, 0x00, 0x00, 0x72, 0x47, 0x00, 0x00, 0x00,
    0x73, 0x01, 0x00, 0x00, 0x00, 0x20, 0x72, 0x3f, 0x00, 0x00, 0x00, 0xda, 0x0e, 0x5f, 0x5f, 0x67,
    0x65, 0x74, 0x6e, 0x65, 0x77, 0x61, 0x72, 0x67, 0x73, 0x5f, 0x5f, 0xda, 0x18, 0x43, 0x6f, 0x64,
    0x65, 0x63, 0x49, 0x6e, 0x66, 0x6f, 0x2e, 0x5f, 0x5f, 0x67, 0x65, 0x74, 0x6e, 0x65, 0x77, 0x61,
    0x72, 0x67, 0x73, 0x5f, 0x5f, 0x72, 0x00, 0x00, 0x00, 0x73, 0x0c, 0x00, 0x00, 0x00, 0x80, 0x00,
    0xdc, 0x0f, 0x14, 0x90, 0x54, 0x8b, 0x7b, 0xd0, 0x08, 0x1a, 0x72, 0x41, 0x00, 0x00, 0x00, 0x29,
    0x08, 0x72, 0x33, 0x00, 0x00, 0x00, 0x72, 0x25, 0x00, 0x00, 0x00, 0x72, 0x24, 0x00, 0x00, 0x00,
    0x72, 0x3a, 0x00, 0x00, 0x00, 0x72, 0x39, 0x00, 0x00, 0x00, 0x72, 0x38, 0x00, 0x00, 0x00, 0x72,
    0x3c, 0x00, 0x00, 0x00, 0x72, 0x3b, 0x00, 0x00, 0x00, 0x29, 0x05, 0x4e, 0x4e, 0x4e, 0x4e, 0x4e,
    0x29, 0x0a, 0xda, 0x08, 0x5f, 0x5f, 0x6e, 0x61, 0x6d, 0x65, 0x5f, 0x5f, 0x72, 0x44, 0x00, 0x00,
    0x00, 0x72, 0x45, 0x00, 0x00, 0x00, 0xda, 0x0f, 0x5f, 0x5f, 0x66, 0x69, 0x72, 0x73, 0x74, 0x6c,
    0x69, 0x6e, 0x65, 0x6e, 0x6f, 0x5f, 0x5f, 0xda, 0x07, 0x5f, 0x5f, 0x64, 0x6f, 0x63, 0x5f, 0x5f,
    0x72, 0x33, 0x00, 0x00, 0x00, 0x72, 0x37, 0x00, 0x00, 0x00, 0x72, 0x48, 0x00, 0x00, 0x00, 0x72,
    0x4b, 0x00, 0x00, 0x00, 0xda, 0x15, 0x5f, 0x5f, 0x73, 0x74, 0x61, 0x74, 0x69, 0x63, 0x5f, 0x61,
    0x74, 0x74, 0x72, 0x69, 0x62, 0x75, 0x74, 0x65, 0x73, 0x5f, 0x5f, 0xa9, 0x00, 0x72, 0x41, 0x00,
    0x00, 0x00, 0x72, 0x3f, 0x00, 0x00, 0x00, 0x72, 0x16, 0x00, 0x00, 0x00, 0x72, 0x16, 0x00, 0x00,
    0x00, 0x53, 0x00, 0x00, 0x00, 0x73, 0x2a, 0x00, 0x00, 0x00, 0x86, 0x00, 0xd9, 0x04, 0x3a, 0xf0,
    0x10, 0x00, 0x19, 0x1d, 0xd0, 0x04, 0x15, 0xe0, 0x45, 0x49, 0xd8, 0x3f, 0x43, 0xf0, 0x03, 0x0d,
    0x05, 0x14, 0xe0, 0x1d, 0x21, 0xf6, 0x05, 0x0d, 0x05, 0x14, 0xf2, 0x1e, 0x03, 0x05, 0x26, 0xf5,
    0x0a, 0x01, 0x05, 0x1b, 0x72, 0x41, 0x00, 0x00, 0x00, 0x72, 0x16, 0x00, 0x00, 0x00, 0x63, 0x00,
    0x00, 0x00, 0x00, 0x00, 0x00, 0x00, 0x00, 0x00, 0x00, 0x00, 0x00, 0x02, 0x00, 0x00, 0x00, 0x00,
    0x00, 0x00, 0x00, 0xf3, 0x2c, 0x00, 0x00, 0x00, 0x95, 0x00, 0x5c, 0x00, 0x72, 0x01, 0x53, 0x00,
    0x72, 0x02, 0x53, 0x01, 0x72, 0x03, 0x53, 0x02, 0x72, 0x04, 0x53, 0x07, 0x53, 0x03, 0x1a, 0x00,
    0x6a, 0x01, 0x72, 0x05, 0x53, 0x07, 0x53, 0x04, 0x1a, 0x00, 0x6a, 0x01, 0x72, 0x06, 0x53, 0x05,
    0x72, 0x07, 0x67, 0x06, 0x29, 0x08, 0x72, 0x17, 0x00, 0x00, 0x00, 0xe9, 0x75, 0x00, 0x00, 0x00,
    0x61, 0xb4, 0x03, 0x00, 0x00, 0x44, 0x65, 0x66, 0x69, 0x6e, 0x65, 0x73, 0x20, 0x74, 0x68, 0x65,
    0x20, 0x69, 0x6e, 0x74, 0x65, 0x72, 0x66, 0x61, 0x63, 0x65, 0x20, 0x66, 0x6f, 0x72, 0x20, 0x73,
    0x74, 0x61, 0x74, 0x65, 0x6c, 0x65, 0x73, 0x73, 0x20, 0x65, 0x6e, 0x63, 0x6f, 0x64, 0x65, 0x72,
    0x73, 0x2f, 0x64, 0x65, 0x63, 0x6f, 0x64, 0x65, 0x72, 0x73, 0x2e, 0x0a, 0x0a, 0x54, 0x68, 0x65,
    0x20, 0x2e, 0x65, 0x6e, 0x63, 0x6f, 0x64, 0x65, 0x28, 0x29, 0x2f, 0x2e, 0x64, 0x65, 0x63, 0x6f,
    0x64, 0x65, 0x28, 0x29, 0x20, 0x6d, 0x65, 0x74, 0x68, 0x6f, 0x64, 0x73, 0x20, 0x6d, 0x61, 0x79,
    0x20, 0x75, 0x73, 0x65, 0x20, 0x64, 0x69, 0x66, 0x66, 0x65, 0x72, 0x65, 0x6e, 0x74, 0x20, 0x65,
    0x72, 0x72, 0x6f, 0x72, 0x0a, 0x68, 0x61, 0x6e, 0x64, 0x6c, 0x69, 0x6e, 0x67, 0x20, 0x73, 0x63,
    0x68, 0x65, 0x6d, 0x65, 0x73, 0x20, 0x62, 0x79, 0x20, 0x70, 0x72, 0x6f, 0x76, 0x69, 0x64, 0x69,
    0x6e, 0x67, 0x20, 0x74, 0x68, 0x65, 0x20, 0x65, 0x72, 0x72, 0x6f, 0x72, 0x73, 0x20, 0x61, 0x72,
    0x67, 0x75, 0x6d, 0x65, 0x6e, 0x74, 0x2e, 0x20, 0x54, 0x68, 0x65, 0x73, 0x65, 0x0a, 0x73, 0x74,
    0x72, 0x69, 0x6e, 0x67, 0x20, 0x76, 0x61, 0x6c, 0x75, 0x65, 0x73, 0x20, 0x61, 0x72, 0x65, 0x20,
    0x70, 0x72, 0x65, 0x64, 0x65, 0x66, 0x69, 0x6e, 0x65, 0x64, 0x3a, 0x0a, 0x0a, 0x20, 0x27, 0x73,
    0x74, 0x72, 0x69, 0x63, 0x74, 0x27, 0x20, 0x2d, 0x20, 0x72, 0x61, 0x69, 0x73, 0x65, 0x20, 0x61,
    0x20, 0x56, 0x61, 0x6c, 0x75, 0x65, 0x45, 0x72, 0x72, 0x6f, 0x72, 0x20, 0x65, 0x72, 0x72, 0x6f,
    0x72, 0x20, 0x28, 0x6f, 0x72, 0x20, 0x61, 0x20, 0x73, 0x75, 0x62, 0x63, 0x6c, 0x61, 0x73, 0x73,
    0x29, 0x0a, 0x20, 0x27, 0x69, 0x67, 0x6e, 0x6f, 0x72, 0x65, 0x27, 0x20, 0x2d, 0x20, 0x69, 0x67,
    0x6e, 0x6f, 0x72, 0x65, 0x20, 0x74, 0x68, 0x65, 0x20, 0x63, 0x68, 0x61, 0x72, 0x61, 0x63, 0x74,
    0x65, 0x72, 0x20, 0x61, 0x6e, 0x64, 0x20, 0x63, 0x6f, 0x6e, 0x74, 0x69, 0x6e, 0x75, 0x65, 0x20,
    0x77, 0x69, 0x74, 0x68, 0x20, 0x74, 0x68, 0x65, 0x20, 0x6e, 0x65, 0x78, 0x74, 0x0a, 0x20, 0x27,
    0x72, 0x65, 0x70, 0x6c, 0x61, 0x63, 0x65, 0x27, 0x20, 0x2d, 0x20, 0x72, 0x65, 0x70, 0x6c, 0x61,
    0x63, 0x65, 0x20, 0x77, 0x69, 0x74, 0x68, 0x20, 0x61, 0x20, 0x73, 0x75, 0x69, 0x74, 0x61, 0x62,
    0x6c, 0x65, 0x20, 0x72, 0x65, 0x70, 0x6c, 0x61, 0x63, 0x65, 0x6d, 0x65, 0x6e, 0x74, 0x20, 0x63,
    0x68, 0x61, 0x72, 0x61, 0x63, 0x74, 0x65, 0x72, 0x3b, 0x0a, 0x20, 0x20, 0x20, 0x20, 0x20, 0x20,
    0x20, 0x20, 0x20, 0x20, 0x20, 0x20, 0x50, 0x79, 0x74, 0x68, 0x6f, 0x6e, 0x20, 0x77, 0x69, 0x6c,
    0x6c, 0x20, 0x75, 0x73, 0x65, 0x20, 0x74, 0x68, 0x65, 0x20, 0x6f, 0x66, 0x66, 0x69, 0x63, 0x69,
    0x61, 0x6c, 0x20, 0x55, 0x2b, 0x46, 0x46, 0x46, 0x44, 0x20, 0x52, 0x45, 0x50, 0x4c, 0x41, 0x43,
    0x45, 0x4d, 0x45, 0x4e, 0x54, 0x0a, 0x20, 0x20, 0x20, 0x20, 0x20, 0x20, 0x20, 0x20, 0x20, 0x20,
    0x20, 0x20, 0x43, 0x48, 0x41, 0x52, 0x41, 0x43, 0x54, 0x45, 0x52, 0x20, 0x66, 0x6f, 0x72, 0x20,
    0x74, 0x68, 0x65, 0x20, 0x62, 0x75, 0x69, 0x6c, 0x74, 0x69, 0x6e, 0x20, 0x55, 0x6e, 0x69, 0x63,
    0x6f, 0x64, 0x65, 0x20, 0x63, 0x6f, 0x64, 0x65, 0x63, 0x73, 0x20, 0x6f, 0x6e, 0x0a, 0x20, 0x20,
    0x20, 0x20, 0x20, 0x20, 0x20, 0x20, 0x20, 0x20, 0x20, 0x20, 0x64, 0x65, 0x63, 0x6f, 0x64, 0x69,
    0x6e, 0x67, 0x20, 0x61, 0x6e, 0x64, 0x20, 0x27, 0x3f, 0x27, 0x20, 0x6f, 0x6e, 0x20, 0x65, 0x6e,
    0x63, 0x6f, 0x64, 0x69, 0x6e, 0x67, 0x2e, 0x0a, 0x20, 0x27, 0x73, 0x75, 0x72, 0x72, 0x6f, 0x67,
    0x61, 0x74, 0x65, 0x65, 0x73, 0x63, 0x61, 0x70, 0x65, 0x27, 0x20, 0x2d, 0x20, 0x72, 0x65, 0x70,
    0x6c, 0x61, 0x63, 0x65, 0x20, 0x77, 0x69, 0x74, 0x68, 0x20, 0x70, 0x72, 0x69, 0x76, 0x61, 0x74,
    0x65, 0x20, 0x63, 0x6f, 0x64, 0x65, 0x20, 0x70, 0x6f, 0x69, 0x6e, 0x74, 0x73, 0x20, 0x55, 0x2b,
    0x44, 0x43, 0x6e, 0x6e, 0x2e, 0x0a, 0x20, 0x27, 0x78, 0x6d, 0x6c, 0x63, 0x68, 0x61, 0x72, 0x72,
    0x65, 0x66, 0x72, 0x65, 0x70, 0x6c, 0x61, 0x63, 0x65, 0x27, 0x20, 0x2d, 0x20, 0x52, 0x65, 0x70,
    0x6c, 0x61, 0x63, 0x65, 0x20, 0x77, 0x69, 0x74, 0x68, 0x20, 0x74, 0x68, 0x65, 0x20, 0x61, 0x70,
    0x70, 0x72, 0x6f, 0x70, 0x72, 0x69, 0x61, 0x74, 0x65, 0x20, 0x58, 0x4d, 0x4c, 0x0a, 0x20, 0x20,
    0x20, 0x20, 0x20, 0x20, 0x20, 0x20, 0x20, 0x20, 0x20, 0x20, 0x20, 0x20, 0x20, 0x20, 0x20, 0x20,
    0x20, 0x20, 0x20, 0x20, 0x20, 0x63, 0x68, 0x61, 0x72, 0x61, 0x63, 0x74, 0x65, 0x72, 0x20, 0x72,
    0x65, 0x66, 0x65, 0x72, 0x65, 0x6e, 0x63, 0x65, 0x20, 0x28, 0x6f, 0x6e, 0x6c, 0x79, 0x20, 0x66,
    0x6f, 0x72, 0x20, 0x65, 0x6e, 0x63, 0x6f, 0x64, 0x69, 0x6e, 0x67, 0x29, 0x2e, 0x0a, 0x20, 0x27,
    0x62, 0x61, 0x63, 0x6b, 0x73, 0x6c, 0x61, 0x73, 0x68, 0x72, 0x65, 0x70, 0x6c, 0x61, 0x63, 0x65,
    0x27, 0x20, 0x20, 0x2d, 0x20, 0x52, 0x65, 0x70, 0x6c, 0x61, 0x63, 0x65, 0x20, 0x77, 0x69, 0x74,
    0x68, 0x20, 0x62, 0x61, 0x63, 0x6b, 0x73, 0x6c, 0x61, 0x73, 0x68, 0x65, 0x64, 0x20, 0x65, 0x73,
    0x63, 0x61, 0x70, 0x65, 0x20, 0x73, 0x65, 0x71, 0x75, 0x65, 0x6e, 0x63, 0x65, 0x73, 0x2e, 0x0a,
    0x20, 0x27, 0x6e, 0x61, 0x6d, 0x65, 0x72, 0x65, 0x70, 0x6c, 0x61, 0x63, 0x65, 0x27, 0x20, 0x20,
    0x20, 0x20, 0x20, 0x20, 0x20, 0x2d, 0x20, 0x52, 0x65, 0x70, 0x6c, 0x61, 0x63, 0x65, 0x20, 0x77,
    0x69, 0x74, 0x68, 0x20, 0x5c, 0x4e, 0x7b, 0x2e, 0x2e, 0x2e, 0x7d, 0x20, 0x65, 0x73, 0x63, 0x61,
    0x70, 0x65, 0x20, 0x73, 0x65, 0x71, 0x75, 0x65, 0x6e, 0x63, 0x65, 0x73, 0x0a, 0x20, 0x20, 0x20,
    0x20, 0x20, 0x20, 0x20, 0x20, 0x20, 0x20, 0x20, 0x20, 0x20, 0x20, 0x20, 0x20, 0x20, 0x20, 0x20,
    0x20, 0x20, 0x20, 0x20, 0x28, 0x6f, 0x6e, 0x6c, 0x79, 0x20, 0x66, 0x6f, 0x72, 0x20, 0x65, 0x6e,
    0x63, 0x6f, 0x64, 0x69, 0x6e, 0x67, 0x29, 0x2e, 0x0a, 0x0a, 0x54, 0x68, 0x65, 0x20, 0x73, 0x65,
    0x74, 0x20, 0x6f, 0x66, 0x20, 0x61, 0x6c, 0x6c, 0x6f, 0x77, 0x65, 0x64, 0x20, 0x76, 0x61, 0x6c,
    0x75, 0x65, 0x73, 0x20, 0x63, 0x61, 0x6e, 0x20, 0x62, 0x65, 0x20, 0x65, 0x78, 0x74, 0x65, 0x6e,
    0x64, 0x65, 0x64, 0x20, 0x76, 0x69, 0x61, 0x20, 0x72, 0x65, 0x67, 0x69, 0x73, 0x74, 0x65, 0x72,
    0x5f, 0x65, 0x72, 0x72, 0x6f, 0x72, 0x2e, 0x0a, 0x0a, 0x63, 0x03, 0x00, 0x00, 0x00, 0x00, 0x00,
    0x00, 0x00, 0x00, 0x00, 0x00, 0x00, 0x01, 0x00, 0x00, 0x00, 0x03, 0x00, 0x00, 0x00, 0xf3, 0x0e,
    0x00, 0x00, 0x00, 0x95, 0x00, 0x5b, 0x00, 0x00, 0x00, 0x00, 0x00, 0x00, 0x00, 0x00, 0x00, 0x65,
    0x01, 0x29, 0x01, 0x61, 0xae, 0x01, 0x00, 0x00, 0x45, 0x6e, 0x63, 0x6f, 0x64, 0x65, 0x73, 0x20,
    0x74, 0x68, 0x65, 0x20, 0x6f, 0x62, 0x6a, 0x65, 0x63, 0x74, 0x20, 0x69, 0x6e, 0x70, 0x75, 0x74,
    0x20, 0x61, 0x6e, 0x64, 0x20, 0x72, 0x65, 0x74, 0x75, 0x72, 0x6e, 0x73, 0x20, 0x61, 0x20, 0x74,
    0x75, 0x70, 0x6c, 0x65, 0x20, 0x28, 0x6f, 0x75, 0x74, 0x70, 0x75, 0x74, 0x0a, 0x6f, 0x62, 0x6a,
    0x65, 0x63, 0x74, 0x2c, 0x20, 0x6c, 0x65, 0x6e, 0x67, 0x74, 0x68, 0x20, 0x63, 0x6f, 0x6e, 0x73,
    0x75, 0x6d, 0x65, 0x64, 0x29, 0x2e, 0x0a, 0x0a, 0x65, 0x72, 0x72, 0x6f, 0x72, 0x73, 0x20, 0x64,
    0x65, 0x66, 0x69, 0x6e, 0x65, 0x73, 0x20, 0x74, 0x68, 0x65, 0x20, 0x65, 0x72, 0x72, 0x6f, 0x72,
    0x20, 0x68, 0x61, 0x6e, 0x64, 0x6c, 0x69, 0x6e, 0x67, 0x20, 0x74, 0x6f, 0x20, 0x61, 0x70, 0x70,
    0x6c, 0x79, 0x2e, 0x20, 0x49, 0x74, 0x20, 0x64, 0x65, 0x66, 0x61, 0x75, 0x6c, 0x74, 0x73, 0x20,
    0x74, 0x6f, 0x0a, 0x27, 0x73, 0x74, 0x72, 0x69, 0x63, 0x74, 0x27, 0x20, 0x68, 0x61, 0x6e, 0x64,
    0x6c, 0x69, 0x6e, 0x67, 0x2e, 0x0a, 0x0a, 0x54, 0x68, 0x65, 0x20, 0x6d, 0x65, 0x74, 0x68, 0x6f,
    0x64, 0x20, 0x6d, 0x61, 0x79, 0x20, 0x6e, 0x6f, 0x74, 0x20, 0x73, 0x74, 0x6f, 0x72, 0x65, 0x20,
    0x73, 0x74, 0x61, 0x74, 0x65, 0x20, 0x69, 0x6e, 0x20, 0x74, 0x68, 0x65, 0x20, 0x43, 0x6f, 0x64,
    0x65, 0x63, 0x20, 0x69, 0x6e, 0x73, 0x74, 0x61, 0x6e, 0x63, 0x65, 0x2e, 0x20, 0x55, 0x73, 0x65,
    0x0a, 0x53, 0x74, 0x72, 0x65, 0x61, 0x6d, 0x57, 0x72, 0x69, 0x74, 0x65, 0x72, 0x20, 0x66, 0x6f,
    0x72, 0x20, 0x63, 0x6f, 0x64, 0x65, 0x63, 0x73, 0x20, 0x77, 0x68, 0x69, 0x63, 0x68, 0x20, 0x68,
    0x61, 0x76, 0x65, 0x20, 0x74, 0x6f, 0x20, 0x6b, 0x65, 0x65, 0x70, 0x20, 0x73, 0x74, 0x61, 0x74,
    0x65, 0x20, 0x69, 0x6e, 0x20, 0x6f, 0x72, 0x64, 0x65, 0x72, 0x20, 0x74, 0x6f, 0x0a, 0x6d, 0x61,
    0x6b, 0x65, 0x20, 0x65, 0x6e, 0x63, 0x6f, 0x64, 0x69, 0x6e, 0x67, 0x20, 0x65, 0x66, 0x66, 0x69,
    0x63, 0x69, 0x65, 0x6e, 0x74, 0x2e, 0x0a, 0x0a, 0x54, 0x68, 0x65, 0x20, 0x65, 0x6e, 0x63, 0x6f,
    0x64, 0x65, 0x72, 0x20, 0x6d, 0x75, 0x73, 0x74, 0x20, 0x62, 0x65, 0x20, 0x61, 0x62, 0x6c, 0x65,
    0x20, 0x74, 0x6f, 0x20, 0x68, 0x61, 0x6e, 0x64, 0x6c, 0x65, 0x20, 0x7a, 0x65, 0x72, 0x6f, 0x20,
    0x6c, 0x65, 0x6e, 0x67, 0x74, 0x68, 0x20, 0x69, 0x6e, 0x70, 0x75, 0x74, 0x20, 0x61, 0x6e, 0x64,
    0x0a, 0x72, 0x65, 0x74, 0x75, 0x72, 0x6e, 0x20, 0x61, 0x6e, 0x20, 0x65, 0x6d, 0x70, 0x74, 0x79,
    0x20, 0x6f, 0x62, 0x6a, 0x65, 0x63, 0x74, 0x20, 0x6f, 0x66, 0x20, 0x74, 0x68, 0x65, 0x20, 0x6f,
    0x75, 0x74, 0x70, 0x75, 0x74, 0x20, 0x6f, 0x62, 0x6a, 0x65, 0x63, 0x74, 0x20, 0x74, 0x79, 0x70,
    0x65, 0x20, 0x69, 0x6e, 0x20, 0x74, 0x68, 0x69, 0x73, 0x0a, 0x73, 0x69, 0x74, 0x75, 0x61, 0x74,
    0x69, 0x6f, 0x6e, 0x2e, 0x0a, 0x0a, 0xa9, 0x01, 0xda, 0x13, 0x4e, 0x6f, 0x74, 0x49, 0x6d, 0x70,
    0x6c, 0x65, 0x6d, 0x65, 0x6e, 0x74, 0x65, 0x64, 0x45, 0x72, 0x72, 0x6f, 0x72, 0xa9, 0x03, 0x72,
    0x3e, 0x00, 0x00, 0x00, 0xda, 0x05, 0x69, 0x6e, 0x70, 0x75, 0x74, 0xda, 0x06, 0x65, 0x72, 0x72,
    0x6f, 0x72, 0x73, 0x73, 0x03, 0x00, 0x00, 0x00, 0x20, 0x20, 0x20, 0x72, 0x3f, 0x00, 0x00, 0x00,
    0x72, 0x24, 0x00, 0x00, 0x00, 0xda, 0x0c, 0x43, 0x6f, 0x64, 0x65, 0x63, 0x2e, 0x65, 0x6e, 0x63,
    0x6f, 0x64, 0x65, 0x8d, 0x00, 0x00, 0x00, 0x73, 0x0a, 0x00, 0x00, 0x00, 0x80, 0x00, 0xf4, 0x22,
    0x00, 0x0f, 0x22, 0xd0, 0x08, 0x21, 0x72, 0x41, 0x00, 0x00, 0x00, 0x63, 0x03, 0x00, 0x00, 0x00,
    0x00, 0x00, 0x00, 0x00, 0x00, 0x00, 0x00, 0x00, 0x01, 0x00, 0x00, 0x00, 0x03, 0x00, 0x00, 0x00,
    0xf3, 0x0e, 0x00, 0x00, 0x00, 0x95, 0x00, 0x5b, 0x00, 0x00, 0x00, 0x00, 0x00, 0x00, 0x00, 0x00,
    0x00, 0x65, 0x01, 0x29, 0x01, 0x61, 0x59, 0x02, 0x00, 0x00, 0x44, 0x65, 0x63, 0x6f, 0x64, 0x65,
    0x73, 0x20, 0x74, 0x68, 0x65, 0x20, 0x6f, 0x62, 0x6a, 0x65, 0x63, 0x74, 0x20, 0x69, 0x6e, 0x70,
    0x75, 0x74, 0x20, 0x61, 0x6e, 0x64, 0x20, 0x72, 0x65, 0x74, 0x75, 0x72, 0x6e, 0x73, 0x20, 0x61,
    0x20, 0x74, 0x75, 0x70, 0x6c, 0x65, 0x20, 0x28, 0x6f, 0x75, 0x74, 0x70, 0x75, 0x74, 0x0a, 0x6f,
    0x62, 0x6a, 0x65, 0x63, 0x74, 0x2c, 0x20, 0x6c, 0x65, 0x6e, 0x67, 0x74, 0x68, 0x20, 0x63, 0x6f,
    0x6e, 0x73, 0x75, 0x6d, 0x65, 0x64, 0x29, 0x2e, 0x0a, 0x0a, 0x69, 0x6e, 0x70, 0x75, 0x74, 0x20,
    0x6d, 0x75, 0x73, 0x74, 0x20, 0x62, 0x65, 0x20, 0x61, 0x6e, 0x20, 0x6f, 0x62, 0x6a, 0x65, 0x63,
    0x74, 0x20, 0x77, 0x68, 0x69, 0x63, 0x68, 0x20, 0x70, 0x72, 0x6f, 0x76, 0x69, 0x64, 0x65, 0x73,
    0x20, 0x74, 0x68, 0x65, 0x20, 0x62, 0x66, 0x5f, 0x67, 0x65, 0x74, 0x72, 0x65, 0x61, 0x64, 0x62,
    0x75, 0x66, 0x0a, 0x62, 0x75, 0x66, 0x66, 0x65, 0x72, 0x20, 0x73, 0x6c, 0x6f, 0x74, 0x2e, 0x20,
    0x50, 0x79, 0x74, 0x68, 0x6f, 0x6e, 0x20, 0x73, 0x74, 0x72, 0x69, 0x6e, 0x67, 0x73, 0x2c, 0x20,
    0x62, 0x75, 0x66, 0x66, 0x65, 0x72, 0x20, 0x6f, 0x62, 0x6a, 0x65, 0x63, 0x74, 0x73, 0x20, 0x61,
    0x6e, 0x64, 0x20, 0x6d, 0x65, 0x6d, 0x6f, 0x72, 0x79, 0x0a, 0x6d, 0x61, 0x70, 0x70, 0x65, 0x64,
    0x20, 0x66, 0x69, 0x6c, 0x65, 0x73, 0x20, 0x61, 0x72, 0x65, 0x20, 0x65, 0x78, 0x61, 0x6d, 0x70,
    0x6c, 0x65, 0x73, 0x20, 0x6f, 0x66, 0x20, 0x6f, 0x62, 0x6a, 0x65, 0x63, 0x74, 0x73, 0x20, 0x70,
    0x72, 0x6f, 0x76, 0x69, 0x64, 0x69, 0x6e, 0x67, 0x20, 0x74, 0x68, 0x69, 0x73, 0x20, 0x73, 0x6c,
    0x6f, 0x74, 0x2e, 0x0a, 0x0a, 0x65, 0x72, 0x72, 0x6f, 0x72, 0x73, 0x20, 0x64, 0x65, 0x66, 0x69,
    0x6e, 0x65, 0x73, 0x20, 0x74, 0x68, 0x65, 0x20, 0x65, 0x72, 0x72, 0x6f, 0x72, 0x20, 0x68, 0x61,
    0x6e, 0x64, 0x6c, 0x69, 0x6e, 0x67, 0x20, 0x74, 0x6f, 0x20, 0x61, 0x70, 0x70, 0x6c, 0x79, 0x2e,
    0x20, 0x49, 0x74, 0x20, 0x64, 0x65, 0x66, 0x61, 0x75, 0x6c, 0x74, 0x73, 0x20, 0x74, 0x6f, 0x0a,
    0x27, 0x73, 0x74, 0x72, 0x69, 0x63, 0x74, 0x27, 0x20, 0x68, 0x61, 0x6e, 0x64, 0x6c, 0x69, 0x6e,
    0x67, 0x2e, 0x0a, 0x0a, 0x54, 0x68, 0x65, 0x20, 0x6d, 0x65, 0x74, 0x68, 0x6f, 0x64, 0x20, 0x6d,
    0x61, 0x79, 0x20, 0x6e, 0x6f, 0x74, 0x20, 0x73, 0x74, 0x6f, 0x72, 0x65, 0x20, 0x73, 0x74, 0x61,
    0x74, 0x65, 0x20, 0x69, 0x6e, 0x20, 0x74, 0x68, 0x65, 0x20, 0x43, 0x6f, 0x64, 0x65, 0x63, 0x20,
    0x69, 0x6e, 0x73, 0x74, 0x61, 0x6e, 0x63, 0x65, 0x2e, 0x20, 0x55, 0x73, 0x65, 0x0a, 0x53, 0x74,
    0x72, 0x65, 0x61, 0x6d, 0x52, 0x65, 0x61, 0x64, 0x65, 0x72, 0x20, 0x66, 0x6f, 0x72, 0x20, 0x63,
    0x6f, 0x64, 0x65, 0x63, 0x73, 0x20, 0x77, 0x68, 0x69, 0x63, 0x68, 0x20, 0x68, 0x61, 0x76, 0x65,
    0x20, 0x74, 0x6f, 0x20, 0x6b, 0x65, 0x65, 0x70, 0x20, 0x73, 0x74, 0x61, 0x74, 0x65, 0x20, 0x69,
    0x6e, 0x20, 0x6f, 0x72, 0x64, 0x65, 0x72, 0x20, 0x74, 0x6f, 0x0a, 0x6d, 0x61, 0x6b, 0x65, 0x20,
    0x64, 0x65, 0x63, 0x6f, 0x64, 0x69, 0x6e, 0x67, 0x20, 0x65, 0x66, 0x66, 0x69, 0x63, 0x69, 0x65,
    0x6e, 0x74, 0x2e, 0x0a, 0x0a, 0x54, 0x68, 0x65, 0x20, 0x64, 0x65, 0x63, 0x6f, 0x64, 0x65, 0x72,
    0x20, 0x6d, 0x75, 0x73, 0x74, 0x20, 0x62, 0x65, 0x20, 0x61, 0x62, 0x6c, 0x65, 0x20, 0x74, 0x6f,
    0x20, 0x68, 0x61, 0x6e, 0x64, 0x6c, 0x65, 0x20, 0x7a, 0x65, 0x72, 0x6f, 0x20, 0x6c, 0x65, 0x6e,
    0x67, 0x74, 0x68, 0x20, 0x69, 0x6e, 0x70, 0x75, 0x74, 0x20, 0x61, 0x6e, 0x64, 0x0a, 0x72, 0x65,
    0x74, 0x75, 0x72, 0x6e, 0x20, 0x61, 0x6e, 0x20, 0x65, 0x6d, 0x70, 0x74, 0x79, 0x20, 0x6f, 0x62,
    0x6a, 0x65, 0x63, 0x74, 0x20, 0x6f, 0x66, 0x20, 0x74, 0x68, 0x65, 0x20, 0x6f, 0x75, 0x74, 0x70,
    0x75, 0x74, 0x20, 0x6f, 0x62, 0x6a, 0x65, 0x63, 0x74, 0x20, 0x74, 0x79, 0x70, 0x65, 0x20, 0x69,
    0x6e, 0x20, 0x74, 0x68, 0x69, 0x73, 0x0a, 0x73, 0x69, 0x74, 0x75, 0x61, 0x74, 0x69, 0x6f, 0x6e,
    0x2e, 0x0a, 0x0a, 0x72, 0x55, 0x00, 0x00, 0x00, 0x72, 0x57, 0x00, 0x00, 0x00, 0x73, 0x03, 0x00,
    0x00, 0x00, 0x20, 0x20, 0x20, 0x72, 0x3f, 0x00, 0x00, 0x00, 0x72, 0x25, 0x00, 0x00, 0x00, 0xda,
    0x0c, 0x43, 0x6f, 0x64, 0x65, 0x63, 0x2e, 0x64, 0x65, 0x63, 0x6f, 0x64, 0x65, 0xa0, 0x00, 0x00,
    0x00, 0x73, 0x0a, 0x00, 0x00, 0x00, 0x80, 0x00, 0xf4, 0x2a, 0x00, 0x0f, 0x22, 0xd0, 0x08, 0x21,
    0x72, 0x41, 0x00, 0x00, 0x00, 0x72, 0x51, 0x00, 0x00, 0x00, 0x4e, 0xa9, 0x01, 0xda, 0x06, 0x73,
    0x74, 0x72, 0x69, 0x63, 0x74, 0x29, 0x08, 0x72, 0x4d, 0x00, 0x00, 0x00, 0x72, 0x44, 0x00, 0x00,
    0x00, 0x72, 0x45, 0x00, 0x00, 0x00, 0x72, 0x4e, 0x00, 0x00, 0x00, 0x72, 0x4f, 0x00, 0x00, 0x00,
    0x72, 0x24, 0x00, 0x00, 0x00, 0x72, 0x25, 0x00, 0x00, 0x00, 0x72, 0x50, 0x00, 0x00, 0x00, 0x72,
    0x51, 0x00, 0x00, 0x00, 0x72, 0x41, 0x00, 0x00, 0x00, 0x72, 0x3f, 0x00, 0x00, 0x00, 0x72, 0x17,
    0x00, 0x00, 0x00, 0x72, 0x17, 0x00, 0x00, 0x00, 0x75, 0x00, 0x00, 0x00, 0x73, 0x11, 0x00, 0x00,
    0x00, 0x86, 0x00, 0xf1, 0x04, 0x15, 0x05, 0x08, 0xf4, 0x2c, 0x11, 0x05, 0x22, 0xf7, 0x26, 0x15,
    0x05, 0x22, 0x72, 0x41, 0x00, 0x00, 0x00, 0x72, 0x17, 0x00, 0x00, 0x00, 0x63, 0x00, 0x00, 0x00,
    0x00, 0x00, 0x00, 0x00, 0x00, 0x00, 0x00, 0x00, 0x00, 0x02, 0x00, 0x00, 0x00, 0x00, 0x00, 0x00,
    0x00, 0xf3, 0x3e, 0x00, 0x00, 0x00, 0x95, 0x00, 0x5c, 0x00, 0x72, 0x01, 0x53, 0x00, 0x72, 0x02,
    0x53, 0x01, 0x72, 0x03, 0x53, 0x02, 0x72, 0x04, 0x53, 0x0a, 0x53, 0x03, 0x1a, 0x00, 0x6a, 0x01,
    0x72, 0x05, 0x53, 0x0b, 0x53, 0x04, 0x1a, 0x00, 0x6a, 0x01, 0x72, 0x06, 0x53, 0x05, 0x1a, 0x00,
    0x72, 0x07, 0x53, 0x06, 0x1a, 0x00, 0x72, 0x08, 0x53, 0x07, 0x1a, 0x00, 0x72, 0x09, 0x53, 0x08,
    0x72, 0x0a, 0x67, 0x09, 0x29, 0x0c, 0x72, 0x18, 0x00, 0x00, 0x00, 0xe9, 0xb7, 0x00, 0x00, 0x00,
    0x7a, 0xd8, 0x0a, 0x41, 0x6e, 0x20, 0x49, 0x6e, 0x63, 0x72, 0x65, 0x6d, 0x65, 0x6e, 0x74, 0x61,
    0x6c, 0x45, 0x6e, 0x63, 0x6f, 0x64, 0x65, 0x72, 0x20, 0x65, 0x6e, 0x63, 0x6f, 0x64, 0x65, 0x73,
    0x20, 0x61, 0x6e, 0x20, 0x69, 0x6e, 0x70, 0x75, 0x74, 0x20, 0x69, 0x6e, 0x20, 0x6d, 0x75, 0x6c,
    0x74, 0x69, 0x70, 0x6c, 0x65, 0x20, 0x73, 0x74, 0x65, 0x70, 0x73, 0x2e, 0x20, 0x54, 0x68, 0x65,
    0x20, 0x69, 0x6e, 0x70, 0x75, 0x74, 0x20, 0x63, 0x61, 0x6e, 0x0a, 0x62, 0x65, 0x20, 0x70, 0x61,
    0x73, 0x73, 0x65, 0x64, 0x20, 0x70, 0x69, 0x65, 0x63, 0x65, 0x20, 0x62, 0x79, 0x20, 0x70, 0x69,
    0x65, 0x63, 0x65, 0x20, 0x74, 0x6f, 0x20, 0x74, 0x68, 0x65, 0x20, 0x65, 0x6e, 0x63, 0x6f, 0x64,
    0x65, 0x28, 0x29, 0x20, 0x6d, 0x65, 0x74, 0x68, 0x6f, 0x64, 0x2e, 0x20, 0x54, 0x68, 0x65, 0x20,
    0x49, 0x6e, 0x63, 0x72, 0x65, 0x6d, 0x65, 0x6e, 0x74, 0x61, 0x6c, 0x45, 0x6e, 0x63, 0x6f, 0x64,
    0x65, 0x72, 0x0a, 0x72, 0x65, 0x6d, 0x65, 0x6d, 0x62, 0x65, 0x72, 0x73, 0x20, 0x74, 0x68, 0x65,
    0x20, 0x73, 0x74, 0x61, 0x74, 0x65, 0x20, 0x6f, 0x66, 0x20, 0x74, 0x68, 0x65, 0x20, 0x65, 0x6e,
    0x63, 0x6f, 0x64, 0x69, 0x6e, 0x67, 0x20, 0x70, 0x72, 0x6f, 0x63, 0x65, 0x73, 0x73, 0x20, 0x62,
    0x65, 0x74, 0x77, 0x65, 0x65, 0x6e, 0x20, 0x63, 0x61, 0x6c, 0x6c, 0x73, 0x20, 0x74, 0x6f, 0x20,
    0x65, 0x6e, 0x63, 0x6f, 0x64, 0x65, 0x28, 0x29, 0x2e, 0x0a, 0x63, 0x02, 0x00, 0x00, 0x00, 0x00,
    0x00, 0x00, 0x00, 0x00, 0x00, 0x00, 0x00, 0x02, 0x00, 0x00, 0x00, 0x03, 0x00, 0x00, 0x00, 0xf3,
    0x1e, 0x00, 0x00, 0x00, 0x95, 0x00, 0x58, 0x10, 0x6c, 0x00, 0x00, 0x00, 0x00, 0x00, 0x00, 0x00,
    0x00, 0x00, 0x53, 0x01, 0x55, 0x00, 0x6c, 0x01, 0x00, 0x00, 0x00, 0x00, 0x00, 0x00, 0x00, 0x00,
    0x67, 0x02, 0x29, 0x03, 0x7a, 0xcc, 0x0a, 0x43, 0x72, 0x65, 0x61, 0x74, 0x65, 0x73, 0x20, 0x61,
    0x6e, 0x20, 0x49, 0x6e, 0x63, 0x72, 0x65, 0x6d, 0x65, 0x6e, 0x74, 0x61, 0x6c, 0x45, 0x6e, 0x63,
    0x6f, 0x64, 0x65, 0x72, 0x20, 0x69, 0x6e, 0x73, 0x74, 0x61, 0x6e, 0x63, 0x65, 0x2e, 0x0a, 0x0a,
    0x54, 0x68, 0x65, 0x20, 0x49, 0x6e, 0x63, 0x72, 0x65, 0x6d, 0x65, 0x6e, 0x74, 0x61, 0x6c, 0x45,
    0x6e, 0x63, 0x6f, 0x64, 0x65, 0x72, 0x20, 0x6d, 0x61, 0x79, 0x20, 0x75, 0x73, 0x65, 0x20, 0x64,
    0x69, 0x66, 0x66, 0x65, 0x72, 0x65, 0x6e, 0x74, 0x20, 0x65, 0x72, 0x72, 0x6f, 0x72, 0x20, 0x68,
    0x61, 0x6e, 0x64, 0x6c, 0x69, 0x6e, 0x67, 0x20, 0x73, 0x63, 0x68, 0x65, 0x6d, 0x65, 0x73, 0x20,
    0x62, 0x79, 0x0a, 0x70, 0x72, 0x6f, 0x76, 0x69, 0x64, 0x69, 0x6e, 0x67, 0x20, 0x74, 0x68, 0x65,
    0x20, 0x65, 0x72, 0x72, 0x6f, 0x72, 0x73, 0x20, 0x6b, 0x65, 0x79, 0x77, 0x6f, 0x72, 0x64, 0x20,
    0x61, 0x72, 0x67, 0x75, 0x6d, 0x65, 0x6e, 0x74, 0x2e, 0x20, 0x53, 0x65, 0x65, 0x20, 0x74, 0x68,
    0x65, 0x20, 0x6d, 0x6f, 0x64, 0x75, 0x6c, 0x65, 0x20, 0x64, 0x6f, 0x63, 0x73, 0x74, 0x72, 0x69,
    0x6e, 0x67, 0x0a, 0x66, 0x6f, 0x72, 0x20, 0x61, 0x20, 0x6c, 0x69, 0x73, 0x74, 0x20, 0x6f, 0x66,
    0x20, 0x70, 0x6f, 0x73, 0x73, 0x69, 0x62, 0x6c, 0x65, 0x20, 0x76, 0x61, 0x6c, 0x75, 0x65, 0x73,
    0x2e, 0x0a, 0xda, 0x00, 0x4e, 0x29, 0x02, 0x72, 0x59, 0x00, 0x00, 0x00, 0xda, 0x06, 0x62, 0x75,
    0x66, 0x66, 0x65, 0x72, 0xa9, 0x02, 0x72, 0x3e, 0x00, 0x00, 0x00, 0x72, 0x59, 0x00, 0x00, 0x00,
    0x73, 0x02, 0x00, 0x00, 0x00, 0x20, 0x20, 0x72, 0x3f, 0x00, 0x00, 0x00, 0xda, 0x08, 0x5f, 0x5f,
    0x69, 0x6e, 0x69, 0x74, 0x5f, 0x5f, 0xda, 0x1b, 0x49, 0x6e, 0x63, 0x72, 0x65, 0x6d, 0x65, 0x6e,
    0x74, 0x61, 0x6c, 0x45, 0x6e, 0x63, 0x6f, 0x64, 0x65, 0x72, 0x2e, 0x5f, 0x5f, 0x69, 0x6e, 0x69,
    0x74, 0x5f, 0x5f, 0xbd, 0x00, 0x00, 0x00, 0x73, 0x10, 0x00, 0x00, 0x00, 0x80, 0x00, 0xf0, 0x10,
    0x00, 0x17, 0x1d, 0x8c, 0x0b, 0xd8, 0x16, 0x18, 0x88, 0x04, 0x8d, 0x0b, 0x72, 0x41, 0x00, 0x00,
    0x00, 0x63, 0x03, 0x00, 0x00, 0x00, 0x00, 0x00, 0x00, 0x00, 0x00, 0x00, 0x00, 0x00, 0x01, 0x00,
    0x00, 0x00, 0x03, 0x00, 0x00, 0x00, 0xf3, 0x0e, 0x00, 0x00, 0x00, 0x95, 0x00, 0x5b, 0x00, 0x00,
    0x00, 0x00, 0x00, 0x00, 0x00, 0x00, 0x00, 0x65, 0x01, 0x29, 0x01, 0x7a, 0x31, 0x0a, 0x45, 0x6e,
    0x63, 0x6f, 0x64, 0x65, 0x73, 0x20, 0x69, 0x6e, 0x70, 0x75, 0x74, 0x20, 0x61, 0x6e, 0x64, 0x20,
    0x72, 0x65, 0x74, 0x75, 0x72, 0x6e, 0x73, 0x20, 0x74, 0x68, 0x65, 0x20, 0x72, 0x65, 0x73, 0x75,
    0x6c, 0x74, 0x69, 0x6e, 0x67, 0x20, 0x6f, 0x62, 0x6a, 0x65, 0x63, 0x74, 0x2e, 0x0a, 0x72, 0x55,
    0x00, 0x00, 0x00, 0xa9, 0x03, 0x72, 0x3e, 0x00, 0x00, 0x00, 0x72, 0x58, 0x00, 0x00, 0x00, 0xda,
    0x05, 0x66, 0x69, 0x6e, 0x61, 0x6c, 0x73, 0x03, 0x00, 0x00, 0x00, 0x20, 0x20, 0x20, 0x72, 0x3f,
    0x00, 0x00, 0x00, 0x72, 0x24, 0x00, 0x00, 0x00, 0xda, 0x19, 0x49, 0x6e, 0x63, 0x72, 0x65, 0x6d,
    0x65, 0x6e, 0x74, 0x61, 0x6c, 0x45, 0x6e, 0x63, 0x6f, 0x64, 0x65, 0x72, 0x2e, 0x65, 0x6e, 0x63,
    0x6f, 0x64, 0x65, 0xc8, 0x00, 0x00, 0x00, 0xf3, 0x0a, 0x00, 0x00, 0x00, 0x80, 0x00, 0xf4, 0x08,
    0x00, 0x0f, 0x22, 0xd0, 0x08, 0x21, 0x72, 0x41, 0x00, 0x00, 0x00, 0x63, 0x01, 0x00, 0x00, 0x00,
    0x00, 0x00, 0x00, 0x00, 0x00, 0x00, 0x00, 0x00, 0x01, 0x00, 0x00, 0x00, 0x03, 0x00, 0x00, 0x00,
    0xf3, 0x04, 0x00, 0x00, 0x00, 0x95, 0x00, 0x67, 0x01, 0x29, 0x02, 0x7a, 0x2a, 0x0a, 0x52, 0x65,
    0x73, 0x65, 0x74, 0x73, 0x20, 0x74, 0x68, 0x65, 0x20, 0x65, 0x6e, 0x63, 0x6f, 0x64, 0x65, 0x72,
    0x20, 0x74, 0x6f, 0x20, 0x74, 0x68, 0x65, 0x20, 0x69, 0x6e, 0x69, 0x74, 0x69, 0x61, 0x6c, 0x20,
    0x73, 0x74, 0x61, 0x74, 0x65, 0x2e, 0x0a, 0x4e, 0x72, 0x51, 0x00, 0x00, 0x00, 0x72, 0x47, 0x00,
    0x00, 0x00, 0x73, 0x01, 0x00, 0x00, 0x00, 0x20, 0x72, 0x3f, 0x00, 0x00, 0x00, 0xda, 0x05, 0x72,
    0x65, 0x73, 0x65, 0x74, 0xda, 0x18, 0x49, 0x6e, 0x63, 0x72, 0x65, 0x6d, 0x65, 0x6e, 0x74, 0x61,
    0x6c, 0x45, 0x6e, 0x63, 0x6f, 0x64, 0x65, 0x72, 0x2e, 0x72, 0x65, 0x73, 0x65, 0x74, 0xce, 0x00,
    0x00, 0x00, 0xf3, 0x02, 0x00, 0x00, 0x00, 0x81, 0x00, 0x72, 0x41, 0x00, 0x00, 0x00, 0x63, 0x01,
    0x00, 0x00, 0x00, 0x00, 0x00, 0x00, 0x00, 0x00, 0x00, 0x00, 0x00, 0x01, 0x00, 0x00, 0x00, 0x03,
    0x00, 0x00, 0x00, 0xf3, 0x04, 0x00, 0x00, 0x00, 0x95, 0x00, 0x67, 0x01, 0x29, 0x02, 0x7a, 0x2a,
    0x0a, 0x52, 0x65, 0x74, 0x75, 0x72, 0x6e, 0x20, 0x74, 0x68, 0x65, 0x20, 0x63, 0x75, 0x72, 0x72,
    0x65, 0x6e, 0x74, 0x20, 0x73, 0x74, 0x61, 0x74, 0x65, 0x20, 0x6f, 0x66, 0x20, 0x74, 0x68, 0x65,
    0x20, 0x65, 0x6e, 0x63, 0x6f, 0x64, 0x65, 0x72, 0x2e, 0x0a, 0x72, 0x02, 0x00, 0x00, 0x00, 0x72,
    0x51, 0x00, 0x00, 0x00, 0x72, 0x47, 0x00, 0x00, 0x00, 0x73, 0x01, 0x00, 0x00, 0x00, 0x20, 0x72,
    0x3f, 0x00, 0x00, 0x00, 0xda, 0x08, 0x67, 0x65, 0x74, 0x73, 0x74, 0x61, 0x74, 0x65, 0xda, 0x1b,
    0x49, 0x6e, 0x63, 0x72, 0x65, 0x6d, 0x65, 0x6e, 0x74, 0x61, 0x6c, 0x45, 0x6e, 0x63, 0x6f, 0x64,
    0x65, 0x72, 0x2e, 0x67, 0x65, 0x74, 0x73, 0x74, 0x61, 0x74, 0x65, 0xd3, 0x00, 0x00, 0x00, 0x73,
    0x07, 0x00, 0x00, 0x00, 0x80, 0x00, 0xf0, 0x08, 0x00, 0x10, 0x11, 0x72, 0x41, 0x00, 0x00, 0x00,
    0x63, 0x02, 0x00, 0x00, 0x00, 0x00, 0x00, 0x00, 0x00, 0x00, 0x00, 0x00, 0x00, 0x01, 0x00, 0x00,
    0x00, 0x03, 0x00, 0x00, 0x00, 0xf3, 0x04, 0x00, 0x00, 0x00, 0x95, 0x00, 0x67, 0x01, 0x29, 0x02,
    0x7a, 0x54, 0x0a, 0x53, 0x65, 0x74, 0x20, 0x74, 0x68, 0x65, 0x20, 0x63, 0x75, 0x72, 0x72, 0x65,
    0x6e, 0x74, 0x20, 0x73, 0x74, 0x61, 0x74, 0x65, 0x20, 0x6f, 0x66, 0x20, 0x74, 0x68, 0x65, 0x20,
    0x65, 0x6e, 0x63, 0x6f, 0x64, 0x65, 0x72, 0x2e, 0x20, 0x73, 0x74, 0x61, 0x74, 0x65, 0x20, 0x6d,
    0x75, 0x73, 0x74, 0x20, 0x68, 0x61, 0x76, 0x65, 0x20, 0x62, 0x65, 0x65, 0x6e, 0x0a, 0x72, 0x65,
    0x74, 0x75, 0x72, 0x6e, 0x65, 0x64, 0x20, 0x62, 0x79, 0x20, 0x67, 0x65, 0x74, 0x73, 0x74, 0x61,
    0x74, 0x65, 0x28, 0x29, 0x2e, 0x0a, 0x4e, 0x72, 0x51, 0x00, 0x00, 0x00, 0xa9, 0x02, 0x72, 0x3e,
    0x00, 0x00, 0x00, 0xda, 0x05, 0x73, 0x74, 0x61, 0x74, 0x65, 0x73, 0x02, 0x00, 0x00, 0x00, 0x20,
    0x20, 0x72, 0x3f, 0x00, 0x00, 0x00, 0xda, 0x08, 0x73, 0x65, 0x74, 0x73, 0x74, 0x61, 0x74, 0x65,
    0xda, 0x1b, 0x49, 0x6e, 0x63, 0x72, 0x65, 0x6d, 0x65, 0x6e, 0x74, 0x61, 0x6c, 0x45, 0x6e, 0x63,
    0x6f, 0x64, 0x65, 0x72, 0x2e, 0x73, 0x65, 0x74, 0x73, 0x74, 0x61, 0x74, 0x65, 0xd9, 0x00, 0x00,
    0x00, 0x72, 0x6f, 0x00, 0x00, 0x00, 0x72, 0x41, 0x00, 0x00, 0x00, 0x29, 0x02, 0x72, 0x63, 0x00,
    0x00, 0x00, 0x72, 0x59, 0x00, 0x00, 0x00, 0x4e, 0x72, 0x5d, 0x00, 0x00, 0x00, 0xa9, 0x01, 0x46,
    0x29, 0x0b, 0x72, 0x4d, 0x00, 0x00, 0x00, 0x72, 0x44, 0x00, 0x00, 0x00, 0x72, 0x45, 0x00, 0x00,
    0x00, 0x72, 0x4e, 0x00, 0x00, 0x00, 0x72, 0x4f, 0x00, 0x00, 0x00, 0x72, 0x65, 0x00, 0x00, 0x00,
    0x72, 0x24, 0x00, 0x00, 0x00, 0x72, 0x6d, 0x00, 0x00, 0x00, 0x72, 0x71, 0x00, 0x00, 0x00, 0x72,
    0x76, 0x00, 0x00, 0x00, 0x72, 0x50, 0x00, 0x00, 0x00, 0x72, 0x51, 0x00, 0x00, 0x00, 0x72, 0x41,
    0x00, 0x00, 0x00, 0x72, 0x3f, 0x00, 0x00, 0x00, 0x72, 0x18, 0x00, 0x00, 0x00, 0x72, 0x18, 0x00,
    0x00, 0x00, 0xb7, 0x00, 0x00, 0x00, 0x73, 0x20, 0x00, 0x00, 0x00, 0x86, 0x00, 0xf1, 0x02, 0x04,
    0x05, 0x08, 0xf4, 0x0a, 0x09, 0x05, 0x19, 0xf4, 0x16, 0x04, 0x05, 0x22, 0xf2, 0x0c, 0x03, 0x05,
    0x0c, 0xf2, 0x0a, 0x04, 0x05, 0x11, 0xf5, 0x0c, 0x04, 0x05, 0x0c, 0x72, 0x41, 0x00, 0x00, 0x00,
    0x72, 0x18, 0x00, 0x00, 0x00, 0x63, 0x00, 0x00, 0x00, 0x00, 0x00, 0x00, 0x00, 0x00, 0x00, 0x00,
    0x00, 0x00, 0x02, 0x00, 0x00, 0x00, 0x00, 0x00, 0x00, 0x00, 0xf3, 0x44, 0x00, 0x00, 0x00, 0x95,
    0x00, 0x5c, 0x00, 0x72, 0x01, 0x53, 0x00, 0x72, 0x02, 0x53, 0x01, 0x72, 0x03, 0x53, 0x02, 0x72,
    0x04, 0x53, 0x0b, 0x53, 0x03, 0x1a, 0x00, 0x6a, 0x01, 0x72, 0x05, 0x53, 0x04, 0x1a, 0x00, 0x72,
    0x06, 0x53, 0x0c, 0x53, 0x05, 0x1a, 0x00, 0x6a, 0x01, 0x72, 0x07, 0x53, 0x06, 0x1a, 0x00, 0x72,
    0x08, 0x53, 0x07, 0x1a, 0x00, 0x72, 0x09, 0x53, 0x08, 0x1a, 0x00, 0x72, 0x0a, 0x53, 0x09, 0x72,
    0x0b, 0x67, 0x0a, 0x29, 0x0d, 0xda, 0x1a, 0x42, 0x75, 0x66, 0x66, 0x65, 0x72, 0x65, 0x64, 0x49,
    0x6e, 0x63, 0x72, 0x65, 0x6d, 0x65, 0x6e, 0x74, 0x61, 0x6c, 0x45, 0x6e, 0x63, 0x6f, 0x64, 0x65,
    0x72, 0xe9, 0xdf, 0x00, 0x00, 0x00, 0x7a, 0xb0, 0x0a, 0x54, 0x68, 0x69, 0x73, 0x20, 0x73, 0x75,
    0x62, 0x63, 0x6c, 0x61, 0x73, 0x73, 0x20, 0x6f, 0x66, 0x20, 0x49, 0x6e, 0x63, 0x72, 0x65, 0x6d,
    0x65, 0x6e, 0x74, 0x61, 0x6c, 0x45, 0x6e, 0x63, 0x6f, 0x64, 0x65, 0x72, 0x20, 0x63, 0x61, 0x6e,
    0x20, 0x62, 0x65, 0x20, 0x75, 0x73, 0x65, 0x64, 0x20, 0x61, 0x73, 0x20, 0x74, 0x68, 0x65, 0x20,
    0x62, 0x61, 0x73, 0x65, 0x63, 0x6c, 0x61, 0x73, 0x73, 0x20, 0x66, 0x6f, 0x72, 0x20, 0x61, 0x6e,
    0x0a, 0x69, 0x6e, 0x63, 0x72, 0x65, 0x6d, 0x65, 0x6e, 0x74, 0x61, 0x6c, 0x20, 0x65, 0x6e, 0x63,
    0x6f, 0x64, 0x65, 0x72, 0x20, 0x69, 0x66, 0x20, 0x74, 0x68, 0x65, 0x20, 0x65, 0x6e, 0x63, 0x6f,
    0x64, 0x65, 0x72, 0x20, 0x6d, 0x75, 0x73, 0x74, 0x20, 0x6b, 0x65, 0x65, 0x70, 0x20, 0x73, 0x6f,
    0x6d, 0x65, 0x20, 0x6f, 0x66, 0x20, 0x74, 0x68, 0x65, 0x20, 0x6f, 0x75, 0x74, 0x70, 0x75, 0x74,
    0x20, 0x69, 0x6e, 0x20, 0x61, 0x0a, 0x62, 0x75, 0x66, 0x66, 0x65, 0x72, 0x20, 0x62, 0x65, 0x74,
    0x77, 0x65, 0x65, 0x6e, 0x20, 0x63, 0x61, 0x6c, 0x6c, 0x73, 0x20, 0x74, 0x6f, 0x20, 0x65, 0x6e,
    0x63, 0x6f, 0x64, 0x65, 0x28, 0x29, 0x2e, 0x0a, 0x63, 0x02, 0x00, 0x00, 0x00, 0x00, 0x00, 0x00,
    0x00, 0x00, 0x00, 0x00, 0x00, 0x04, 0x00, 0x00, 0x00, 0x03, 0x00, 0x00, 0x00, 0xf3, 0x3c, 0x00,
    0x00, 0x00, 0x95, 0x00, 0x5b, 0x00, 0x00, 0x00, 0x00, 0x00, 0x00, 0x00, 0x00, 0x00, 0x52, 0x03,
    0x00, 0x00, 0x00, 0x00, 0x00, 0x00, 0x00, 0x00, 0x00, 0x00, 0x00, 0x00, 0x00, 0x00, 0x00, 0x00,
    0x00, 0x00, 0x58, 0x01, 0x35, 0x02, 0x00, 0x00, 0x00, 0x00, 0x00, 0x00, 0x20, 0x00, 0x53, 0x01,
    0x55, 0x00, 0x6c, 0x02, 0x00, 0x00, 0x00, 0x00, 0x00, 0x00, 0x00, 0x00, 0x67, 0x00, 0xa9, 0x02,
    0x4e, 0x72, 0x62, 0x00, 0x00, 0x00, 0x29, 0x03, 0x72, 0x18, 0x00, 0x00, 0x00, 0x72, 0x65, 0x00,
    0x00, 0x00, 0x72, 0x63, 0x00, 0x00, 0x00, 0x72, 0x64, 0x00, 0x00, 0x00, 0x73, 0x02, 0x00, 0x00,
    0x00, 0x20, 0x20, 0x72, 0x3f, 0x00, 0x00, 0x00, 0x72, 0x65, 0x00, 0x00, 0x00, 0xda, 0x23, 0x42,
    0x75, 0x66, 0x66, 0x65, 0x72, 0x65, 0x64, 0x49, 0x6e, 0x63, 0x72, 0x65, 0x6d, 0x65, 0x6e, 0x74,
    0x61, 0x6c, 0x45, 0x6e, 0x63, 0x6f, 0x64, 0x65, 0x72, 0x2e, 0x5f, 0x5f, 0x69, 0x6e, 0x69, 0x74,
    0x5f, 0x5f, 0xe5, 0x00, 0x00, 0x00, 0x73, 0x17, 0x00, 0x00, 0x00, 0x80, 0x00, 0xdc, 0x08, 0x1a,
    0xd7, 0x08, 0x23, 0xd1, 0x08, 0x23, 0xa0, 0x44, 0xd4, 0x08, 0x31, 0xe0, 0x16, 0x18, 0x88, 0x04,
    0x8d, 0x0b, 0x72, 0x41, 0x00, 0x00, 0x00, 0x63, 0x04, 0x00, 0x00, 0x00, 0x00, 0x00, 0x00, 0x00,
    0x00, 0x00, 0x00, 0x00, 0x01, 0x00, 0x00, 0x00, 0x03, 0x00, 0x00, 0x00, 0xf3, 0x0e, 0x00, 0x00,
    0x00, 0x95, 0x00, 0x5b, 0x00, 0x00, 0x00, 0x00, 0x00, 0x00, 0x00, 0x00, 0x00, 0x65, 0x01, 0x72,
    0x35, 0x00, 0x00, 0x00, 0x72, 0x55, 0x00, 0x00, 0x00, 0xa9, 0x04, 0x72, 0x3e, 0x00, 0x00, 0x00,
    0x72, 0x58, 0x00, 0x00, 0x00, 0x72, 0x59, 0x00, 0x00, 0x00, 0x72, 0x69, 0x00, 0x00, 0x00, 0x73,
    0x04, 0x00, 0x00, 0x00, 0x20, 0x20, 0x20, 0x20, 0x72, 0x3f, 0x00, 0x00, 0x00, 0xda, 0x0e, 0x5f,
    0x62, 0x75, 0x66, 0x66, 0x65, 0x72, 0x5f, 0x65, 0x6e, 0x63, 0x6f, 0x64, 0x65, 0xda, 0x29, 0x42,
    0x75, 0x66, 0x66, 0x65, 0x72, 0x65, 0x64, 0x49, 0x6e, 0x63, 0x72, 0x65, 0x6d, 0x65, 0x6e, 0x74,
    0x61, 0x6c, 0x45, 0x6e, 0x63, 0x6f, 0x64, 0x65, 0x72, 0x2e, 0x5f, 0x62, 0x75, 0x66, 0x66, 0x65,
    0x72, 0x5f, 0x65, 0x6e, 0x63, 0x6f, 0x64, 0x65, 0xea, 0x00, 0x00, 0x00, 0xf3, 0x0a, 0x00, 0x00,
    0x00, 0x80, 0x00, 0xf4, 0x06, 0x00, 0x0f, 0x22, 0xd0, 0x08, 0x21, 0x72, 0x41, 0x00, 0x00, 0x00,
    0x63, 0x03, 0x00, 0x00, 0x00, 0x00, 0x00, 0x00, 0x00, 0x00, 0x00, 0x00, 0x00, 0x05, 0x00, 0x00,
    0x00, 0x03, 0x00, 0x00, 0x00, 0xf3, 0x72, 0x00, 0x00, 0x00, 0x95, 0x00, 0x55, 0x00, 0x52, 0x00,
    0x00, 0x00, 0x00, 0x00, 0x00, 0x00, 0x00, 0x00, 0x00, 0x00, 0x00, 0x00, 0x00, 0x00, 0x00, 0x00,
    0x00, 0x00, 0x55, 0x01, 0x2d, 0x00, 0x00, 0x00, 0x6e, 0x03, 0x55, 0x00, 0x52, 0x03, 0x00, 0x00,
    0x00, 0x00, 0x00, 0x00, 0x00, 0x00, 0x00, 0x00, 0x00, 0x00, 0x00, 0x00, 0x00, 0x00, 0x00, 0x00,
    0x58, 0x30, 0x52, 0x04, 0x00, 0x00, 0x00, 0x00, 0x00, 0x00, 0x00, 0x00, 0x00, 0x00, 0x00, 0x00,
    0x00, 0x00, 0x00, 0x00, 0x00, 0x00, 0x55, 0x02, 0x35, 0x03, 0x00, 0x00, 0x00, 0x00, 0x00, 0x00,
    0x75, 0x02, 0x00, 0x00, 0x70, 0x45, 0x58, 0x35, 0x53, 0x00, 0x04, 0x00, 0x55, 0x00, 0x6c, 0x00,
    0x00, 0x00, 0x00, 0x00, 0x00, 0x00, 0x00, 0x00, 0x55, 0x04, 0x24, 0x00, 0x72, 0x35, 0x00, 0x00,
    0x00, 0x29, 0x03, 0x72, 0x63, 0x00, 0x00, 0x00, 0x72, 0x81, 0x00, 0x00, 0x00, 0x72, 0x59, 0x00,
    0x00, 0x00, 0xa9, 0x06, 0x72, 0x3e, 0x00, 0x00, 0x00, 0x72, 0x58, 0x00, 0x00, 0x00, 0x72, 0x69,
    0x00, 0x00, 0x00, 0xda, 0x04, 0x64, 0x61, 0x74, 0x61, 0xda, 0x06, 0x72, 0x65, 0x73, 0x75, 0x6c,
    0x74, 0xda, 0x08, 0x63, 0x6f, 0x6e, 0x73, 0x75, 0x6d, 0x65, 0x64, 0x73, 0x06, 0x00, 0x00, 0x00,
    0x20, 0x20, 0x20, 0x20, 0x20, 0x20, 0x72, 0x3f, 0x00, 0x00, 0x00, 0x72, 0x24, 0x00, 0x00, 0x00,
    0xda, 0x21, 0x42, 0x75, 0x66, 0x66, 0x65, 0x72, 0x65, 0x64, 0x49, 0x6e, 0x63, 0x72, 0x65, 0x6d,
    0x65, 0x6e, 0x74, 0x61, 0x6c, 0x45, 0x6e, 0x63, 0x6f, 0x64, 0x65, 0x72, 0x2e, 0x65, 0x6e, 0x63,
    0x6f, 0x64, 0x65, 0xef, 0x00, 0x00, 0x00, 0xf3, 0x39, 0x00, 0x00, 0x00, 0x80, 0x00, 0xe0, 0x0f,
    0x13, 0x8f, 0x7b, 0x89, 0x7b, 0x98, 0x55, 0xd1, 0x0f, 0x22, 0x88, 0x04, 0xd8, 0x1d, 0x21, 0xd7,
    0x1d, 0x30, 0xd1, 0x1d, 0x30, 0xb0, 0x14, 0xb7, 0x7b, 0xb1, 0x7b, 0xc0, 0x45, 0xd3, 0x1d, 0x4a,
    0xd1, 0x08, 0x1a, 0x88, 0x16, 0xe0, 0x16, 0x1a, 0x98, 0x39, 0x90, 0x6f, 0x88, 0x04, 0x8c, 0x0b,
    0xd8, 0x0f, 0x15, 0x88, 0x0d, 0x72, 0x41, 0x00, 0x00, 0x00, 0x63, 0x01, 0x00, 0x00, 0x00, 0x00,
    0x00, 0x00, 0x00, 0x00, 0x00, 0x00, 0x00, 0x03, 0x00, 0x00, 0x00, 0x03, 0x00, 0x00, 0x00, 0xf3,
    0x3c, 0x00, 0x00, 0x00, 0x95, 0x00, 0x5b, 0x00, 0x00, 0x00, 0x00, 0x00, 0x00, 0x00, 0x00, 0x00,
    0x52, 0x03, 0x00, 0x00, 0x00, 0x00, 0x00, 0x00, 0x00, 0x00, 0x00, 0x00, 0x00, 0x00, 0x00, 0x00,
    0x00, 0x00, 0x00, 0x00, 0x55, 0x00, 0x35, 0x01, 0x00, 0x00, 0x00, 0x00, 0x00, 0x00, 0x20, 0x00,
    0x53, 0x01, 0x55, 0x00, 0x6c, 0x02, 0x00, 0x00, 0x00, 0x00, 0x00, 0x00, 0x00, 0x00, 0x67, 0x00,
    0x72, 0x7d, 0x00, 0x00, 0x00, 0x29, 0x03, 0x72, 0x18, 0x00, 0x00, 0x00, 0x72, 0x6d, 0x00, 0x00,
    0x00, 0x72, 0x63, 0x00, 0x00, 0x00, 0x72, 0x47, 0x00, 0x00, 0x00, 0x73, 0x01, 0x00, 0x00, 0x00,
    0x20, 0x72, 0x3f, 0x00, 0x00, 0x00, 0x72, 0x6d, 0x00, 0x00, 0x00, 0xda, 0x20, 0x42, 0x75, 0x66,
    0x66, 0x65, 0x72, 0x65, 0x64, 0x49, 0x6e, 0x63, 0x72, 0x65, 0x6d, 0x65, 0x6e, 0x74, 0x61, 0x6c,
    0x45, 0x6e, 0x63, 0x6f, 0x64, 0x65, 0x72, 0x2e, 0x72, 0x65, 0x73, 0x65, 0x74, 0xf7, 0x00, 0x00,
    0x00, 0x73, 0x17, 0x00, 0x00, 0x00, 0x80, 0x00, 0xdc, 0x08, 0x1a, 0xd7, 0x08, 0x20, 0xd1, 0x08,
    0x20, 0xa0, 0x14, 0xd4, 0x08, 0x26, 0xd8, 0x16, 0x18, 0x88, 0x04, 0x8d, 0x0b, 0x72, 0x41, 0x00,
    0x00, 0x00, 0x63, 0x01, 0x00, 0x00, 0x00, 0x00, 0x00, 0x00, 0x00, 0x00, 0x00, 0x00, 0x00, 0x02,
    0x00, 0x00, 0x00, 0x03, 0x00, 0x00, 0x00, 0xf3, 0x2c, 0x00, 0x00, 0x00, 0x95, 0x00, 0x55, 0x00,
    0x52, 0x00, 0x00, 0x00, 0x00, 0x00, 0x00, 0x00, 0x00, 0x00, 0x00, 0x00, 0x00, 0x00, 0x00, 0x00,
    0x00, 0x00, 0x00, 0x00, 0x3d, 0x01, 0x28, 0x00, 0x00, 0x00, 0x00, 0x00, 0x00, 0x00, 0x64, 0x02,
    0x00, 0x00, 0x20, 0x00, 0x53, 0x01, 0x24, 0x00, 0xa9, 0x02, 0x4e, 0x72, 0x02, 0x00, 0x00, 0x00,
    0xa9, 0x01, 0x72, 0x63, 0x00, 0x00, 0x00, 0x72, 0x47, 0x00, 0x00, 0x00, 0x73, 0x01, 0x00, 0x00,
    0x00, 0x20, 0x72, 0x3f, 0x00, 0x00, 0x00, 0x72, 0x71, 0x00, 0x00, 0x00, 0xda, 0x23, 0x42, 0x75,
    0x66, 0x66, 0x65, 0x72, 0x65, 0x64, 0x49, 0x6e, 0x63, 0x72, 0x65, 0x6d, 0x65, 0x6e, 0x74, 0x61,
    0x6c, 0x45, 0x6e, 0x63, 0x6f, 0x64, 0x65, 0x72, 0x2e, 0x67, 0x65, 0x74, 0x73, 0x74, 0x61, 0x74,
    0x65, 0xfb, 0x00, 0x00, 0x00, 0x73, 0x11, 0x00, 0x00, 0x00, 0x80, 0x00, 0xd8, 0x0f, 0x13, 0x8f,
    0x7b, 0x89, 0x7b, 0xd7, 0x0f, 0x1f, 0x98, 0x61, 0xd0, 0x08, 0x1f, 0x72, 0x41, 0x00, 0x00, 0x00,
    0x63, 0x02, 0x00, 0x00, 0x00, 0x00, 0x00, 0x00, 0x00, 0x00, 0x00, 0x00, 0x00, 0x02, 0x00, 0x00,
    0x00, 0x03, 0x00, 0x00, 0x00, 0xf3, 0x24, 0x00, 0x00, 0x00, 0x95, 0x00, 0x55, 0x01, 0x3d, 0x01,
    0x28, 0x00, 0x00, 0x00, 0x00, 0x00, 0x00, 0x00, 0x64, 0x02, 0x00, 0x00, 0x20, 0x00, 0x53, 0x01,
    0x55, 0x00, 0x6c, 0x00, 0x00, 0x00, 0x00, 0x00, 0x00, 0x00, 0x00, 0x00, 0x67, 0x00, 0x72, 0x7d,
    0x00, 0x00, 0x00, 0x72, 0x8f, 0x00, 0x00, 0x00, 0x72, 0x74, 0x00, 0x00, 0x00, 0x73, 0x02, 0x00,
    0x00, 0x00, 0x20, 0x20, 0x72, 0x3f, 0x00, 0x00, 0x00, 0x72, 0x76, 0x00, 0x00, 0x00, 0xda, 0x23,
    0x42, 0x75, 0x66, 0x66, 0x65, 0x72, 0x65, 0x64, 0x49, 0x6e, 0x63, 0x72, 0x65, 0x6d, 0x65, 0x6e,
    0x74, 0x61, 0x6c, 0x45, 0x6e, 0x63, 0x6f, 0x64, 0x65, 0x72, 0x2e, 0x73, 0x65, 0x74, 0x73, 0x74,
    0x61, 0x74, 0x65, 0xfe, 0x00, 0x00, 0x00, 0x73, 0x0d, 0x00, 0x00, 0x00, 0x80, 0x00, 0xd8, 0x16,
    0x1b, 0x97, 0x6b, 0x98, 0x72, 0x88, 0x04, 0x8d, 0x0b, 0x72, 0x41, 0x00, 0x00, 0x00, 0x72, 0x8f,
    0x00, 0x00, 0x00, 0x4e, 0x72, 0x5d, 0x00, 0x00, 0x00, 0x72, 0x78, 0x00, 0x00, 0x00, 0x29, 0x0c,
    0x72, 0x4d, 0x00, 0x00, 0x00, 0x72, 0x44, 0x00, 0x00, 0x00, 0x72, 0x45, 0x00, 0x00, 0x00, 0x72,
    0x4e, 0x00, 0x00, 0x00, 0x72, 0x4f, 0x00, 0x00, 0x00, 0x72, 0x65, 0x00, 0x00, 0x00, 0x72, 0x81,
    0x00, 0x00, 0x00, 0x72, 0x24, 0x00, 0x00, 0x00, 0x72, 0x6d, 0x00, 0x00, 0x00, 0x72, 0x71, 0x00,
    0x00, 0x00, 0x72, 0x76, 0x00, 0x00, 0x00, 0x72, 0x50, 0x00, 0x00, 0x00, 0x72, 0x51, 0x00, 0x00,
    0x00, 0x72, 0x41, 0x00, 0x00, 0x00, 0x72, 0x3f, 0x00, 0x00, 0x00, 0x72, 0x7a, 0x00, 0x00, 0x00,
    0x72, 0x7a, 0x00, 0x00, 0x00, 0xdf, 0x00, 0x00, 0x00, 0x73, 0x25, 0x00, 0x00, 0x00, 0x86, 0x00,
    0xf1, 0x02, 0x04, 0x05, 0x08, 0xf4, 0x0a, 0x03, 0x05, 0x19, 0xf2, 0x0a, 0x03, 0x05, 0x22, 0xf4,
    0x0a, 0x06, 0x05, 0x16, 0xf2, 0x10, 0x02, 0x05, 0x19, 0xf2, 0x08, 0x01, 0x05, 0x20, 0xf5, 0x06,
    0x01, 0x05, 0x22, 0x72, 0x41, 0x00, 0x00, 0x00, 0x72, 0x7a, 0x00, 0x00, 0x00, 0x63, 0x00, 0x00,
    0x00, 0x00, 0x00, 0x00, 0x00, 0x00, 0x00, 0x00, 0x00, 0x00, 0x02, 0x00, 0x00, 0x00, 0x00, 0x00,
    0x00, 0x00, 0xf3, 0x3e, 0x00, 0x00, 0x00, 0x95, 0x00, 0x5c, 0x00, 0x72, 0x01, 0x53, 0x00, 0x72,
    0x02, 0x53, 0x01, 0x72, 0x03, 0x53, 0x02, 0x72, 0x04, 0x53, 0x0a, 0x53, 0x03, 0x1a, 0x00, 0x6a,
    0x01, 0x72, 0x05, 0x53, 0x0b, 0x53, 0x04, 0x1a, 0x00, 0x6a, 0x01, 0x72, 0x06, 0x53, 0x05, 0x1a,
    0x00, 0x72, 0x07, 0x53, 0x06, 0x1a, 0x00, 0x72, 0x08, 0x53, 0x07, 0x1a, 0x00, 0x72, 0x09, 0x53,
    0x08, 0x72, 0x0a, 0x67, 0x09, 0x29, 0x0c, 0x72, 0x19, 0x00, 0x00, 0x00, 0x69, 0x01, 0x01, 0x00,
    0x00, 0x7a, 0xd8, 0x0a, 0x41, 0x6e, 0x20, 0x49, 0x6e, 0x63, 0x72, 0x65, 0x6d, 0x65, 0x6e, 0x74,
    0x61, 0x6c, 0x44, 0x65, 0x63, 0x6f, 0x64, 0x65, 0x72, 0x20, 0x64, 0x65, 0x63, 0x6f, 0x64, 0x65,
    0x73, 0x20, 0x61, 0x6e, 0x20, 0x69, 0x6e, 0x70, 0x75, 0x74, 0x20, 0x69, 0x6e, 0x20, 0x6d, 0x75,
    0x6c, 0x74, 0x69, 0x70, 0x6c, 0x65, 0x20, 0x73, 0x74, 0x65, 0x70, 0x73, 0x2e, 0x20, 0x54, 0x68,
    0x65, 0x20, 0x69, 0x6e, 0x70, 0x75, 0x74, 0x20, 0x63, 0x61, 0x6e, 0x0a, 0x62, 0x65, 0x20, 0x70,
    0x61, 0x73, 0x73, 0x65, 0x64, 0x20, 0x70, 0x69, 0x65, 0x63, 0x65, 0x20, 0x62, 0x79, 0x20, 0x70,
    0x69, 0x65, 0x63, 0x65, 0x20, 0x74, 0x6f, 0x20, 0x74, 0x68, 0x65, 0x20, 0x64, 0x65, 0x63, 0x6f,
    0x64, 0x65, 0x28, 0x29, 0x20, 0x6d, 0x65, 0x74, 0x68, 0x6f, 0x64, 0x2e, 0x20, 0x54, 0x68, 0x65,
    0x20, 0x49, 0x6e, 0x63, 0x72, 0x65, 0x6d, 0x65, 0x6e, 0x74, 0x61, 0x6c, 0x44, 0x65, 0x63, 0x6f,
    0x64, 0x65, 0x72, 0x0a, 0x72, 0x65, 0x6d, 0x65, 0x6d, 0x62, 0x65, 0x72, 0x73, 0x20, 0x74, 0x68,
    0x65, 0x20, 0x73, 0x74, 0x61, 0x74, 0x65, 0x20, 0x6f, 0x66, 0x20, 0x74, 0x68, 0x65, 0x20, 0x64,
    0x65, 0x63, 0x6f, 0x64, 0x69, 0x6e, 0x67, 0x20, 0x70, 0x72, 0x6f, 0x63, 0x65, 0x73, 0x73, 0x20,
    0x62, 0x65, 0x74, 0x77, 0x65, 0x65, 0x6e, 0x20, 0x63, 0x61, 0x6c, 0x6c, 0x73, 0x20, 0x74, 0x6f,
    0x20, 0x64, 0x65, 0x63, 0x6f, 0x64, 0x65, 0x28, 0x29, 0x2e, 0x0a, 0x63, 0x02, 0x00, 0x00, 0x00,
    0x00, 0x00, 0x00, 0x00, 0x00, 0x00, 0x00, 0x00, 0x02, 0x00, 0x00, 0x00, 0x03, 0x00, 0x00, 0x00,
    0xf3, 0x10, 0x00, 0x00, 0x00, 0x95, 0x00, 0x58, 0x10, 0x6c, 0x00, 0x00, 0x00, 0x00, 0x00, 0x00,
    0x00, 0x00, 0x00, 0x67, 0x01, 0x29, 0x02, 0x7a, 0xcb, 0x0a, 0x43, 0x72, 0x65, 0x61, 0x74, 0x65,
    0x20, 0x61, 0x6e, 0x20, 0x49, 0x6e, 0x63, 0x72, 0x65, 0x6d, 0x65, 0x6e, 0x74, 0x61, 0x6c, 0x44,
    0x65, 0x63, 0x6f, 0x64, 0x65, 0x72, 0x20, 0x69, 0x6e, 0x73, 0x74, 0x61, 0x6e, 0x63, 0x65, 0x2e,
    0x0a, 0x0a, 0x54, 0x68, 0x65, 0x20, 0x49, 0x6e, 0x63, 0x72, 0x65, 0x6d, 0x65, 0x6e, 0x74, 0x61,
    0x6c, 0x44, 0x65, 0x63, 0x6f, 0x64, 0x65, 0x72, 0x20, 0x6d, 0x61, 0x79, 0x20, 0x75, 0x73, 0x65,
    0x20, 0x64, 0x69, 0x66, 0x66, 0x65, 0x72, 0x65, 0x6e, 0x74, 0x20, 0x65, 0x72, 0x72, 0x6f, 0x72,
    0x20, 0x68, 0x61, 0x6e, 0x64, 0x6c, 0x69, 0x6e, 0x67, 0x20, 0x73, 0x63, 0x68, 0x65, 0x6d, 0x65,
    0x73, 0x20, 0x62, 0x79, 0x0a, 0x70, 0x72, 0x6f, 0x76, 0x69, 0x64, 0x69, 0x6e, 0x67, 0x20, 0x74,
    0x68, 0x65, 0x20, 0x65, 0x72, 0x72, 0x6f, 0x72, 0x73, 0x20, 0x6b, 0x65, 0x79, 0x77, 0x6f, 0x72,
    0x64, 0x20, 0x61, 0x72, 0x67, 0x75, 0x6d, 0x65, 0x6e, 0x74, 0x2e, 0x20, 0x53, 0x65, 0x65, 0x20,
    0x74, 0x68, 0x65, 0x20, 0x6d, 0x6f, 0x64, 0x75, 0x6c, 0x65, 0x20, 0x64, 0x6f, 0x63, 0x73, 0x74,
    0x72, 0x69, 0x6e, 0x67, 0x0a, 0x66, 0x6f, 0x72, 0x20, 0x61, 0x20, 0x6c, 0x69, 0x73, 0x74, 0x20,
    0x6f, 0x66, 0x20, 0x70, 0x6f, 0x73, 0x73, 0x69, 0x62, 0x6c, 0x65, 0x20, 0x76, 0x61, 0x6c, 0x75,
    0x65, 0x73, 0x2e, 0x0a, 0x4e, 0xa9, 0x01, 0x72, 0x59, 0x00, 0x00, 0x00, 0x72, 0x64, 0x00, 0x00,
    0x00, 0x73, 0x02, 0x00, 0x00, 0x00, 0x20, 0x20, 0x72, 0x3f, 0x00, 0x00, 0x00, 0x72, 0x65, 0x00,
    0x00, 0x00, 0xda, 0x1b, 0x49, 0x6e, 0x63, 0x72, 0x65, 0x6d, 0x65, 0x6e, 0x74, 0x61, 0x6c, 0x44,
    0x65, 0x63, 0x6f, 0x64, 0x65, 0x72, 0x2e, 0x5f, 0x5f, 0x69, 0x6e, 0x69, 0x74, 0x5f, 0x5f, 0x07,
    0x01, 0x00, 0x00, 0x73, 0x09, 0x00, 0x00, 0x00, 0x80, 0x00, 0xf0, 0x10, 0x00, 0x17, 0x1d, 0x8d,
    0x0b, 0x72, 0x41, 0x00, 0x00, 0x00, 0x63, 0x03, 0x00, 0x00, 0x00, 0x00, 0x00, 0x00, 0x00, 0x00,
    0x00, 0x00, 0x00, 0x01, 0x00, 0x00, 0x00, 0x03, 0x00, 0x00, 0x00, 0xf3, 0x0e, 0x00, 0x00, 0x00,
    0x95, 0x00, 0x5b, 0x00, 0x00, 0x00, 0x00, 0x00, 0x00, 0x00, 0x00, 0x00, 0x65, 0x01, 0x29, 0x01,
    0x7a, 0x30, 0x0a, 0x44, 0x65, 0x63, 0x6f, 0x64, 0x65, 0x20, 0x69, 0x6e, 0x70, 0x75, 0x74, 0x20,
    0x61, 0x6e, 0x64, 0x20, 0x72, 0x65, 0x74, 0x75, 0x72, 0x6e, 0x73, 0x20, 0x74, 0x68, 0x65, 0x20,
    0x72, 0x65, 0x73, 0x75, 0x6c, 0x74, 0x69, 0x6e, 0x67, 0x20, 0x6f, 0x62, 0x6a, 0x65, 0x63, 0x74,
    0x2e, 0x0a, 0x72, 0x55, 0x00, 0x00, 0x00, 0x72, 0x68, 0x00, 0x00, 0x00, 0x73, 0x03, 0x00, 0x00,
    0x00, 0x20, 0x20, 0x20, 0x72, 0x3f, 0x00, 0x00, 0x00, 0x72, 0x25, 0x00, 0x00, 0x00, 0xda, 0x19,
    0x49, 0x6e, 0x63, 0x72, 0x65, 0x6d, 0x65, 0x6e, 0x74, 0x61, 0x6c, 0x44, 0x65, 0x63, 0x6f, 0x64,
    0x65, 0x72, 0x2e, 0x64, 0x65, 0x63, 0x6f, 0x64, 0x65, 0x11, 0x01, 0x00, 0x00, 0x72, 0x6b, 0x00,
    0x00, 0x00, 0x72, 0x41, 0x00, 0x00, 0x00, 0x63, 0x01, 0x00, 0x00, 0x00, 0x00, 0x00, 0x00, 0x00,
    0x00, 0x00, 0x00, 0x00, 0x01, 0x00, 0x00, 0x00, 0x03, 0x00, 0x00, 0x00, 0xf3, 0x04, 0x00, 0x00,
    0x00, 0x95, 0x00, 0x67, 0x01, 0x29, 0x02, 0x7a, 0x29, 0x0a, 0x52, 0x65, 0x73, 0x65, 0x74, 0x20,
    0x74, 0x68, 0x65, 0x20, 0x64, 0x65, 0x63, 0x6f, 0x64, 0x65, 0x72, 0x20, 0x74, 0x6f, 0x20, 0x74,
    0x68, 0x65, 0x20, 0x69, 0x6e, 0x69, 0x74, 0x69, 0x61, 0x6c, 0x20, 0x73, 0x74, 0x61, 0x74, 0x65,
    0x2e, 0x0a, 0x4e, 0x72, 0x51, 0x00, 0x00, 0x00, 0x72, 0x47, 0x00, 0x00, 0x00, 0x73, 0x01, 0x00,
    0x00, 0x00, 0x20, 0x72, 0x3f, 0x00, 0x00, 0x00, 0x72, 0x6d, 0x00, 0x00, 0x00, 0xda, 0x18, 0x49,
    0x6e, 0x63, 0x72, 0x65, 0x6d, 0x65, 0x6e, 0x74, 0x61, 0x6c, 0x44, 0x65, 0x63, 0x6f, 0x64, 0x65,
    0x72, 0x2e, 0x72, 0x65, 0x73, 0x65, 0x74, 0x17, 0x01, 0x00, 0x00, 0x72, 0x6f, 0x00, 0x00, 0x00,
    0x72, 0x41, 0x00, 0x00, 0x00, 0x63, 0x01, 0x00, 0x00, 0x00, 0x00, 0x00, 0x00, 0x00, 0x00, 0x00,
    0x00, 0x00, 0x01, 0x00, 0x00, 0x00, 0x03, 0x00, 0x00, 0x00, 0xf3, 0x04, 0x00, 0x00, 0x00, 0x95,
    0x00, 0x67, 0x01, 0x29, 0x02, 0x61, 0xc1, 0x01, 0x00, 0x00, 0x0a, 0x52, 0x65, 0x74, 0x75, 0x72,
    0x6e, 0x20, 0x74, 0x68, 0x65, 0x20, 0x63, 0x75, 0x72, 0x72, 0x65, 0x6e, 0x74, 0x20, 0x73, 0x74,
    0x61, 0x74, 0x65, 0x20, 0x6f, 0x66, 0x20, 0x74, 0x68, 0x65, 0x20, 0x64, 0x65, 0x63, 0x6f, 0x64,
    0x65, 0x72, 0x2e, 0x0a, 0x0a, 0x54, 0x68, 0x69, 0x73, 0x20, 0x6d, 0x75, 0x73, 0x74, 0x20, 0x62,
    0x65, 0x20, 0x61, 0x20, 0x28, 0x62, 0x75, 0x66, 0x66, 0x65, 0x72, 0x65, 0x64, 0x5f, 0x69, 0x6e,
    0x70, 0x75, 0x74, 0x2c, 0x20, 0x61, 0x64, 0x64, 0x69, 0x74, 0x69, 0x6f, 0x6e, 0x61, 0x6c, 0x5f,
    0x73, 0x74, 0x61, 0x74, 0x65, 0x5f, 0x69, 0x6e, 0x66, 0x6f, 0x29, 0x20, 0x74, 0x75, 0x70, 0x6c,
    0x65, 0x2e, 0x0a, 0x62, 0x75, 0x66, 0x66, 0x65, 0x72, 0x65, 0x64, 0x5f, 0x69, 0x6e, 0x70, 0x75,
    0x74, 0x20, 0x6d, 0x75, 0x73, 0x74, 0x20, 0x62, 0x65, 0x20, 0x61, 0x20, 0x62, 0x79, 0x74, 0x65,
    0x73, 0x20, 0x6f, 0x62, 0x6a, 0x65, 0x63, 0x74, 0x20, 0x63, 0x6f, 0x6e, 0x74, 0x61, 0x69, 0x6e,
    0x69, 0x6e, 0x67, 0x20, 0x62, 0x79, 0x74, 0x65, 0x73, 0x20, 0x74, 0x68, 0x61, 0x74, 0x0a, 0x77,
    0x65, 0x72, 0x65, 0x20, 0x70, 0x61, 0x73, 0x73, 0x65, 0x64, 0x20, 0x74, 0x6f, 0x20, 0x64, 0x65,
    0x63, 0x6f, 0x64, 0x65, 0x28, 0x29, 0x20, 0x74, 0x68, 0x61, 0x74, 0x20, 0x68, 0x61, 0x76, 0x65,
    0x20, 0x6e, 0x6f, 0x74, 0x20, 0x79, 0x65, 0x74, 0x20, 0x62, 0x65, 0x65, 0x6e, 0x20, 0x63, 0x6f,
    0x6e, 0x76, 0x65, 0x72, 0x74, 0x65, 0x64, 0x2e, 0x0a, 0x61, 0x64, 0x64, 0x69, 0x74, 0x69, 0x6f,
    0x6e, 0x61, 0x6c, 0x5f, 0x73, 0x74, 0x61, 0x74, 0x65, 0x5f, 0x69, 0x6e, 0x66, 0x6f, 0x20, 0x6d,
    0x75, 0x73, 0x74, 0x20, 0x62, 0x65, 0x20, 0x61, 0x20, 0x6e, 0x6f, 0x6e, 0x2d, 0x6e, 0x65, 0x67,
    0x61, 0x74, 0x69, 0x76, 0x65, 0x20, 0x69, 0x6e, 0x74, 0x65, 0x67, 0x65, 0x72, 0x0a, 0x72, 0x65,
    0x70, 0x72, 0x65, 0x73, 0x65, 0x6e, 0x74, 0x69, 0x6e, 0x67, 0x20, 0x74, 0x68, 0x65, 0x20, 0x73,
    0x74, 0x61, 0x74, 0x65, 0x20, 0x6f, 0x66, 0x20, 0x74, 0x68, 0x65, 0x20, 0x64, 0x65, 0x63, 0x6f,
    0x64, 0x65, 0x72, 0x20, 0x57, 0x49, 0x54, 0x48, 0x4f, 0x55, 0x54, 0x20, 0x79, 0x65, 0x74, 0x20,
    0x68, 0x61, 0x76, 0x69, 0x6e, 0x67, 0x0a, 0x70, 0x72, 0x6f, 0x63, 0x65, 0x73, 0x73, 0x65, 0x64,
    0x20, 0x74, 0x68, 0x65, 0x20, 0x63, 0x6f, 0x6e, 0x74, 0x65, 0x6e, 0x74, 0x73, 0x20, 0x6f, 0x66,
    0x20, 0x62, 0x75, 0x66, 0x66, 0x65, 0x72, 0x65, 0x64, 0x5f, 0x69, 0x6e, 0x70, 0x75, 0x74, 0x2e,
    0x20, 0x20, 0x49, 0x6e, 0x20, 0x74, 0x68, 0x65, 0x20, 0x69, 0x6e, 0x69, 0x74, 0x69, 0x61, 0x6c,
    0x20, 0x73, 0x74, 0x61, 0x74, 0x65, 0x0a, 0x61, 0x6e, 0x64, 0x20, 0x61, 0x66, 0x74, 0x65, 0x72,
    0x20, 0x72, 0x65, 0x73, 0x65, 0x74, 0x28, 0x29, 0x2c, 0x20, 0x67, 0x65, 0x74, 0x73, 0x74, 0x61,
    0x74, 0x65, 0x28, 0x29, 0x20, 0x6d, 0x75, 0x73, 0x74, 0x20, 0x72, 0x65, 0x74, 0x75, 0x72, 0x6e,
    0x20, 0x28, 0x62, 0x22, 0x22, 0x2c, 0x20, 0x30, 0x29, 0x2e, 0x0a, 0x29, 0x02, 0x72, 0x41, 0x00,
    0x00, 0x00, 0x72, 0x02, 0x00, 0x00, 0x00, 0x72, 0x51, 0x00, 0x00, 0x00, 0x72, 0x47, 0x00, 0x00,
    0x00, 0x73, 0x01, 0x00, 0x00, 0x00, 0x20, 0x72, 0x3f, 0x00, 0x00, 0x00, 0x72, 0x71, 0x00, 0x00,
    0x00, 0xda, 0x1b, 0x49, 0x6e, 0x63, 0x72, 0x65, 0x6d, 0x65, 0x6e, 0x74, 0x61, 0x6c, 0x44, 0x65,
    0x63, 0x6f, 0x64, 0x65, 0x72, 0x2e, 0x67, 0x65, 0x74, 0x73, 0x74, 0x61, 0x74, 0x65, 0x1c, 0x01,
    0x00, 0x00, 0x73, 0x07, 0x00, 0x00, 0x00, 0x80, 0x00, 0xf0, 0x18, 0x00, 0x10, 0x18, 0x72, 0x41,
    0x00, 0x00, 0x00, 0x63, 0x02, 0x00, 0x00, 0x00, 0x00, 0x00, 0x00, 0x00, 0x00, 0x00, 0x00, 0x00,
    0x01, 0x00, 0x00, 0x00, 0x03, 0x00, 0x00, 0x00, 0xf3, 0x04, 0x00, 0x00, 0x00, 0x95, 0x00, 0x67,
    0x01, 0x29, 0x02, 0x7a, 0x96, 0x0a, 0x53, 0x65, 0x74, 0x20, 0x74, 0x68, 0x65, 0x20, 0x63, 0x75,
    0x72, 0x72, 0x65, 0x6e, 0x74, 0x20, 0x73, 0x74, 0x61, 0x74, 0x65, 0x20, 0x6f, 0x66, 0x20, 0x74,
    0x68, 0x65, 0x20, 0x64, 0x65, 0x63, 0x6f, 0x64, 0x65, 0x72, 0x2e, 0x0a, 0x0a, 0x73, 0x74, 0x61,
    0x74, 0x65, 0x20, 0x6d, 0x75, 0x73, 0x74, 0x20, 0x68, 0x61, 0x76, 0x65, 0x20, 0x62, 0x65, 0x65,
    0x6e, 0x20, 0x72, 0x65, 0x74, 0x75, 0x72, 0x6e, 0x65, 0x64, 0x20, 0x62, 0x79, 0x20, 0x67, 0x65,
    0x74, 0x73, 0x74, 0x61, 0x74, 0x65, 0x28, 0x29, 0x2e, 0x20, 0x20, 0x54, 0x68, 0x65, 0x20, 0x65,
    0x66, 0x66, 0x65, 0x63, 0x74, 0x20, 0x6f, 0x66, 0x0a, 0x73, 0x65, 0x74, 0x73, 0x74, 0x61, 0x74,
    0x65, 0x28, 0x28, 0x62, 0x22, 0x22, 0x2c, 0x20, 0x30, 0x29, 0x29, 0x20, 0x6d, 0x75, 0x73, 0x74,
    0x20, 0x62, 0x65, 0x20, 0x65, 0x71, 0x75, 0x69, 0x76, 0x61, 0x6c, 0x65, 0x6e, 0x74, 0x20, 0x74,
    0x6f, 0x20, 0x72, 0x65, 0x73, 0x65, 0x74, 0x28, 0x29, 0x2e, 0x0a, 0x4e, 0x72, 0x51, 0x00, 0x00,
    0x00, 0x72, 0x74, 0x00, 0x00, 0x00, 0x73, 0x02, 0x00, 0x00, 0x00, 0x20, 0x20, 0x72, 0x3f, 0x00,
    0x00, 0x00, 0x72, 0x76, 0x00, 0x00, 0x00, 0xda, 0x1b, 0x49, 0x6e, 0x63, 0x72, 0x65, 0x6d, 0x65,
    0x6e, 0x74, 0x61, 0x6c, 0x44, 0x65, 0x63, 0x6f, 0x64, 0x65, 0x72, 0x2e, 0x73, 0x65, 0x74, 0x73,
    0x74, 0x61, 0x74, 0x65, 0x2a, 0x01, 0x00, 0x00, 0x72, 0x6f, 0x00, 0x00, 0x00, 0x72, 0x41, 0x00,
    0x00, 0x00, 0x72, 0x95, 0x00, 0x00, 0x00, 0x4e, 0x72, 0x5d, 0x00, 0x00, 0x00, 0x72, 0x78, 0x00,
    0x00, 0x00, 0x29, 0x0b, 0x72, 0x4d, 0x00, 0x00, 0x00, 0x72, 0x44, 0x00, 0x00, 0x00, 0x72, 0x45,
    0x00, 0x00, 0x00, 0x72, 0x4e, 0x00, 0x00, 0x00, 0x72, 0x4f, 0x00, 0x00, 0x00, 0x72, 0x65, 0x00,
    0x00, 0x00, 0x72, 0x25, 0x00, 0x00, 0x00, 0x72, 0x6d, 0x00, 0x00, 0x00, 0x72, 0x71, 0x00, 0x00,
    0x00, 0x72, 0x76, 0x00, 0x00, 0x00, 0x72, 0x50, 0x00, 0x00, 0x00, 0x72, 0x51, 0x00, 0x00, 0x00,
    0x72, 0x41, 0x00, 0x00, 0x00, 0x72, 0x3f, 0x00, 0x00, 0x00, 0x72, 0x19, 0x00, 0x00, 0x00, 0x72,
    0x19, 0x00, 0x00, 0x00, 0x01, 0x01, 0x00, 0x00, 0x73, 0x20, 0x00, 0x00, 0x00, 0x86, 0x00, 0xf1,
    0x02, 0x04, 0x05, 0x08, 0xf4, 0x0a, 0x08, 0x05, 0x1d, 0xf4, 0x14, 0x04, 0x05, 0x22, 0xf2, 0x0c,
    0x03, 0x05, 0x0c, 0xf2, 0x0a, 0x0c, 0x05, 0x18, 0xf5, 0x1c, 0x06, 0x05, 0x0c, 0x72, 0x41, 0x00,
    0x00, 0x00, 0x72, 0x19, 0x00, 0x00, 0x00, 0x63, 0x00, 0x00, 0x00, 0x00, 0x00, 0x00, 0x00, 0x00,
    0x00, 0x00, 0x00, 0x00, 0x02, 0x00, 0x00, 0x00, 0x00, 0x00, 0x00, 0x00, 0xf3, 0x44, 0x00, 0x00,
    0x00, 0x95, 0x00, 0x5c, 0x00, 0x72, 0x01, 0x53, 0x00, 0x72, 0x02, 0x53, 0x01, 0x72, 0x03, 0x53,
    0x02, 0x72, 0x04, 0x53, 0x0b, 0x53, 0x03, 0x1a, 0x00, 0x6a, 0x01, 0x72, 0x05, 0x53, 0x04, 0x1a,
    0x00, 0x72, 0x06, 0x53, 0x0c, 0x53, 0x05, 0x1a, 0x00, 0x6a, 0x01, 0x72, 0x07, 0x53, 0x06, 0x1a,
    0x00, 0x72, 0x08, 0x53, 0x07, 0x1a, 0x00, 0x72, 0x09, 0x53, 0x08, 0x1a, 0x00, 0x72, 0x0a, 0x53,
    0x09, 0x72, 0x0b, 0x67, 0x0a, 0x29, 0x0d, 0xda, 0x1a, 0x42, 0x75, 0x66, 0x66, 0x65, 0x72, 0x65,
    0x64, 0x49, 0x6e, 0x63, 0x72, 0x65, 0x6d, 0x65, 0x6e, 0x74, 0x61, 0x6c, 0x44, 0x65, 0x63, 0x6f,
    0x64, 0x65, 0x72, 0x69, 0x32, 0x01, 0x00, 0x00, 0x7a, 0x9e, 0x0a, 0x54, 0x68, 0x69, 0x73, 0x20,
    0x73, 0x75, 0x62, 0x63, 0x6c, 0x61, 0x73, 0x73, 0x20, 0x6f, 0x66, 0x20, 0x49, 0x6e, 0x63, 0x72,
    0x65, 0x6d, 0x65, 0x6e, 0x74, 0x61, 0x6c, 0x44, 0x65, 0x63, 0x6f, 0x64, 0x65, 0x72, 0x20, 0x63,
    0x61, 0x6e, 0x20, 0x62, 0x65, 0x20, 0x75, 0x73, 0x65, 0x64, 0x20, 0x61, 0x73, 0x20, 0x74, 0x68,
    0x65, 0x20, 0x62, 0x61, 0x73, 0x65, 0x63, 0x6c, 0x61, 0x73, 0x73, 0x20, 0x66, 0x6f, 0x72, 0x20,
    0x61, 0x6e, 0x0a, 0x69, 0x6e, 0x63, 0x72, 0x65, 0x6d, 0x65, 0x6e, 0x74, 0x61, 0x6c, 0x20, 0x64,
    0x65, 0x63, 0x6f, 0x64, 0x65, 0x72, 0x20, 0x69, 0x66, 0x20, 0x74, 0x68, 0x65, 0x20, 0x64, 0x65,
    0x63, 0x6f, 0x64, 0x65, 0x72, 0x20, 0x6d, 0x75, 0x73, 0x74, 0x20, 0x62, 0x65, 0x20, 0x61, 0x62,
    0x6c, 0x65, 0x20, 0x74, 0x6f, 0x20, 0x68, 0x61, 0x6e, 0x64, 0x6c, 0x65, 0x20, 0x69, 0x6e, 0x63,
    0x6f, 0x6d, 0x70, 0x6c, 0x65, 0x74, 0x65, 0x0a, 0x62, 0x79, 0x74, 0x65, 0x20, 0x73, 0x65, 0x71,
    0x75, 0x65, 0x6e, 0x63, 0x65, 0x73, 0x2e, 0x0a, 0x63, 0x02, 0x00, 0x00, 0x00, 0x00, 0x00, 0x00,
    0x00, 0x00, 0x00, 0x00, 0x00, 0x04, 0x00, 0x00, 0x00, 0x03, 0x00, 0x00, 0x00, 0xf3, 0x3c, 0x00,
    0x00, 0x00, 0x95, 0x00, 0x5b, 0x00, 0x00, 0x00, 0x00, 0x00, 0x00, 0x00, 0x00, 0x00, 0x52, 0x03,
    0x00, 0x00, 0x00, 0x00, 0x00, 0x00, 0x00, 0x00, 0x00, 0x00, 0x00, 0x00, 0x00, 0x00, 0x00, 0x00,
    0x00, 0x00, 0x58, 0x01, 0x35, 0x02, 0x00, 0x00, 0x00, 0x00, 0x00, 0x00, 0x20, 0x00, 0x53, 0x01,
    0x55, 0x00, 0x6c, 0x02, 0x00, 0x00, 0x00, 0x00, 0x00, 0x00, 0x00, 0x00, 0x67, 0x00, 0xa9, 0x02,
    0x4e, 0x72, 0x41, 0x00, 0x00, 0x00, 0x29, 0x03, 0x72, 0x19, 0x00, 0x00, 0x00, 0x72, 0x65, 0x00,
    0x00, 0x00, 0x72, 0x63, 0x00, 0x00, 0x00, 0x72, 0x64, 0x00, 0x00, 0x00, 0x73, 0x02, 0x00, 0x00,
    0x00, 0x20, 0x20, 0x72, 0x3f, 0x00, 0x00, 0x00, 0x72, 0x65, 0x00, 0x00, 0x00, 0xda, 0x23, 0x42,
    0x75, 0x66, 0x66, 0x65, 0x72, 0x65, 0x64, 0x49, 0x6e, 0x63, 0x72, 0x65, 0x6d, 0x65, 0x6e, 0x74,
    0x61, 0x6c, 0x44, 0x65, 0x63, 0x6f, 0x64, 0x65, 0x72, 0x2e, 0x5f, 0x5f, 0x69, 0x6e, 0x69, 0x74,
    0x5f, 0x5f, 0x38, 0x01, 0x00, 0x00, 0x73, 0x17, 0x00, 0x00, 0x00, 0x80, 0x00, 0xdc, 0x08, 0x1a,
    0xd7, 0x08, 0x23, 0xd1, 0x08, 0x23, 0xa0, 0x44, 0xd4, 0x08, 0x31, 0xe0, 0x16, 0x19, 0x88, 0x04,
    0x8d, 0x0b, 0x72, 0x41, 0x00, 0x00, 0x00, 0x63, 0x04, 0x00, 0x00, 0x00, 0x00, 0x00, 0x00, 0x00,
    0x00, 0x00, 0x00, 0x00, 0x01, 0x00, 0x00, 0x00, 0x03, 0x00, 0x00, 0x00, 0xf3, 0x0e, 0x00, 0x00,
    0x00, 0x95, 0x00, 0x5b, 0x00, 0x00, 0x00, 0x00, 0x00, 0x00, 0x00, 0x00, 0x00, 0x65, 0x01, 0x72,
    0x35, 0x00, 0x00, 0x00, 0x72, 0x55, 0x00, 0x00, 0x00, 0x72, 0x80, 0x00, 0x00, 0x00, 0x73, 0x04,
    0x00, 0x00, 0x00, 0x20, 0x20, 0x20, 0x20, 0x72, 0x3f, 0x00, 0x00, 0x00, 0xda, 0x0e, 0x5f, 0x62,
    0x75, 0x66, 0x66, 0x65, 0x72, 0x5f, 0x64, 0x65, 0x63, 0x6f, 0x64, 0x65, 0xda, 0x29, 0x42, 0x75,
    0x66, 0x66, 0x65, 0x72, 0x65, 0x64, 0x49, 0x6e, 0x63, 0x72, 0x65, 0x6d, 0x65, 0x6e, 0x74, 0x61,
    0x6c, 0x44, 0x65, 0x63, 0x6f, 0x64, 0x65, 0x72, 0x2e, 0x5f, 0x62, 0x75, 0x66, 0x66, 0x65, 0x72,
    0x5f, 0x64, 0x65, 0x63, 0x6f, 0x64, 0x65, 0x3d, 0x01, 0x00, 0x00, 0x72, 0x83, 0x00, 0x00, 0x00,
    0x72, 0x41, 0x00, 0x00, 0x00, 0x63, 0x03, 0x00, 0x00, 0x00, 0x00, 0x00, 0x00, 0x00, 0x00, 0x00,
    0x00, 0x00, 0x05, 0x00, 0x00, 0x00, 0x03, 0x00, 0x00, 0x00, 0xf3, 0x72, 0x00, 0x00, 0x00, 0x95,
    0x00, 0x55, 0x00, 0x52, 0x00, 0x00, 0x00, 0x00, 0x00, 0x00, 0x00, 0x00, 0x00, 0x00, 0x00, 0x00,
    0x00, 0x00, 0x00, 0x00, 0x00, 0x00, 0x00, 0x55, 0x01, 0x2d, 0x00, 0x00, 0x00, 0x6e, 0x03, 0x55,
    0x00, 0x52, 0x03, 0x00, 0x00, 0x00, 0x00, 0x00, 0x00, 0x00, 0x00, 0x00, 0x00, 0x00, 0x00, 0x00,
    0x00, 0x00, 0x00, 0x00, 0x00, 0x58, 0x30, 0x52, 0x04, 0x00, 0x00, 0x00, 0x00, 0x00, 0x00, 0x00,
    0x00, 0x00, 0x00, 0x00, 0x00, 0x00, 0x00, 0x00, 0x00, 0x00, 0x00, 0x55, 0x02, 0x35, 0x03, 0x00,
    0x00, 0x00, 0x00, 0x00, 0x00, 0x75, 0x02, 0x00, 0x00, 0x70, 0x45, 0x58, 0x35, 0x53, 0x00, 0x04,
    0x00, 0x55, 0x00, 0x6c, 0x00, 0x00, 0x00, 0x00, 0x00, 0x00, 0x00, 0x00, 0x00, 0x55, 0x04, 0x24,
    0x00, 0x72, 0x35, 0x00, 0x00, 0x00, 0x29, 0x03, 0x72, 0x63, 0x00, 0x00, 0x00, 0x72, 0xa5, 0x00,
    0x00, 0x00, 0x72, 0x59, 0x00, 0x00, 0x00, 0x72, 0x85, 0x00, 0x00, 0x00, 0x73, 0x06, 0x00, 0x00,
    0x00, 0x20, 0x20, 0x20, 0x20, 0x20, 0x20, 0x72, 0x3f, 0x00, 0x00, 0x00, 0x72, 0x25, 0x00, 0x00,
    0x00, 0xda, 0x21, 0x42, 0x75, 0x66, 0x66, 0x65, 0x72, 0x65, 0x64, 0x49, 0x6e, 0x63, 0x72, 0x65,
    0x6d, 0x65, 0x6e, 0x74, 0x61, 0x6c, 0x44, 0x65, 0x63, 0x6f, 0x64, 0x65, 0x72, 0x2e, 0x64, 0x65,
    0x63, 0x6f, 0x64, 0x65, 0x42, 0x01, 0x00, 0x00, 0x72, 0x8a, 0x00, 0x00, 0x00, 0x72, 0x41, 0x00,
    0x00, 0x00, 0x63, 0x01, 0x00, 0x00, 0x00, 0x00, 0x00, 0x00, 0x00, 0x00, 0x00, 0x00, 0x00, 0x03,
    0x00, 0x00, 0x00, 0x03, 0x00, 0x00, 0x00, 0xf3, 0x3c, 0x00, 0x00, 0x00, 0x95, 0x00, 0x5b, 0x00,
    0x00, 0x00, 0x00, 0x00, 0x00, 0x00, 0x00, 0x00, 0x52, 0x03, 0x00, 0x00, 0x00, 0x00, 0x00, 0x00,
    0x00, 0x00, 0x00, 0x00, 0x00, 0x00, 0x00, 0x00, 0x00, 0x00, 0x00, 0x00, 0x55, 0x00, 0x35, 0x01,
    0x00, 0x00, 0x00, 0x00, 0x00, 0x00, 0x20, 0x00, 0x53, 0x01, 0x55, 0x00, 0x6c, 0x02, 0x00, 0x00,
    0x00, 0x00, 0x00, 0x00, 0x00, 0x00, 0x67, 0x00, 0x72, 0xa2, 0x00, 0x00, 0x00, 0x29, 0x03, 0x72,
    0x19, 0x00, 0x00, 0x00, 0x72, 0x6d, 0x00, 0x00, 0x00, 0x72, 0x63, 0x00, 0x00, 0x00, 0x72, 0x47,
    0x00, 0x00, 0x00, 0x73, 0x01, 0x00, 0x00, 0x00, 0x20, 0x72, 0x3f, 0x00, 0x00, 0x00, 0x72, 0x6d,
    0x00, 0x00, 0x00, 0xda, 0x20, 0x42, 0x75, 0x66, 0x66, 0x65, 0x72, 0x65, 0x64, 0x49, 0x6e, 0x63,
    0x72, 0x65, 0x6d, 0x65, 0x6e, 0x74, 0x61, 0x6c, 0x44, 0x65, 0x63, 0x6f, 0x64, 0x65, 0x72, 0x2e,
    0x72, 0x65, 0x73, 0x65, 0x74, 0x4a, 0x01, 0x00, 0x00, 0x73, 0x17, 0x00, 0x00, 0x00, 0x80, 0x00,
    0xdc, 0x08, 0x1a, 0xd7, 0x08, 0x20, 0xd1, 0x08, 0x20, 0xa0, 0x14, 0xd4, 0x08, 0x26, 0xd8, 0x16,
    0x19, 0x88, 0x04, 0x8d, 0x0b, 0x72, 0x41, 0x00, 0x00, 0x00, 0x63, 0x01, 0x00, 0x00, 0x00, 0x00,
    0x00, 0x00, 0x00, 0x00, 0x00, 0x00, 0x00, 0x02, 0x00, 0x00, 0x00, 0x03, 0x00, 0x00, 0x00, 0xf3,
    0x1e, 0x00, 0x00, 0x00, 0x95, 0x00, 0x55, 0x00, 0x52, 0x00, 0x00, 0x00, 0x00, 0x00, 0x00, 0x00,
    0x00, 0x00, 0x00, 0x00, 0x00, 0x00, 0x00, 0x00, 0x00, 0x00, 0x00, 0x00, 0x53, 0x01, 0x34, 0x02,
    0x24, 0x00, 0x72, 0x8e, 0x00, 0x00, 0x00, 0x72, 0x8f, 0x00, 0x00, 0x00, 0x72, 0x47, 0x00, 0x00,
    0x00, 0x73, 0x01, 0x00, 0x00, 0x00, 0x20, 0x72, 0x3f, 0x00, 0x00, 0x00, 0x72, 0x71, 0x00, 0x00,
    0x00, 0xda, 0x23, 0x42, 0x75, 0x66, 0x66, 0x65, 0x72, 0x65, 0x64, 0x49, 0x6e, 0x63, 0x72, 0x65,
    0x6d, 0x65, 0x6e, 0x74, 0x61, 0x6c, 0x44, 0x65, 0x63, 0x6f, 0x64, 0x65, 0x72, 0x2e, 0x67, 0x65,
    0x74, 0x73, 0x74, 0x61, 0x74, 0x65, 0x4e, 0x01, 0x00, 0x00, 0x73, 0x11, 0x00, 0x00, 0x00, 0x80,
    0x00, 0xe0, 0x10, 0x14, 0x97, 0x0b, 0x91, 0x0b, 0x98, 0x51, 0xd0, 0x0f, 0x1f, 0xd0, 0x08, 0x1f,
    0x72, 0x41, 0x00, 0x00, 0x00, 0x63, 0x02, 0x00, 0x00, 0x00, 0x00, 0x00, 0x00, 0x00, 0x00, 0x00,
    0x00, 0x00, 0x02, 0x00, 0x00, 0x00, 0x03, 0x00, 0x00, 0x00, 0xf3, 0x18, 0x00, 0x00, 0x00, 0x95,
    0x00, 0x55, 0x01, 0x53, 0x01, 0x05, 0x00, 0x00, 0x00, 0x55, 0x00, 0x6c, 0x00, 0x00, 0x00, 0x00,
    0x00, 0x00, 0x00, 0x00, 0x00, 0x67, 0x00, 0x72, 0x8e, 0x00, 0x00, 0x00, 0x72, 0x8f, 0x00, 0x00,
    0x00, 0x72, 0x74, 0x00, 0x00, 0x00, 0x73, 0x02, 0x00, 0x00, 0x00, 0x20, 0x20, 0x72, 0x3f, 0x00,
    0x00, 0x00, 0x72, 0x76, 0x00, 0x00, 0x00, 0xda, 0x23, 0x42, 0x75, 0x66, 0x66, 0x65, 0x72, 0x65,
    0x64, 0x49, 0x6e, 0x63, 0x72, 0x65, 0x6d, 0x65, 0x6e, 0x74, 0x61, 0x6c, 0x44, 0x65, 0x63, 0x6f,
    0x64, 0x65, 0x72, 0x2e, 0x73, 0x65, 0x74, 0x73, 0x74, 0x61, 0x74, 0x65, 0x52, 0x01, 0x00, 0x00,
    0x73, 0x0d, 0x00, 0x00, 0x00, 0x80, 0x00, 0xe0, 0x16, 0x1b, 0x98, 0x41, 0x91, 0x68, 0x88, 0x04,
    0x8d, 0x0b, 0x72, 0x41, 0x00, 0x00, 0x00, 0x72, 0x8f, 0x00, 0x00, 0x00, 0x4e, 0x72, 0x5d, 0x00,
    0x00, 0x00, 0x72, 0x78, 0x00, 0x00, 0x00, 0x29, 0x0c, 0x72, 0x4d, 0x00, 0x00, 0x00, 0x72, 0x44,
    0x00, 0x00, 0x00, 0x72, 0x45, 0x00, 0x00, 0x00, 0x72, 0x4e, 0x00, 0x00, 0x00, 0x72, 0x4f, 0x00,
    0x00, 0x00, 0x72, 0x65, 0x00, 0x00, 0x00, 0x72, 0xa5, 0x00, 0x00, 0x00, 0x72, 0x25, 0x00, 0x00,
    0x00, 0x72, 0x6d, 0x00, 0x00, 0x00, 0x72, 0x71, 0x00, 0x00, 0x00, 0x72, 0x76, 0x00, 0x00, 0x00,
    0x72, 0x50, 0x00, 0x00, 0x00, 0x72, 0x51, 0x00, 0x00, 0x00, 0x72, 0x41, 0x00, 0x00, 0x00, 0x72,
    0x3f, 0x00, 0x00, 0x00, 0x72, 0xa0, 0x00, 0x00, 0x00, 0x72, 0xa0, 0x00, 0x00, 0x00, 0x32, 0x01,
    0x00, 0x00, 0x73, 0x25, 0x00, 0x00, 0x00, 0x86, 0x00, 0xf1, 0x02, 0x04, 0x05, 0x08, 0xf4, 0x0a,
    0x03, 0x05, 0x1a, 0xf2, 0x0a, 0x03, 0x05, 0x22, 0xf4, 0x0a, 0x06, 0x05, 0x16, 0xf2, 0x10, 0x02,
    0x05, 0x1a, 0xf2, 0x08, 0x02, 0x05, 0x20, 0xf5, 0x08, 0x02, 0x05, 0x1f, 0x72, 0x41, 0x00, 0x00,
    0x00, 0x72, 0xa0, 0x00, 0x00, 0x00, 0x63, 0x00, 0x00, 0x00, 0x00, 0x00, 0x00, 0x00, 0x00, 0x00,
    0x00, 0x00, 0x00, 0x02, 0x00, 0x00, 0x00, 0x00, 0x00, 0x00, 0x00, 0xf3, 0x58, 0x00, 0x00, 0x00,
    0x95, 0x00, 0x5c, 0x00, 0x72, 0x01, 0x53, 0x00, 0x72, 0x02, 0x53, 0x01, 0x72, 0x03, 0x53, 0x0d,
    0x53, 0x02, 0x1a, 0x00, 0x6a, 0x01, 0x72, 0x04, 0x53, 0x03, 0x1a, 0x00, 0x72, 0x05, 0x53, 0x04,
    0x1a, 0x00, 0x72, 0x06, 0x53, 0x05, 0x1a, 0x00, 0x72, 0x07, 0x53, 0x0e, 0x53, 0x06, 0x1a, 0x00,
    0x6a, 0x01, 0x72, 0x08, 0x5c, 0x09, 0x34, 0x01, 0x53, 0x07, 0x1a, 0x00, 0x6a, 0x01, 0x72, 0x0a,
    0x53, 0x08, 0x1a, 0x00, 0x72, 0x0b, 0x53, 0x09, 0x1a, 0x00, 0x72, 0x0c, 0x53, 0x0a, 0x1a, 0x00,
    0x72, 0x0d, 0x53, 0x0b, 0x72, 0x0e, 0x67, 0x0c, 0x29, 0x0f, 0x72, 0x1b, 0x00, 0x00, 0x00, 0x69,
    0x5d, 0x01, 0x00, 0x00, 0x63, 0x03, 0x00, 0x00, 0x00, 0x00, 0x00, 0x00, 0x00, 0x00, 0x00, 0x00,
    0x00, 0x02, 0x00, 0x00, 0x00, 0x03, 0x00, 0x00, 0x00, 0xf3, 0x1c, 0x00, 0x00, 0x00, 0x95, 0x00,
    0x58, 0x10, 0x6c, 0x00, 0x00, 0x00, 0x00, 0x00, 0x00, 0x00, 0x00, 0x00, 0x58, 0x20, 0x6c, 0x01,
    0x00, 0x00, 0x00, 0x00, 0x00, 0x00, 0x00, 0x00, 0x67, 0x01, 0x29, 0x02, 0x61, 0xc6, 0x02, 0x00,
    0x00, 0x43, 0x72, 0x65, 0x61, 0x74, 0x65, 0x73, 0x20, 0x61, 0x20, 0x53, 0x74, 0x72, 0x65, 0x61,
    0x6d, 0x57, 0x72, 0x69, 0x74, 0x65, 0x72, 0x20, 0x69, 0x6e, 0x73, 0x74, 0x61, 0x6e, 0x63, 0x65,
    0x2e, 0x0a, 0x0a, 0x73, 0x74, 0x72, 0x65, 0x61, 0x6d, 0x20, 0x6d, 0x75, 0x73, 0x74, 0x20, 0x62,
    0x65, 0x20, 0x61, 0x20, 0x66, 0x69, 0x6c, 0x65, 0x2d, 0x6c, 0x69, 0x6b, 0x65, 0x20, 0x6f, 0x62,
    0x6a, 0x65, 0x63, 0x74, 0x20, 0x6f, 0x70, 0x65, 0x6e, 0x20, 0x66, 0x6f, 0x72, 0x20, 0x77, 0x72,
    0x69, 0x74, 0x69, 0x6e, 0x67, 0x2e, 0x0a, 0x0a, 0x54, 0x68, 0x65, 0x20, 0x53, 0x74, 0x72, 0x65,
    0x61, 0x6d, 0x57, 0x72, 0x69, 0x74, 0x65, 0x72, 0x20, 0x6d, 0x61, 0x79, 0x20, 0x75, 0x73, 0x65,
    0x20, 0x64, 0x69, 0x66, 0x66, 0x65, 0x72, 0x65, 0x6e, 0x74, 0x20, 0x65, 0x72, 0x72, 0x6f, 0x72,
    0x20, 0x68, 0x61, 0x6e, 0x64, 0x6c, 0x69, 0x6e, 0x67, 0x0a, 0x73, 0x63, 0x68, 0x65, 0x6d, 0x65,
    0x73, 0x20, 0x62, 0x79, 0x20, 0x70, 0x72, 0x6f, 0x76, 0x69, 0x64, 0x69, 0x6e, 0x67, 0x20, 0x74,
    0x68, 0x65, 0x20, 0x65, 0x72, 0x72, 0x6f, 0x72, 0x73, 0x20, 0x6b, 0x65, 0x79, 0x77, 0x6f, 0x72,
    0x64, 0x20, 0x61, 0x72, 0x67, 0x75, 0x6d, 0x65, 0x6e, 0x74, 0x2e, 0x20, 0x54, 0x68, 0x65, 0x73,
    0x65, 0x0a, 0x70, 0x61, 0x72, 0x61, 0x6d, 0x65, 0x74, 0x65, 0x72, 0x73, 0x20, 0x61, 0x72, 0x65,
    0x20, 0x70, 0x72, 0x65, 0x64, 0x65, 0x66, 0x69, 0x6e, 0x65, 0x64, 0x3a, 0x0a, 0x0a, 0x20, 0x27,
    0x73, 0x74, 0x72, 0x69, 0x63, 0x74, 0x27, 0x20, 0x2d, 0x20, 0x72, 0x61, 0x69, 0x73, 0x65, 0x20,
    0x61, 0x20, 0x56, 0x61, 0x6c, 0x75, 0x65, 0x45, 0x72, 0x72, 0x6f, 0x72, 0x20, 0x28, 0x6f, 0x72,
    0x20, 0x61, 0x20, 0x73, 0x75, 0x62, 0x63, 0x6c, 0x61, 0x73, 0x73, 0x29, 0x0a, 0x20, 0x27, 0x69,
    0x67, 0x6e, 0x6f, 0x72, 0x65, 0x27, 0x20, 0x2d, 0x20, 0x69, 0x67, 0x6e, 0x6f, 0x72, 0x65, 0x20,
    0x74, 0x68, 0x65, 0x20, 0x63, 0x68, 0x61, 0x72, 0x61, 0x63, 0x74, 0x65, 0x72, 0x20, 0x61, 0x6e,
    0x64, 0x20, 0x63, 0x6f, 0x6e, 0x74, 0x69, 0x6e, 0x75, 0x65, 0x20, 0x77, 0x69, 0x74, 0x68, 0x20,
    0x74, 0x68, 0x65, 0x20, 0x6e, 0x65, 0x78, 0x74, 0x0a, 0x20, 0x27, 0x72, 0x65, 0x70, 0x6c, 0x61,
    0x63, 0x65, 0x27, 0x2d, 0x20, 0x72, 0x65, 0x70, 0x6c, 0x61, 0x63, 0x65, 0x20, 0x77, 0x69, 0x74,
    0x68, 0x20, 0x61, 0x20, 0x73, 0x75, 0x69, 0x74, 0x61, 0x62, 0x6c, 0x65, 0x20, 0x72, 0x65, 0x70,
    0x6c, 0x61, 0x63, 0x65, 0x6d, 0x65, 0x6e, 0x74, 0x20, 0x63, 0x68, 0x61, 0x72, 0x61, 0x63, 0x74,
    0x65, 0x72, 0x0a, 0x20, 0x27, 0x78, 0x6d, 0x6c, 0x63, 0x68, 0x61, 0x72, 0x72, 0x65, 0x66, 0x72,
    0x65, 0x70, 0x6c, 0x61, 0x63, 0x65, 0x27, 0x20, 0x2d, 0x20, 0x52, 0x65, 0x70, 0x6c, 0x61, 0x63,
    0x65, 0x20, 0x77, 0x69, 0x74, 0x68, 0x20, 0x74, 0x68, 0x65, 0x20, 0x61, 0x70, 0x70, 0x72, 0x6f,
    0x70, 0x72, 0x69, 0x61, 0x74, 0x65, 0x20, 0x58, 0x4d, 0x4c, 0x0a, 0x20, 0x20, 0x20, 0x20, 0x20,
    0x20, 0x20, 0x20, 0x20, 0x20, 0x20, 0x20, 0x20, 0x20, 0x20, 0x20, 0x20, 0x20, 0x20, 0x20, 0x20,
    0x20, 0x20, 0x63, 0x68, 0x61, 0x72, 0x61, 0x63, 0x74, 0x65, 0x72, 0x20, 0x72, 0x65, 0x66, 0x65,
    0x72, 0x65, 0x6e, 0x63, 0x65, 0x2e, 0x0a, 0x20, 0x27, 0x62, 0x61, 0x63, 0x6b, 0x73, 0x6c, 0x61,
    0x73, 0x68, 0x72, 0x65, 0x70, 0x6c, 0x61, 0x63, 0x65, 0x27, 0x20, 0x20, 0x2d, 0x20, 0x52, 0x65,
    0x70, 0x6c, 0x61, 0x63, 0x65, 0x20, 0x77, 0x69, 0x74, 0x68, 0x20, 0x62, 0x61, 0x63, 0x6b, 0x73,
    0x6c, 0x61, 0x73, 0x68, 0x65, 0x64, 0x20, 0x65, 0x73, 0x63, 0x61, 0x70, 0x65, 0x0a, 0x20, 0x20,
    0x20, 0x20, 0x20, 0x20, 0x20, 0x20, 0x20, 0x20, 0x20, 0x20, 0x20, 0x20, 0x20, 0x20, 0x20, 0x20,
    0x20, 0x20, 0x20, 0x20, 0x20, 0x73, 0x65, 0x71, 0x75, 0x65, 0x6e, 0x63, 0x65, 0x73, 0x2e, 0x0a,
    0x20, 0x27, 0x6e, 0x61, 0x6d, 0x65, 0x72, 0x65, 0x70, 0x6c, 0x61, 0x63, 0x65, 0x27, 0x20, 0x20,
    0x20, 0x20, 0x20, 0x20, 0x20, 0x2d, 0x20, 0x52, 0x65, 0x70, 0x6c, 0x61, 0x63, 0x65, 0x20, 0x77,
    0x69, 0x74, 0x68, 0x20, 0x5c, 0x4e, 0x7b, 0x2e, 0x2e, 0x2e, 0x7d, 0x20, 0x65, 0x73, 0x63, 0x61,
    0x70, 0x65, 0x20, 0x73, 0x65, 0x71, 0x75, 0x65, 0x6e, 0x63, 0x65, 0x73, 0x2e, 0x0a, 0x0a, 0x54,
    0x68, 0x65, 0x20, 0x73, 0x65, 0x74, 0x20, 0x6f, 0x66, 0x20, 0x61, 0x6c, 0x6c, 0x6f, 0x77, 0x65,
    0x64, 0x20, 0x70, 0x61, 0x72, 0x61, 0x6d, 0x65, 0x74, 0x65, 0x72, 0x20, 0x76, 0x61, 0x6c, 0x75,
    0x65, 0x73, 0x20, 0x63, 0x61, 0x6e, 0x20, 0x62, 0x65, 0x20, 0x65, 0x78, 0x74, 0x65, 0x6e, 0x64,
    0x65, 0x64, 0x20, 0x76, 0x69, 0x61, 0x0a, 0x72, 0x65, 0x67, 0x69, 0x73, 0x74, 0x65, 0x72, 0x5f,
    0x65, 0x72, 0x72, 0x6f, 0x72, 0x2e, 0x0a, 0x4e, 0x29, 0x02, 0xda, 0x06, 0x73, 0x74, 0x72, 0x65,
    0x61, 0x6d, 0x72, 0x59, 0x00, 0x00, 0x00, 0xa9, 0x03, 0x72, 0x3e, 0x00, 0x00, 0x00, 0x72, 0xb1,
    0x00, 0x00, 0x00, 0x72, 0x59, 0x00, 0x00, 0x00, 0x73, 0x03, 0x00, 0x00, 0x00, 0x20, 0x20, 0x20,
    0x72, 0x3f, 0x00, 0x00, 0x00, 0x72, 0x65, 0x00, 0x00, 0x00, 0xda, 0x15, 0x53, 0x74, 0x72, 0x65,
    0x61, 0x6d, 0x57, 0x72, 0x69, 0x74, 0x65, 0x72, 0x2e, 0x5f, 0x5f, 0x69, 0x6e, 0x69, 0x74, 0x5f,
    0x5f, 0x5f, 0x01, 0x00, 0x00, 0x73, 0x0e, 0x00, 0x00, 0x00, 0x80, 0x00, 0xf0, 0x2c, 0x00, 0x17,
    0x1d, 0x8c, 0x0b, 0xd8, 0x16, 0x1c, 0x8d, 0x0b, 0x72, 0x41, 0x00, 0x00, 0x00, 0x63, 0x02, 0x00,
    0x00, 0x00, 0x00, 0x00, 0x00, 0x00, 0x00, 0x00, 0x00, 0x00, 0x04, 0x00, 0x00, 0x00, 0x03, 0x00,
    0x00, 0x00, 0xf3, 0x74, 0x00, 0x00, 0x00, 0x95, 0x00, 0x55, 0x00, 0x52, 0x01, 0x00, 0x00, 0x00,
    0x00, 0x00, 0x00, 0x00, 0x00, 0x00, 0x00, 0x00, 0x00, 0x00, 0x00, 0x00, 0x00, 0x00, 0x00, 0x58,
    0x10, 0x52, 0x02, 0x00, 0x00, 0x00, 0x00, 0x00, 0x00, 0x00, 0x00, 0x00, 0x00, 0x00, 0x00, 0x00,
    0x00, 0x00, 0x00, 0x00, 0x00, 0x35, 0x02, 0x00, 0x00, 0x00, 0x00, 0x00, 0x00, 0x75, 0x02, 0x00,
    0x00, 0x70, 0x23, 0x55, 0x00, 0x52, 0x04, 0x00, 0x00, 0x00, 0x00, 0x00, 0x00, 0x00, 0x00, 0x00,
    0x00, 0x00, 0x00, 0x00, 0x00, 0x00, 0x00, 0x00, 0x00, 0x52, 0x07, 0x00, 0x00, 0x00, 0x00, 0x00,
    0x00, 0x00, 0x00, 0x00, 0x00, 0x00, 0x00, 0x00, 0x00, 0x00, 0x00, 0x00, 0x00, 0x55, 0x02, 0x35,
    0x01, 0x00, 0x00, 0x00, 0x00, 0x00, 0x00, 0x20, 0x00, 0x67, 0x01, 0x29, 0x02, 0x7a, 0x3d, 0x57,
    0x72, 0x69, 0x74, 0x65, 0x73, 0x20, 0x74, 0x68, 0x65, 0x20, 0x6f, 0x62, 0x6a, 0x65, 0x63, 0x74,
    0x27, 0x73, 0x20, 0x63, 0x6f, 0x6e, 0x74, 0x65, 0x6e, 0x74, 0x73, 0x20, 0x65, 0x6e, 0x63, 0x6f,
    0x64, 0x65, 0x64, 0x20, 0x74, 0x6f, 0x20, 0x73, 0x65, 0x6c, 0x66, 0x2e, 0x73, 0x74, 0x72, 0x65,
    0x61, 0x6d, 0x2e, 0x0a, 0x20, 0x20, 0x20, 0x20, 0x20, 0x20, 0x20, 0x20, 0x4e, 0x29, 0x04, 0x72,
    0x24, 0x00, 0x00, 0x00, 0x72, 0x59, 0x00, 0x00, 0x00, 0x72, 0xb1, 0x00, 0x00, 0x00, 0xda, 0x05,
    0x77, 0x72, 0x69, 0x74, 0x65, 0x29, 0x04, 0x72, 0x3e, 0x00, 0x00, 0x00, 0xda, 0x06, 0x6f, 0x62,
    0x6a, 0x65, 0x63, 0x74, 0x72, 0x86, 0x00, 0x00, 0x00, 0x72, 0x88, 0x00, 0x00, 0x00, 0x73, 0x04,
    0x00, 0x00, 0x00, 0x20, 0x20, 0x20, 0x20, 0x72, 0x3f, 0x00, 0x00, 0x00, 0x72, 0xb5, 0x00, 0x00,
    0x00, 0xda, 0x12, 0x53, 0x74, 0x72, 0x65, 0x61, 0x6d, 0x57, 0x72, 0x69, 0x74, 0x65, 0x72, 0x2e,
    0x77, 0x72, 0x69, 0x74, 0x65, 0x78, 0x01, 0x00, 0x00, 0x73, 0x2a, 0x00, 0x00, 0x00, 0x80, 0x00,
    0xf0, 0x08, 0x00, 0x1a, 0x1e, 0x9f, 0x1b, 0x99, 0x1b, 0xa0, 0x56, 0xaf, 0x5b, 0xa9, 0x5b, 0xd3,
    0x19, 0x39, 0x89, 0x0e, 0x88, 0x04, 0xd8, 0x08, 0x0c, 0x8f, 0x0b, 0x89, 0x0b, 0xd7, 0x08, 0x19,
    0xd1, 0x08, 0x19, 0x98, 0x24, 0xd5, 0x08, 0x1f, 0x72, 0x41, 0x00, 0x00, 0x00, 0x63, 0x02, 0x00,
    0x00, 0x00, 0x00, 0x00, 0x00, 0x00, 0x00, 0x00, 0x00, 0x00, 0x05, 0x00, 0x00, 0x00, 0x03, 0x00,
    0x00, 0x00, 0xf3, 0x44, 0x00, 0x00, 0x00, 0x95, 0x00, 0x55, 0x00, 0x52, 0x01, 0x00, 0x00, 0x00,
    0x00, 0x00, 0x00, 0x00, 0x00, 0x00, 0x00, 0x00, 0x00, 0x00, 0x00, 0x00, 0x00, 0x00, 0x00, 0x53,
    0x01, 0x52, 0x03, 0x00, 0x00, 0x00, 0x00, 0x00, 0x00, 0x00, 0x00, 0x00, 0x00, 0x00, 0x00, 0x00,
    0x00, 0x00, 0x00, 0x00, 0x00, 0x55, 0x01, 0x35, 0x01, 0x00, 0x00, 0x00, 0x00, 0x00, 0x00, 0x35,
    0x01, 0x00, 0x00, 0x00, 0x00, 0x00, 0x00, 0x20, 0x00, 0x67, 0x02, 0x29, 0x03, 0x7a, 0x46, 0x57,
    0x72, 0x69, 0x74, 0x65, 0x73, 0x20, 0x74, 0x68, 0x65, 0x20, 0x63, 0x6f, 0x6e, 0x63, 0x61, 0x74,
    0x65, 0x6e, 0x61, 0x74, 0x65, 0x64, 0x20, 0x6c, 0x69, 0x73, 0x74, 0x20, 0x6f, 0x66, 0x20, 0x73,
    0x74, 0x72, 0x69, 0x6e, 0x67, 0x73, 0x20, 0x74, 0x6f, 0x20, 0x74, 0x68, 0x65, 0x20, 0x73, 0x74,
    0x72, 0x65, 0x61, 0x6d, 0x0a, 0x75, 0x73, 0x69, 0x6e, 0x67, 0x20, 0x2e, 0x77, 0x72, 0x69, 0x74,
    0x65, 0x28, 0x29, 0x2e, 0x0a, 0x72, 0x62, 0x00, 0x00, 0x00, 0x4e, 0x29, 0x02, 0x72, 0xb5, 0x00,
    0x00, 0x00, 0xda, 0x04, 0x6a, 0x6f, 0x69, 0x6e, 0xa9, 0x02, 0x72, 0x3e, 0x00, 0x00, 0x00, 0xda,
    0x04, 0x6c, 0x69, 0x73, 0x74, 0x73, 0x02, 0x00, 0x00, 0x00, 0x20, 0x20, 0x72, 0x3f, 0x00, 0x00,
    0x00, 0xda, 0x0a, 0x77, 0x72, 0x69, 0x74, 0x65, 0x6c, 0x69, 0x6e, 0x65, 0x73, 0xda, 0x17, 0x53,
    0x74, 0x72, 0x65, 0x61, 0x6d, 0x57, 0x72, 0x69, 0x74, 0x65, 0x72, 0x2e, 0x77, 0x72, 0x69, 0x74,
    0x65, 0x6c, 0x69, 0x6e, 0x65, 0x73, 0x7f, 0x01, 0x00, 0x00, 0x73, 0x18, 0x00, 0x00, 0x00, 0x80,
    0x00, 0xf0, 0x0a, 0x00, 0x09, 0x0d, 0x8f, 0x0a, 0x89, 0x0a, 0x90, 0x32, 0x97, 0x37, 0x91, 0x37,
    0x98, 0x34, 0x93, 0x3d, 0xd5, 0x08, 0x21, 0x72, 0x41, 0x00, 0x00, 0x00, 0x63, 0x01, 0x00, 0x00,
    0x00, 0x00, 0x00, 0x00, 0x00, 0x00, 0x00, 0x00, 0x00, 0x01, 0x00, 0x00, 0x00, 0x03, 0x00, 0x00,
    0x00, 0xf3, 0x04, 0x00, 0x00, 0x00, 0x95, 0x00, 0x67, 0x01, 0x29, 0x02, 0x7a, 0xf9, 0x52, 0x65,
    0x73, 0x65, 0x74, 0x73, 0x20, 0x74, 0x68, 0x65, 0x20, 0x63, 0x6f, 0x64, 0x65, 0x63, 0x20, 0x62,
    0x75, 0x66, 0x66, 0x65, 0x72, 0x73, 0x20, 0x75, 0x73, 0x65, 0x64, 0x20, 0x66, 0x6f, 0x72, 0x20,
    0x6b, 0x65, 0x65, 0x70, 0x69, 0x6e, 0x67, 0x20, 0x69, 0x6e, 0x74, 0x65, 0x72, 0x6e, 0x61, 0x6c,
    0x20, 0x73, 0x74, 0x61, 0x74, 0x65, 0x2e, 0x0a, 0x0a, 0x43, 0x61, 0x6c, 0x6c, 0x69, 0x6e, 0x67,
    0x20, 0x74, 0x68, 0x69, 0x73, 0x20, 0x6d, 0x65, 0x74, 0x68, 0x6f, 0x64, 0x20, 0x73, 0x68, 0x6f,
    0x75, 0x6c, 0x64, 0x20, 0x65, 0x6e, 0x73, 0x75, 0x72, 0x65, 0x20, 0x74, 0x68, 0x61, 0x74, 0x20,
    0x74, 0x68, 0x65, 0x20, 0x64, 0x61, 0x74, 0x61, 0x20, 0x6f, 0x6e, 0x20, 0x74, 0x68, 0x65, 0x0a,
    0x6f, 0x75, 0x74, 0x70, 0x75, 0x74, 0x20, 0x69, 0x73, 0x20, 0x70, 0x75, 0x74, 0x20, 0x69, 0x6e,
    0x74, 0x6f, 0x20, 0x61, 0x20, 0x63, 0x6c, 0x65, 0x61, 0x6e, 0x20, 0x73, 0x74, 0x61, 0x74, 0x65,
    0x2c, 0x20, 0x74, 0x68, 0x61, 0x74, 0x20, 0x61, 0x6c, 0x6c, 0x6f, 0x77, 0x73, 0x20, 0x61, 0x70,
    0x70, 0x65, 0x6e, 0x64, 0x69, 0x6e, 0x67, 0x0a, 0x6f, 0x66, 0x20, 0x6e, 0x65, 0x77, 0x20, 0x66,
    0x72, 0x65, 0x73, 0x68, 0x20, 0x64, 0x61, 0x74, 0x61, 0x20, 0x77, 0x69, 0x74, 0x68, 0x6f, 0x75,
    0x74, 0x20, 0x68, 0x61, 0x76, 0x69, 0x6e, 0x67, 0x20, 0x74, 0x6f, 0x20, 0x72, 0x65, 0x73, 0x63,
    0x61, 0x6e, 0x20, 0x74, 0x68, 0x65, 0x20, 0x77, 0x68, 0x6f, 0x6c, 0x65, 0x0a, 0x73, 0x74, 0x72,
    0x65, 0x61, 0x6d, 0x20, 0x74, 0x6f, 0x20, 0x72, 0x65, 0x63, 0x6f, 0x76, 0x65, 0x72, 0x20, 0x73,
    0x74, 0x61, 0x74, 0x65, 0x2e, 0x0a, 0x0a, 0x4e, 0x72, 0x51, 0x00, 0x00, 0x00, 0x72, 0x47, 0x00,
    0x00, 0x00, 0x73, 0x01, 0x00, 0x00, 0x00, 0x20, 0x72, 0x3f, 0x00, 0x00, 0x00, 0x72, 0x6d, 0x00,
    0x00, 0x00, 0xda, 0x12, 0x53, 0x74, 0x72, 0x65, 0x61, 0x6d, 0x57, 0x72, 0x69, 0x74, 0x65, 0x72,
    0x2e, 0x72, 0x65, 0x73, 0x65, 0x74, 0x86, 0x01, 0x00, 0x00, 0x73, 0x07, 0x00, 0x00, 0x00, 0x80,
    0x00, 0xf0, 0x14, 0x00, 0x09, 0x0d, 0x72, 0x41, 0x00, 0x00, 0x00, 0x63, 0x03, 0x00, 0x00, 0x00,
    0x00, 0x00, 0x00, 0x00, 0x00, 0x00, 0x00, 0x00, 0x04, 0x00, 0x00, 0x00, 0x03, 0x00, 0x00, 0x00,
    0xf3, 0x76, 0x00, 0x00, 0x00, 0x95, 0x00, 0x55, 0x00, 0x52, 0x00, 0x00, 0x00, 0x00, 0x00, 0x00,
    0x00, 0x00, 0x00, 0x00, 0x00, 0x00, 0x00, 0x00, 0x00, 0x00, 0x00, 0x00, 0x00, 0x52, 0x03, 0x00,
    0x00, 0x00, 0x00, 0x00, 0x00, 0x00, 0x00, 0x00, 0x00, 0x00, 0x00, 0x00, 0x00, 0x00, 0x00, 0x00,
    0x00, 0x58, 0x12, 0x35, 0x02, 0x00, 0x00, 0x00, 0x00, 0x00, 0x00, 0x20, 0x00, 0x55, 0x02, 0x53,
    0x01, 0x3a, 0x58, 0x00, 0x00, 0x61, 0x18, 0x00, 0x00, 0x55, 0x01, 0x53, 0x01, 0x3a, 0x58, 0x00,
    0x00, 0x61, 0x11, 0x00, 0x00, 0x55, 0x00, 0x52, 0x05, 0x00, 0x00, 0x00, 0x00, 0x00, 0x00, 0x00,
    0x00, 0x00, 0x00, 0x00, 0x00, 0x00, 0x00, 0x00, 0x00, 0x00, 0x00, 0x35, 0x00, 0x00, 0x00, 0x00,
    0x00, 0x00, 0x00, 0x20, 0x00, 0x67, 0x00, 0x67, 0x00, 0x67, 0x00, 0x72, 0x8e, 0x00, 0x00, 0x00,
    0xa9, 0x03, 0x72, 0xb1, 0x00, 0x00, 0x00, 0xda, 0x04, 0x73, 0x65, 0x65, 0x6b, 0x72, 0x6d, 0x00,
    0x00, 0x00, 0xa9, 0x03, 0x72, 0x3e, 0x00, 0x00, 0x00, 0xda, 0x06, 0x6f, 0x66, 0x66, 0x73, 0x65,
    0x74, 0xda, 0x06, 0x77, 0x68, 0x65, 0x6e, 0x63, 0x65, 0x73, 0x03, 0x00, 0x00, 0x00, 0x20, 0x20,
    0x20, 0x72, 0x3f, 0x00, 0x00, 0x00, 0x72, 0xc2, 0x00, 0x00, 0x00, 0xda, 0x11, 0x53, 0x74, 0x72,
    0x65, 0x61, 0x6d, 0x57, 0x72, 0x69, 0x74, 0x65, 0x72, 0x2e, 0x73, 0x65, 0x65, 0x6b, 0x92, 0x01,
    0x00, 0x00, 0x73, 0x31, 0x00, 0x00, 0x00, 0x80, 0x00, 0xd8, 0x08, 0x0c, 0x8f, 0x0b, 0x89, 0x0b,
    0xd7, 0x08, 0x18, 0xd1, 0x08, 0x18, 0x98, 0x16, 0xd4, 0x08, 0x28, 0xd8, 0x0b, 0x11, 0x90, 0x51,
    0x8b, 0x3b, 0x98, 0x36, 0xa0, 0x51, 0x9b, 0x3b, 0xd8, 0x0c, 0x10, 0x8f, 0x4a, 0x89, 0x4a, 0x8d,
    0x4c, 0xf0, 0x03, 0x00, 0x1c, 0x27, 0x88, 0x3b, 0x72, 0x41, 0x00, 0x00, 0x00, 0x63, 0x03, 0x00,
    0x00, 0x00, 0x00, 0x00, 0x00, 0x00, 0x00, 0x00, 0x00, 0x00, 0x04, 0x00, 0x00, 0x00, 0x03, 0x00,
    0x00, 0x00, 0xf3, 0x28, 0x00, 0x00, 0x00, 0x95, 0x00, 0x55, 0x02, 0x22, 0x00, 0x55, 0x00, 0x52,
    0x00, 0x00, 0x00, 0x00, 0x00, 0x00, 0x00, 0x00, 0x00, 0x00, 0x00, 0x00, 0x00, 0x00, 0x00, 0x00,
    0x00, 0x00, 0x00, 0x55, 0x01, 0x35, 0x02, 0x00, 0x00, 0x00, 0x00, 0x00, 0x00, 0x24, 0x00, 0xa9,
    0x01, 0x7a, 0x3e, 0x49, 0x6e, 0x68, 0x65, 0x72, 0x69, 0x74, 0x20, 0x61, 0x6c, 0x6c, 0x20, 0x6f,
    0x74, 0x68, 0x65, 0x72, 0x20, 0x6d, 0x65, 0x74, 0x68, 0x6f, 0x64, 0x73, 0x20, 0x66, 0x72, 0x6f,
    0x6d, 0x20, 0x74, 0x68, 0x65, 0x20, 0x75, 0x6e, 0x64, 0x65, 0x72, 0x6c, 0x79, 0x69, 0x6e, 0x67,
    0x20, 0x73, 0x74, 0x72, 0x65, 0x61, 0x6d, 0x2e, 0x0a, 0x20, 0x20, 0x20, 0x20, 0x20, 0x20, 0x20,
    0x20, 0xa9, 0x01, 0x72, 0xb1, 0x00, 0x00, 0x00, 0xa9, 0x03, 0x72, 0x3e, 0x00, 0x00, 0x00, 0x72,
    0x38, 0x00, 0x00, 0x00, 0xda, 0x07, 0x67, 0x65, 0x74, 0x61, 0x74, 0x74, 0x72, 0x73, 0x03, 0x00,
    0x00, 0x00, 0x20, 0x20, 0x20, 0x72, 0x3f, 0x00, 0x00, 0x00, 0xda, 0x0b, 0x5f, 0x5f, 0x67, 0x65,
    0x74, 0x61, 0x74, 0x74, 0x72, 0x5f, 0x5f, 0xda, 0x18, 0x53, 0x74, 0x72, 0x65, 0x61, 0x6d, 0x57,
    0x72, 0x69, 0x74, 0x65, 0x72, 0x2e, 0x5f, 0x5f, 0x67, 0x65, 0x74, 0x61, 0x74, 0x74, 0x72, 0x5f,
    0x5f, 0x97, 0x01, 0x00, 0x00, 0xf3, 0x15, 0x00, 0x00, 0x00, 0x80, 0x00, 0xf1, 0x0a, 0x00, 0x10,
    0x17, 0x90, 0x74, 0x97, 0x7b, 0x91, 0x7b, 0xa0, 0x44, 0xd3, 0x0f, 0x29, 0xd0, 0x08, 0x29, 0x72,
    0x41, 0x00, 0x00, 0x00, 0x63, 0x01, 0x00, 0x00, 0x00, 0x00, 0x00, 0x00, 0x00, 0x00, 0x00, 0x00,
    0x00, 0x01, 0x00, 0x00, 0x00, 0x03, 0x00, 0x00, 0x00, 0xf3, 0x06, 0x00, 0x00, 0x00, 0x95, 0x00,
    0x55, 0x00, 0x24, 0x00, 0x72, 0x35, 0x00, 0x00, 0x00, 0x72, 0x51, 0x00, 0x00, 0x00, 0x72, 0x47,
    0x00, 0x00, 0x00, 0x73, 0x01, 0x00, 0x00, 0x00, 0x20, 0x72, 0x3f, 0x00, 0x00, 0x00, 0xda, 0x09,
    0x5f, 0x5f, 0x65, 0x6e, 0x74, 0x65, 0x72, 0x5f, 0x5f, 0xda, 0x16, 0x53, 0x74, 0x72, 0x65, 0x61,
    0x6d, 0x57, 0x72, 0x69, 0x74, 0x65, 0x72, 0x2e, 0x5f, 0x5f, 0x65, 0x6e, 0x74, 0x65, 0x72, 0x5f,
    0x5f, 0x9e, 0x01, 0x00, 0x00, 0xf3, 0x07, 0x00, 0x00, 0x00, 0x80, 0x00, 0xd8, 0x0f, 0x13, 0x88,
    0x0b, 0x72, 0x41, 0x00, 0x00, 0x00, 0x63, 0x04, 0x00, 0x00, 0x00, 0x00, 0x00, 0x00, 0x00, 0x00,
    0x00, 0x00, 0x00, 0x02, 0x00, 0x00, 0x00, 0x03, 0x00, 0x00, 0x00, 0xf3, 0x38, 0x00, 0x00, 0x00,
    0x95, 0x00, 0x55, 0x00, 0x52, 0x00, 0x00, 0x00, 0x00, 0x00, 0x00, 0x00, 0x00, 0x00, 0x00, 0x00,
    0x00, 0x00, 0x00, 0x00, 0x00, 0x00, 0x00, 0x00, 0x52, 0x03, 0x00, 0x00, 0x00, 0x00, 0x00, 0x00,
    0x00, 0x00, 0x00, 0x00, 0x00, 0x00, 0x00, 0x00, 0x00, 0x00, 0x00, 0x00, 0x35, 0x00, 0x00, 0x00,
    0x00, 0x00, 0x00, 0x00, 0x20, 0x00, 0x67, 0x00, 0x72, 0x35, 0x00, 0x00, 0x00, 0xa9, 0x02, 0x72,
    0xb1, 0x00, 0x00, 0x00, 0xda, 0x05, 0x63, 0x6c, 0x6f, 0x73, 0x65, 0xa9, 0x04, 0x72, 0x3e, 0x00,
    0x00, 0x00, 0xda, 0x04, 0x74, 0x79, 0x70, 0x65, 0xda, 0x05, 0x76, 0x61, 0x6c, 0x75, 0x65, 0xda,
    0x02, 0x74, 0x62, 0x73, 0x04, 0x00, 0x00, 0x00, 0x20, 0x20, 0x20, 0x20, 0x72, 0x3f, 0x00, 0x00,
    0x00, 0xda, 0x08, 0x5f, 0x5f, 0x65, 0x78, 0x69, 0x74, 0x5f, 0x5f, 0xda, 0x15, 0x53, 0x74, 0x72,
    0x65, 0x61, 0x6d, 0x57, 0x72, 0x69, 0x74, 0x65, 0x72, 0x2e, 0x5f, 0x5f, 0x65, 0x78, 0x69, 0x74,
    0x5f, 0x5f, 0xa1, 0x01, 0x00, 0x00, 0xf3, 0x12, 0x00, 0x00, 0x00, 0x80, 0x00, 0xd8, 0x08, 0x0c,
    0x8f, 0x0b, 0x89, 0x0b, 0xd7, 0x08, 0x19, 0xd1, 0x08, 0x19, 0xd5, 0x08, 0x1b, 0x72, 0x41, 0x00,
    0x00, 0x00, 0x63, 0x02, 0x00, 0x00, 0x00, 0x00, 0x00, 0x00, 0x00, 0x00, 0x00, 0x00, 0x00, 0x04,
    0x00, 0x00, 0x00, 0x03, 0x00, 0x00, 0x00, 0xf3, 0x46, 0x00, 0x00, 0x00, 0x95, 0x00, 0x5b, 0x01,
    0x00, 0x00, 0x00, 0x00, 0x00, 0x00, 0x00, 0x00, 0x53, 0x01, 0x55, 0x00, 0x52, 0x02, 0x00, 0x00,
    0x00, 0x00, 0x00, 0x00, 0x00, 0x00, 0x00, 0x00, 0x00, 0x00, 0x00, 0x00, 0x00, 0x00, 0x00, 0x00,
    0x52, 0x04, 0x00, 0x00, 0x00, 0x00, 0x00, 0x00, 0x00, 0x00, 0x00, 0x00, 0x00, 0x00, 0x00, 0x00,
    0x00, 0x00, 0x00, 0x00, 0x2d, 0x06, 0x00, 0x00, 0x35, 0x01, 0x00, 0x00, 0x00, 0x00, 0x00, 0x00,
    0x65, 0x01, 0xa9, 0x02, 0x4e, 0x7a, 0x12, 0x63, 0x61, 0x6e, 0x27, 0x74, 0x20, 0x73, 0x65, 0x72,
    0x69, 0x61, 0x6c, 0x69, 0x7a, 0x65, 0x20, 0x25, 0x73, 0xa9, 0x03, 0xda, 0x09, 0x54, 0x79, 0x70,
    0x65, 0x45, 0x72, 0x72, 0x6f, 0x72, 0x72, 0x43, 0x00, 0x00, 0x00, 0x72, 0x4d, 0x00, 0x00, 0x00,
    0xa9, 0x02, 0x72, 0x3e, 0x00, 0x00, 0x00, 0xda, 0x05, 0x70, 0x72, 0x6f, 0x74, 0x6f, 0x73, 0x02,
    0x00, 0x00, 0x00, 0x20, 0x20, 0x72, 0x3f, 0x00, 0x00, 0x00, 0xda, 0x0d, 0x5f, 0x5f, 0x72, 0x65,
    0x64, 0x75, 0x63, 0x65, 0x5f, 0x65, 0x78, 0x5f, 0x5f, 0xda, 0x1a, 0x53, 0x74, 0x72, 0x65, 0x61,
    0x6d, 0x57, 0x72, 0x69, 0x74, 0x65, 0x72, 0x2e, 0x5f, 0x5f, 0x72, 0x65, 0x64, 0x75, 0x63, 0x65,
    0x5f, 0x65, 0x78, 0x5f, 0x5f, 0xa4, 0x01, 0x00, 0x00, 0xf3, 0x1d, 0x00, 0x00, 0x00, 0x80, 0x00,
    0xdc, 0x0e, 0x17, 0xd0, 0x18, 0x2c, 0xa8, 0x74, 0xaf, 0x7e, 0xa9, 0x7e, 0xd7, 0x2f, 0x46, 0xd1,
    0x2f, 0x46, 0xd1, 0x18, 0x46, 0xd3, 0x0e, 0x47, 0xd0, 0x08, 0x47, 0x72, 0x41, 0x00, 0x00, 0x00,
    0x29, 0x02, 0x72, 0x59, 0x00, 0x00, 0x00, 0x72, 0xb1, 0x00, 0x00, 0x00, 0x4e, 0x72, 0x5d, 0x00,
    0x00, 0x00, 0xa9, 0x01, 0x72, 0x02, 0x00, 0x00, 0x00, 0x29, 0x0f, 0x72, 0x4d, 0x00, 0x00, 0x00,
    0x72, 0x44, 0x00, 0x00, 0x00, 0x72, 0x45, 0x00, 0x00, 0x00, 0x72, 0x4e, 0x00, 0x00, 0x00, 0x72,
    0x65, 0x00, 0x00, 0x00, 0x72, 0xb5, 0x00, 0x00, 0x00, 0x72, 0xbc, 0x00, 0x00, 0x00, 0x72, 0x6d,
    0x00, 0x00, 0x00, 0x72, 0xc2, 0x00, 0x00, 0x00, 0x72, 0xcb, 0x00, 0x00, 0x00, 0x72, 0xcc, 0x00,
    0x00, 0x00, 0x72, 0xd0, 0x00, 0x00, 0x00, 0x72, 0xda, 0x00, 0x00, 0x00, 0x72, 0xe3, 0x00, 0x00,
    0x00, 0x72, 0x50, 0x00, 0x00, 0x00, 0x72, 0x51, 0x00, 0x00, 0x00, 0x72, 0x41, 0x00, 0x00, 0x00,
    0x72, 0x3f, 0x00, 0x00, 0x00, 0x72, 0x1b, 0x00, 0x00, 0x00, 0x72, 0x1b, 0x00, 0x00, 0x00, 0x5d,
    0x01, 0x00, 0x00, 0x73, 0x35, 0x00, 0x00, 0x00, 0x86, 0x00, 0xf4, 0x04, 0x17, 0x05, 0x1d, 0xf2,
    0x32, 0x05, 0x05, 0x20, 0xf2, 0x0e, 0x05, 0x05, 0x22, 0xf2, 0x0e, 0x0a, 0x05, 0x0d, 0xf4, 0x18,
    0x03, 0x05, 0x19, 0xf0, 0x0c, 0x00, 0x1d, 0x24, 0xf4, 0x03, 0x05, 0x05, 0x2a, 0xf2, 0x0e, 0x01,
    0x05, 0x14, 0xf2, 0x06, 0x01, 0x05, 0x1c, 0xf5, 0x06, 0x01, 0x05, 0x48, 0x01, 0x72, 0x41, 0x00,
    0x00, 0x00, 0x72, 0x1b, 0x00, 0x00, 0x00, 0x63, 0x00, 0x00, 0x00, 0x00, 0x00, 0x00, 0x00, 0x00,
    0x00, 0x00, 0x00, 0x00, 0x02, 0x00, 0x00, 0x00, 0x00, 0x00, 0x00, 0x00, 0xf3, 0x84, 0x00, 0x00,
    0x00, 0x95, 0x00, 0x5c, 0x00, 0x72, 0x01, 0x53, 0x00, 0x72, 0x02, 0x53, 0x01, 0x72, 0x03, 0x5c,
    0x04, 0x72, 0x05, 0x53, 0x11, 0x53, 0x02, 0x1a, 0x00, 0x6a, 0x01, 0x72, 0x06, 0x53, 0x11, 0x53,
    0x03, 0x1a, 0x00, 0x6a, 0x01, 0x72, 0x07, 0x53, 0x12, 0x53, 0x04, 0x1a, 0x00, 0x6a, 0x01, 0x72,
    0x08, 0x53, 0x13, 0x53, 0x06, 0x1a, 0x00, 0x6a, 0x01, 0x72, 0x09, 0x53, 0x13, 0x53, 0x07, 0x1a,
    0x00, 0x6a, 0x01, 0x72, 0x0a, 0x53, 0x08, 0x1a, 0x00, 0x72, 0x0b, 0x53, 0x14, 0x53, 0x09, 0x1a,
    0x00, 0x6a, 0x01, 0x72, 0x0c, 0x53, 0x0a, 0x1a, 0x00, 0x72, 0x0d, 0x53, 0x0b, 0x1a, 0x00, 0x72,
    0x0e, 0x5c, 0x0f, 0x34, 0x01, 0x53, 0x0c, 0x1a, 0x00, 0x6a, 0x01, 0x72, 0x10, 0x53, 0x0d, 0x1a,
    0x00, 0x72, 0x11, 0x53, 0x0e, 0x1a, 0x00, 0x72, 0x12, 0x53, 0x0f, 0x1a, 0x00, 0x72, 0x13, 0x53,
    0x10, 0x72, 0x14, 0x67, 0x05, 0x29, 0x15, 0x72, 0x1a, 0x00, 0x00, 0x00, 0x69, 0xa9, 0x01, 0x00,
    0x00, 0x63, 0x03, 0x00, 0x00, 0x00, 0x00, 0x00, 0x00, 0x00, 0x00, 0x00, 0x00, 0x00, 0x02, 0x00,
    0x00, 0x00, 0x03, 0x00, 0x00, 0x00, 0xf3, 0x84, 0x00, 0x00, 0x00, 0x95, 0x00, 0x58, 0x10, 0x6c,
    0x00, 0x00, 0x00, 0x00, 0x00, 0x00, 0x00, 0x00, 0x00, 0x58, 0x20, 0x6c, 0x01, 0x00, 0x00, 0x00,
    0x00, 0x00, 0x00, 0x00, 0x00, 0x53, 0x01, 0x55, 0x00, 0x6c, 0x02, 0x00, 0x00, 0x00, 0x00, 0x00,
    0x00, 0x00, 0x00, 0x55, 0x00, 0x52, 0x07, 0x00, 0x00, 0x00, 0x00, 0x00, 0x00, 0x00, 0x00, 0x00,
    0x00, 0x00, 0x00, 0x00, 0x00, 0x00, 0x00, 0x00, 0x00, 0x35, 0x00, 0x00, 0x00, 0x00, 0x00, 0x00,
    0x00, 0x55, 0x00, 0x6c, 0x04, 0x00, 0x00, 0x00, 0x00, 0x00, 0x00, 0x00, 0x00, 0x55, 0x00, 0x52,
    0x08, 0x00, 0x00, 0x00, 0x00, 0x00, 0x00, 0x00, 0x00, 0x00, 0x00, 0x00, 0x00, 0x00, 0x00, 0x00,
    0x00, 0x00, 0x00, 0x55, 0x00, 0x6c, 0x05, 0x00, 0x00, 0x00, 0x00, 0x00, 0x00, 0x00, 0x00, 0x53,
    0x02, 0x55, 0x00, 0x6c, 0x06, 0x00, 0x00, 0x00, 0x00, 0x00, 0x00, 0x00, 0x00, 0x67, 0x02, 0x29,
    0x03, 0x61, 0x0c, 0x02, 0x00, 0x00, 0x43, 0x72, 0x65, 0x61, 0x74, 0x65, 0x73, 0x20, 0x61, 0x20,
    0x53, 0x74, 0x72, 0x65, 0x61, 0x6d, 0x52, 0x65, 0x61, 0x64, 0x65, 0x72, 0x20, 0x69, 0x6e, 0x73,
    0x74, 0x61, 0x6e, 0x63, 0x65, 0x2e, 0x0a, 0x0a, 0x73, 0x74, 0x72, 0x65, 0x61, 0x6d, 0x20, 0x6d,
    0x75, 0x73, 0x74, 0x20, 0x62, 0x65, 0x20, 0x61, 0x20, 0x66, 0x69, 0x6c, 0x65, 0x2d, 0x6c, 0x69,
    0x6b, 0x65, 0x20, 0x6f, 0x62, 0x6a, 0x65, 0x63, 0x74, 0x20, 0x6f, 0x70, 0x65, 0x6e, 0x20, 0x66,
    0x6f, 0x72, 0x20, 0x72, 0x65, 0x61, 0x64, 0x69, 0x6e, 0x67, 0x2e, 0x0a, 0x0a, 0x54, 0x68, 0x65,
    0x20, 0x53, 0x74, 0x72, 0x65, 0x61, 0x6d, 0x52, 0x65, 0x61, 0x64, 0x65, 0x72, 0x20, 0x6d, 0x61,
    0x79, 0x20, 0x75, 0x73, 0x65, 0x20, 0x64, 0x69, 0x66, 0x66, 0x65, 0x72, 0x65, 0x6e, 0x74, 0x20,
    0x65, 0x72, 0x72, 0x6f, 0x72, 0x20, 0x68, 0x61, 0x6e, 0x64, 0x6c, 0x69, 0x6e, 0x67, 0x0a, 0x73,
    0x63, 0x68, 0x65, 0x6d, 0x65, 0x73, 0x20, 0x62, 0x79, 0x20, 0x70, 0x72, 0x6f, 0x76, 0x69, 0x64,
    0x69, 0x6e, 0x67, 0x20, 0x74, 0x68, 0x65, 0x20, 0x65, 0x72, 0x72, 0x6f, 0x72, 0x73, 0x20, 0x6b,
    0x65, 0x79, 0x77, 0x6f, 0x72, 0x64, 0x20, 0x61, 0x72, 0x67, 0x75, 0x6d, 0x65, 0x6e, 0x74, 0x2e,
    0x20, 0x54, 0x68, 0x65, 0x73, 0x65, 0x0a, 0x70, 0x61, 0x72, 0x61, 0x6d, 0x65, 0x74, 0x65, 0x72,
    0x73, 0x20, 0x61, 0x72, 0x65, 0x20, 0x70, 0x72, 0x65, 0x64, 0x65, 0x66, 0x69, 0x6e, 0x65, 0x64,
    0x3a, 0x0a, 0x0a, 0x20, 0x27, 0x73, 0x74, 0x72, 0x69, 0x63, 0x74, 0x27, 0x20, 0x2d, 0x20, 0x72,
    0x61, 0x69, 0x73, 0x65, 0x20, 0x61, 0x20, 0x56, 0x61, 0x6c, 0x75, 0x65, 0x45, 0x72, 0x72, 0x6f,
    0x72, 0x20, 0x28, 0x6f, 0x72, 0x20, 0x61, 0x20, 0x73, 0x75, 0x62, 0x63, 0x6c, 0x61, 0x73, 0x73,
    0x29, 0x0a, 0x20, 0x27, 0x69, 0x67, 0x6e, 0x6f, 0x72, 0x65, 0x27, 0x20, 0x2d, 0x20, 0x69, 0x67,
    0x6e, 0x6f, 0x72, 0x65, 0x20, 0x74, 0x68, 0x65, 0x20, 0x63, 0x68, 0x61, 0x72, 0x61, 0x63, 0x74,
    0x65, 0x72, 0x20, 0x61, 0x6e, 0x64, 0x20, 0x63, 0x6f, 0x6e, 0x74, 0x69, 0x6e, 0x75, 0x65, 0x20,
    0x77, 0x69, 0x74, 0x68, 0x20, 0x74, 0x68, 0x65, 0x20, 0x6e, 0x65, 0x78, 0x74, 0x0a, 0x20, 0x27,
    0x72, 0x65, 0x70, 0x6c, 0x61, 0x63, 0x65, 0x27, 0x2d, 0x20, 0x72, 0x65, 0x70, 0x6c, 0x61, 0x63,
    0x65, 0x20, 0x77, 0x69, 0x74, 0x68, 0x20, 0x61, 0x20, 0x73, 0x75, 0x69, 0x74, 0x61, 0x62, 0x6c,
    0x65, 0x20, 0x72, 0x65, 0x70, 0x6c, 0x61, 0x63, 0x65, 0x6d, 0x65, 0x6e, 0x74, 0x20, 0x63, 0x68,
    0x61, 0x72, 0x61, 0x63, 0x74, 0x65, 0x72, 0x0a, 0x20, 0x27, 0x62, 0x61, 0x63, 0x6b, 0x73, 0x6c,
    0x61, 0x73, 0x68, 0x72, 0x65, 0x70, 0x6c, 0x61, 0x63, 0x65, 0x27, 0x20, 0x2d, 0x20, 0x52, 0x65,
    0x70, 0x6c, 0x61, 0x63, 0x65, 0x20, 0x77, 0x69, 0x74, 0x68, 0x20, 0x62, 0x61, 0x63, 0x6b, 0x73,
    0x6c, 0x61, 0x73, 0x68, 0x65, 0x64, 0x20, 0x65, 0x73, 0x63, 0x61, 0x70, 0x65, 0x20, 0x73, 0x65,
    0x71, 0x75, 0x65, 0x6e, 0x63, 0x65, 0x73, 0x3b, 0x0a, 0x0a, 0x54, 0x68, 0x65, 0x20, 0x73, 0x65,
    0x74, 0x20, 0x6f, 0x66, 0x20, 0x61, 0x6c, 0x6c, 0x6f, 0x77, 0x65, 0x64, 0x20, 0x70, 0x61, 0x72,
    0x61, 0x6d, 0x65, 0x74, 0x65, 0x72, 0x20, 0x76, 0x61, 0x6c, 0x75, 0x65, 0x73, 0x20, 0x63, 0x61,
    0x6e, 0x20, 0x62, 0x65, 0x20, 0x65, 0x78, 0x74, 0x65, 0x6e, 0x64, 0x65, 0x64, 0x20, 0x76, 0x69,
    0x61, 0x0a, 0x72, 0x65, 0x67, 0x69, 0x73, 0x74, 0x65, 0x72, 0x5f, 0x65, 0x72, 0x72, 0x6f, 0x72,
    0x2e, 0x0a, 0x72, 0x41, 0x00, 0x00, 0x00, 0x4e, 0x29, 0x07, 0x72, 0xb1, 0x00, 0x00, 0x00, 0x72,
    0x59, 0x00, 0x00, 0x00, 0xda, 0x0a, 0x62, 0x79, 0x74, 0x65, 0x62, 0x75, 0x66, 0x66, 0x65, 0x72,
    0xda, 0x0e, 0x63, 0x68, 0x61, 0x72, 0x62, 0x75, 0x66, 0x66, 0x65, 0x72, 0x74, 0x79, 0x70, 0x65,
    0xda, 0x11, 0x5f, 0x65, 0x6d, 0x70, 0x74, 0x79, 0x5f, 0x63, 0x68, 0x61, 0x72, 0x62, 0x75, 0x66,
    0x66, 0x65, 0x72, 0xda, 0x0a, 0x63, 0x68, 0x61, 0x72, 0x62, 0x75, 0x66, 0x66, 0x65, 0x72, 0xda,
    0x0a, 0x6c, 0x69, 0x6e, 0x65, 0x62, 0x75, 0x66, 0x66, 0x65, 0x72, 0x72, 0xb2, 0x00, 0x00, 0x00,
    0x73, 0x03, 0x00, 0x00, 0x00, 0x20, 0x20, 0x20, 0x72, 0x3f, 0x00, 0x00, 0x00, 0x72, 0x65, 0x00,
    0x00, 0x00, 0xda, 0x15, 0x53, 0x74, 0x72, 0x65, 0x61, 0x6d, 0x52, 0x65, 0x61, 0x64, 0x65, 0x72,
    0x2e, 0x5f, 0x5f, 0x69, 0x6e, 0x69, 0x74, 0x5f, 0x5f, 0xad, 0x01, 0x00, 0x00, 0x73, 0x3a, 0x00,
    0x00, 0x00, 0x80, 0x00, 0xf0, 0x24, 0x00, 0x17, 0x1d, 0x8c, 0x0b, 0xd8, 0x16, 0x1c, 0x8c, 0x0b,
    0xd8, 0x1a, 0x1d, 0x88, 0x04, 0x8c, 0x0f, 0xd8, 0x21, 0x25, 0xd7, 0x21, 0x34, 0xd1, 0x21, 0x34,
    0xd3, 0x21, 0x36, 0x88, 0x04, 0xd4, 0x08, 0x1e, 0xd8, 0x1a, 0x1e, 0xd7, 0x1a, 0x30, 0xd1, 0x1a,
    0x30, 0x88, 0x04, 0x8c, 0x0f, 0xd8, 0x1a, 0x1e, 0x88, 0x04, 0x8d, 0x0f, 0x72, 0x41, 0x00, 0x00,
    0x00, 0x63, 0x03, 0x00, 0x00, 0x00, 0x00, 0x00, 0x00, 0x00, 0x00, 0x00, 0x00, 0x00, 0x01, 0x00,
    0x00, 0x00, 0x03, 0x00, 0x00, 0x00, 0xf3, 0x0e, 0x00, 0x00, 0x00, 0x95, 0x00, 0x5b, 0x00, 0x00,
    0x00, 0x00, 0x00, 0x00, 0x00, 0x00, 0x00, 0x65, 0x01, 0x72, 0x35, 0x00, 0x00, 0x00, 0x72, 0x55,
    0x00, 0x00, 0x00, 0x72, 0x57, 0x00, 0x00, 0x00, 0x73, 0x03, 0x00, 0x00, 0x00, 0x20, 0x20, 0x20,
    0x72, 0x3f, 0x00, 0x00, 0x00, 0x72, 0x25, 0x00, 0x00, 0x00, 0xda, 0x13, 0x53, 0x74, 0x72, 0x65,
    0x61, 0x6d, 0x52, 0x65, 0x61, 0x64, 0x65, 0x72, 0x2e, 0x64, 0x65, 0x63, 0x6f, 0x64, 0x65, 0xc6,
    0x01, 0x00, 0x00, 0x73, 0x08, 0x00, 0x00, 0x00, 0x80, 0x00, 0xdc, 0x0e, 0x21, 0xd0, 0x08, 0x21,
    0x72, 0x41, 0x00, 0x00, 0x00, 0x63, 0x04, 0x00, 0x00, 0x00, 0x00, 0x00, 0x00, 0x00, 0x00, 0x00,
    0x00, 0x00, 0x06, 0x00, 0x00, 0x00, 0x03, 0x00, 0x00, 0x00, 0xf3, 0x70, 0x03, 0x00, 0x00, 0x95,
    0x00, 0x55, 0x00, 0x52, 0x00, 0x00, 0x00, 0x00, 0x00, 0x00, 0x00, 0x00, 0x00, 0x00, 0x00, 0x00,
    0x00, 0x00, 0x00, 0x00, 0x00, 0x00, 0x00, 0x28, 0x00, 0x00, 0x00, 0x00, 0x00, 0x00, 0x00, 0x61,
    0x31, 0x00, 0x00, 0x55, 0x00, 0x52, 0x02, 0x00, 0x00, 0x00, 0x00, 0x00, 0x00, 0x00, 0x00, 0x00,
    0x00, 0x00, 0x00, 0x00, 0x00, 0x00, 0x00, 0x00, 0x00, 0x52, 0x05, 0x00, 0x00, 0x00, 0x00, 0x00,
    0x00, 0x00, 0x00, 0x00, 0x00, 0x00, 0x00, 0x00, 0x00, 0x00, 0x00, 0x00, 0x00, 0x55, 0x00, 0x52,
    0x00, 0x00, 0x00, 0x00, 0x00, 0x00, 0x00, 0x00, 0x00, 0x00, 0x00, 0x00, 0x00, 0x00, 0x00, 0x00,
    0x00, 0x00, 0x00, 0x35, 0x01, 0x00, 0x00, 0x00, 0x00, 0x00, 0x00, 0x55, 0x00, 0x6c, 0x03, 0x00,
    0x00, 0x00, 0x00, 0x00, 0x00, 0x00, 0x00, 0x53, 0x01, 0x55, 0x00, 0x6c, 0x00, 0x00, 0x00, 0x00,
    0x00, 0x00, 0x00, 0x00, 0x00, 0x55, 0x02, 0x53, 0x02, 0x3a, 0x12, 0x00, 0x00, 0x61, 0x02, 0x00,
    0x00, 0x55, 0x01, 0x6e, 0x02, 0x1e, 0x00, 0x55, 0x02, 0x53, 0x02, 0x3a, 0xbc, 0x00, 0x00, 0x61,
    0x1a, 0x00, 0x00, 0x5b, 0x09, 0x00, 0x00, 0x00, 0x00, 0x00, 0x00, 0x00, 0x00, 0x55, 0x00, 0x52,
    0x06, 0x00, 0x00, 0x00, 0x00, 0x00, 0x00, 0x00, 0x00, 0x00, 0x00, 0x00, 0x00, 0x00, 0x00, 0x00,
    0x00, 0x00, 0x00, 0x35, 0x01, 0x00, 0x00, 0x00, 0x00, 0x00, 0x00, 0x55, 0x02, 0x3a, 0xbc, 0x00,
    0x00, 0x61, 0x01, 0x00, 0x00, 0x4f, 0x99, 0x55, 0x01, 0x53, 0x02, 0x3a, 0x12, 0x00, 0x00, 0x61,
    0x1b, 0x00, 0x00, 0x55, 0x00, 0x52, 0x0a, 0x00, 0x00, 0x00, 0x00, 0x00, 0x00, 0x00, 0x00, 0x00,
    0x00, 0x00, 0x00, 0x00, 0x00, 0x00, 0x00, 0x00, 0x00, 0x52, 0x0d, 0x00, 0x00, 0x00, 0x00, 0x00,
    0x00, 0x00, 0x00, 0x00, 0x00, 0x00, 0x00, 0x00, 0x00, 0x00, 0x00, 0x00, 0x00, 0x35, 0x00, 0x00,
    0x00, 0x00, 0x00, 0x00, 0x00, 0x6e, 0x04, 0x4f, 0x1b, 0x55, 0x00, 0x52, 0x0a, 0x00, 0x00, 0x00,
    0x00, 0x00, 0x00, 0x00, 0x00, 0x00, 0x00, 0x00, 0x00, 0x00, 0x00, 0x00, 0x00, 0x00, 0x00, 0x52,
    0x0d, 0x00, 0x00, 0x00, 0x00, 0x00, 0x00, 0x00, 0x00, 0x00, 0x00, 0x00, 0x00, 0x00, 0x00, 0x00,
    0x00, 0x00, 0x00, 0x55, 0x01, 0x35, 0x01, 0x00, 0x00, 0x00, 0x00, 0x00, 0x00, 0x6e, 0x04, 0x55,
    0x00, 0x52, 0x0e, 0x00, 0x00, 0x00, 0x00, 0x00, 0x00, 0x00, 0x00, 0x00, 0x00, 0x00, 0x00, 0x00,
    0x00, 0x00, 0x00, 0x00, 0x00, 0x55, 0x04, 0x2d, 0x00, 0x00, 0x00, 0x6e, 0x05, 0x55, 0x05, 0x28,
    0x00, 0x00, 0x00, 0x00, 0x00, 0x00, 0x00, 0x64, 0x01, 0x00, 0x00, 0x4f, 0x46, 0x1e, 0x00, 0x55,
    0x00, 0x52, 0x11, 0x00, 0x00, 0x00, 0x00, 0x00, 0x00, 0x00, 0x00, 0x00, 0x00, 0x00, 0x00, 0x00,
    0x00, 0x00, 0x00, 0x00, 0x00, 0x58, 0x50, 0x52, 0x12, 0x00, 0x00, 0x00, 0x00, 0x00, 0x00, 0x00,
    0x00, 0x00, 0x00, 0x00, 0x00, 0x00, 0x00, 0x00, 0x00, 0x00, 0x00, 0x35, 0x02, 0x00, 0x00, 0x00,
    0x00, 0x00, 0x00, 0x75, 0x02, 0x00, 0x00, 0x70, 0x67, 0x58, 0x57, 0x53, 0x01, 0x04, 0x00, 0x55,
    0x00, 0x6c, 0x07, 0x00, 0x00, 0x00, 0x00, 0x00, 0x00, 0x00, 0x00, 0x55, 0x00, 0x3d, 0x01, 0x52,
    0x06, 0x00, 0x00, 0x00, 0x00, 0x00, 0x00, 0x00, 0x00, 0x00, 0x00, 0x00, 0x00, 0x00, 0x00, 0x00,
    0x00, 0x00, 0x00, 0x55, 0x06, 0x2d, 0x0d, 0x00, 0x00, 0x73, 0x02, 0x6c, 0x03, 0x00, 0x00, 0x00,
    0x00, 0x00, 0x00, 0x00, 0x00, 0x55, 0x04, 0x28, 0x00, 0x00, 0x00, 0x00, 0x00, 0x00, 0x00, 0x64,
    0x01, 0x00, 0x00, 0x4f, 0x02, 0x4d, 0xb9, 0x00, 0x00, 0x55, 0x02, 0x53, 0x02, 0x3a, 0x12, 0x00,
    0x00, 0x61, 0x1f, 0x00, 0x00, 0x55, 0x00, 0x52, 0x06, 0x00, 0x00, 0x00, 0x00, 0x00, 0x00, 0x00,
    0x00, 0x00, 0x00, 0x00, 0x00, 0x00, 0x00, 0x00, 0x00, 0x00, 0x00, 0x6e, 0x0a, 0x55, 0x00, 0x52,
    0x02, 0x00, 0x00, 0x00, 0x00, 0x00, 0x00, 0x00, 0x00, 0x00, 0x00, 0x00, 0x00, 0x00, 0x00, 0x00,
    0x00, 0x00, 0x00, 0x55, 0x00, 0x6c, 0x03, 0x00, 0x00, 0x00, 0x00, 0x00, 0x00, 0x00, 0x00, 0x55,
    0x0a, 0x24, 0x00, 0x55, 0x00, 0x52, 0x06, 0x00, 0x00, 0x00, 0x00, 0x00, 0x00, 0x00, 0x00, 0x00,
    0x00, 0x00, 0x00, 0x00, 0x00, 0x00, 0x00, 0x00, 0x00, 0x53, 0x01, 0x55, 0x02, 0x04, 0x00, 0x6e,
    0x0a, 0x55, 0x00, 0x52, 0x06, 0x00, 0x00, 0x00, 0x00, 0x00, 0x00, 0x00, 0x00, 0x00, 0x00, 0x00,
    0x00, 0x00, 0x00, 0x00, 0x00, 0x00, 0x00, 0x55, 0x02, 0x53, 0x01, 0x04, 0x00, 0x55, 0x00, 0x6c,
    0x03, 0x00, 0x00, 0x00, 0x00, 0x00, 0x00, 0x00, 0x00, 0x55, 0x0a, 0x24, 0x00, 0x21, 0x00, 0x5b,
    0x14, 0x00, 0x00, 0x00, 0x00, 0x00, 0x00, 0x00, 0x00, 0x07, 0x00, 0x61, 0x5c, 0x00, 0x00, 0x6e,
    0x08, 0x55, 0x03, 0x28, 0x00, 0x00, 0x00, 0x00, 0x00, 0x00, 0x00, 0x61, 0x4f, 0x00, 0x00, 0x55,
    0x00, 0x52, 0x11, 0x00, 0x00, 0x00, 0x00, 0x00, 0x00, 0x00, 0x00, 0x00, 0x00, 0x00, 0x00, 0x00,
    0x00, 0x00, 0x00, 0x00, 0x00, 0x55, 0x05, 0x53, 0x01, 0x55, 0x08, 0x52, 0x16, 0x00, 0x00, 0x00,
    0x00, 0x00, 0x00, 0x00, 0x00, 0x00, 0x00, 0x00, 0x00, 0x00, 0x00, 0x00, 0x00, 0x00, 0x00, 0x04,
    0x00, 0x55, 0x00, 0x52, 0x12, 0x00, 0x00, 0x00, 0x00, 0x00, 0x00, 0x00, 0x00, 0x00, 0x00, 0x00,
    0x00, 0x00, 0x00, 0x00, 0x00, 0x00, 0x00, 0x35, 0x02, 0x00, 0x00, 0x00, 0x00, 0x00, 0x00, 0x75,
    0x02, 0x00, 0x00, 0x70, 0x67, 0x55, 0x06, 0x52, 0x19, 0x00, 0x00, 0x00, 0x00, 0x00, 0x00, 0x00,
    0x00, 0x00, 0x00, 0x00, 0x00, 0x00, 0x00, 0x00, 0x00, 0x00, 0x00, 0x53, 0x03, 0x53, 0x04, 0x39,
    0x01, 0x6e, 0x09, 0x5b, 0x09, 0x00, 0x00, 0x00, 0x00, 0x00, 0x00, 0x00, 0x00, 0x55, 0x09, 0x35,
    0x01, 0x00, 0x00, 0x00, 0x00, 0x00, 0x00, 0x53, 0x05, 0x3a, 0x3a, 0x00, 0x00, 0x61, 0x01, 0x00,
    0x00, 0x65, 0x00, 0x1f, 0x00, 0x53, 0x01, 0x6e, 0x08, 0x41, 0x08, 0x4e, 0xd2, 0x65, 0x00, 0x53,
    0x01, 0x6e, 0x08, 0x41, 0x08, 0x66, 0x01, 0x66, 0x00, 0x3d, 0x03, 0x1f, 0x00, 0x66, 0x01, 0x29,
    0x06, 0x61, 0xff, 0x03, 0x00, 0x00, 0x44, 0x65, 0x63, 0x6f, 0x64, 0x65, 0x73, 0x20, 0x64, 0x61,
    0x74, 0x61, 0x20, 0x66, 0x72, 0x6f, 0x6d, 0x20, 0x74, 0x68, 0x65, 0x20, 0x73, 0x74, 0x72, 0x65,
    0x61, 0x6d, 0x20, 0x73, 0x65, 0x6c, 0x66, 0x2e, 0x73, 0x74, 0x72, 0x65, 0x61, 0x6d, 0x20, 0x61,
    0x6e, 0x64, 0x20, 0x72, 0x65, 0x74, 0x75, 0x72, 0x6e, 0x73, 0x20, 0x74, 0x68, 0x65, 0x0a, 0x72,
    0x65, 0x73, 0x75, 0x6c, 0x74, 0x69, 0x6e, 0x67, 0x20, 0x6f, 0x62, 0x6a, 0x65, 0x63, 0x74, 0x2e,
    0x0a, 0x0a, 0x63, 0x68, 0x61, 0x72, 0x73, 0x20, 0x69, 0x6e, 0x64, 0x69, 0x63, 0x61, 0x74, 0x65,
    0x73, 0x20, 0x74, 0x68, 0x65, 0x20, 0x6e, 0x75, 0x6d, 0x62, 0x65, 0x72, 0x20, 0x6f, 0x66, 0x20,
    0x64, 0x65, 0x63, 0x6f, 0x64, 0x65, 0x64, 0x20, 0x63, 0x6f, 0x64, 0x65, 0x20, 0x70, 0x6f, 0x69,
    0x6e, 0x74, 0x73, 0x20, 0x6f, 0x72, 0x20, 0x62, 0x79, 0x74, 0x65, 0x73, 0x20, 0x74, 0x6f, 0x0a,
    0x72, 0x65, 0x74, 0x75, 0x72, 0x6e, 0x2e, 0x20, 0x72, 0x65, 0x61, 0x64, 0x28, 0x29, 0x20, 0x77,
    0x69, 0x6c, 0x6c, 0x20, 0x6e, 0x65, 0x76, 0x65, 0x72, 0x20, 0x72, 0x65, 0x74, 0x75, 0x72, 0x6e,
    0x20, 0x6d, 0x6f, 0x72, 0x65, 0x20, 0x64, 0x61, 0x74, 0x61, 0x20, 0x74, 0x68, 0x61, 0x6e, 0x20,
    0x72, 0x65, 0x71, 0x75, 0x65, 0x73, 0x74, 0x65, 0x64, 0x2c, 0x0a, 0x62, 0x75, 0x74, 0x20, 0x69,
    0x74, 0x20, 0x6d, 0x69, 0x67, 0x68, 0x74, 0x20, 0x72, 0x65, 0x74, 0x75, 0x72, 0x6e, 0x20, 0x6c,
    0x65, 0x73, 0x73, 0x2c, 0x20, 0x69, 0x66, 0x20, 0x74, 0x68, 0x65, 0x72, 0x65, 0x20, 0x69, 0x73,
    0x20, 0x6e, 0x6f, 0x74, 0x20, 0x65, 0x6e, 0x6f, 0x75, 0x67, 0x68, 0x20, 0x61, 0x76, 0x61, 0x69,
    0x6c, 0x61, 0x62, 0x6c, 0x65, 0x2e, 0x0a, 0x0a, 0x73, 0x69, 0x7a, 0x65, 0x20, 0x69, 0x6e, 0x64,
    0x69, 0x63, 0x61, 0x74, 0x65, 0x73, 0x20, 0x74, 0x68, 0x65, 0x20, 0x61, 0x70, 0x70, 0x72, 0x6f,
    0x78, 0x69, 0x6d, 0x61, 0x74, 0x65, 0x20, 0x6d, 0x61, 0x78, 0x69, 0x6d, 0x75, 0x6d, 0x20, 0x6e,
    0x75, 0x6d, 0x62, 0x65, 0x72, 0x20, 0x6f, 0x66, 0x20, 0x64, 0x65, 0x63, 0x6f, 0x64, 0x65, 0x64,
    0x0a, 0x62, 0x79, 0x74, 0x65, 0x73, 0x20, 0x6f, 0x72, 0x20, 0x63, 0x6f, 0x64, 0x65, 0x20, 0x70,
    0x6f, 0x69, 0x6e, 0x74, 0x73, 0x20, 0x74, 0x6f, 0x20, 0x72, 0x65, 0x61, 0x64, 0x20, 0x66, 0x6f,
    0x72, 0x20, 0x64, 0x65, 0x63, 0x6f, 0x64, 0x69, 0x6e, 0x67, 0x2e, 0x20, 0x54, 0x68, 0x65, 0x20,
    0x64, 0x65, 0x63, 0x6f, 0x64, 0x65, 0x72, 0x0a, 0x63, 0x61, 0x6e, 0x20, 0x6d, 0x6f, 0x64, 0x69,
    0x66, 0x79, 0x20, 0x74, 0x68, 0x69, 0x73, 0x20, 0x73, 0x65, 0x74, 0x74, 0x69, 0x6e, 0x67, 0x20,
    0x61, 0x73, 0x20, 0x61, 0x70, 0x70, 0x72, 0x6f, 0x70, 0x72, 0x69, 0x61, 0x74, 0x65, 0x2e, 0x20,
    0x54, 0x68, 0x65, 0x20, 0x64, 0x65, 0x66, 0x61, 0x75, 0x6c, 0x74, 0x20, 0x76, 0x61, 0x6c, 0x75,
    0x65, 0x0a, 0x2d, 0x31, 0x20, 0x69, 0x6e, 0x64, 0x69, 0x63, 0x61, 0x74, 0x65, 0x73, 0x20, 0x74,
    0x6f, 0x20, 0x72, 0x65, 0x61, 0x64, 0x20, 0x61, 0x6e, 0x64, 0x20, 0x64, 0x65, 0x63, 0x6f, 0x64,
    0x65, 0x20, 0x61, 0x73, 0x20, 0x6d, 0x75, 0x63, 0x68, 0x20, 0x61, 0x73, 0x20, 0x70, 0x6f, 0x73,
    0x73, 0x69, 0x62, 0x6c, 0x65, 0x2e, 0x20, 0x20, 0x73, 0x69, 0x7a, 0x65, 0x0a, 0x69, 0x73, 0x20,
    0x69, 0x6e, 0x74, 0x65, 0x6e, 0x64, 0x65, 0x64, 0x20, 0x74, 0x6f, 0x20, 0x70, 0x72, 0x65, 0x76,
    0x65, 0x6e, 0x74, 0x20, 0x68, 0x61, 0x76, 0x69, 0x6e, 0x67, 0x20, 0x74, 0x6f, 0x20, 0x64, 0x65,
    0x63, 0x6f, 0x64, 0x65, 0x20, 0x68, 0x75, 0x67, 0x65, 0x20, 0x66, 0x69, 0x6c, 0x65, 0x73, 0x20,
    0x69, 0x6e, 0x20, 0x6f, 0x6e, 0x65, 0x0a, 0x73, 0x74, 0x65, 0x70, 0x2e, 0x0a, 0x0a, 0x49, 0x66,
    0x20, 0x66, 0x69, 0x72, 0x73, 0x74, 0x6c, 0x69, 0x6e, 0x65, 0x20, 0x69, 0x73, 0x20, 0x74, 0x72,
    0x75, 0x65, 0x2c, 0x20, 0x61, 0x6e, 0x64, 0x20, 0x61, 0x20, 0x55, 0x6e, 0x69, 0x63, 0x6f, 0x64,
    0x65, 0x44, 0x65, 0x63, 0x6f, 0x64, 0x65, 0x45, 0x72, 0x72, 0x6f, 0x72, 0x20, 0x68, 0x61, 0x70,
    0x70, 0x65, 0x6e, 0x73, 0x0a, 0x61, 0x66, 0x74, 0x65, 0x72, 0x20, 0x74, 0x68, 0x65, 0x20, 0x66,
    0x69, 0x72, 0x73, 0x74, 0x20, 0x6c, 0x69, 0x6e, 0x65, 0x20, 0x74, 0x65, 0x72, 0x6d, 0x69, 0x6e,
    0x61, 0x74, 0x6f, 0x72, 0x20, 0x69, 0x6e, 0x20, 0x74, 0x68, 0x65, 0x20, 0x69, 0x6e, 0x70, 0x75,
    0x74, 0x20, 0x6f, 0x6e, 0x6c, 0x79, 0x20, 0x74, 0x68, 0x65, 0x20, 0x66, 0x69, 0x72, 0x73, 0x74,
    0x20, 0x6c, 0x69, 0x6e, 0x65, 0x0a, 0x77, 0x69, 0x6c, 0x6c, 0x20, 0x62, 0x65, 0x20, 0x72, 0x65,
    0x74, 0x75, 0x72, 0x6e, 0x65, 0x64, 0x2c, 0x20, 0x74, 0x68, 0x65, 0x20, 0x72, 0x65, 0x73, 0x74,
    0x20, 0x6f, 0x66, 0x20, 0x74, 0x68, 0x65, 0x20, 0x69, 0x6e, 0x70, 0x75, 0x74, 0x20, 0x77, 0x69,
    0x6c, 0x6c, 0x20, 0x62, 0x65, 0x20, 0x6b, 0x65, 0x70, 0x74, 0x20, 0x75, 0x6e, 0x74, 0x69, 0x6c,
    0x20, 0x74, 0x68, 0x65, 0x0a, 0x6e, 0x65, 0x78, 0x74, 0x20, 0x63, 0x61, 0x6c, 0x6c, 0x20, 0x74,
    0x6f, 0x20, 0x72, 0x65, 0x61, 0x64, 0x28, 0x29, 0x2e, 0x0a, 0x0a, 0x54, 0x68, 0x65, 0x20, 0x6d,
    0x65, 0x74, 0x68, 0x6f, 0x64, 0x20, 0x73, 0x68, 0x6f, 0x75, 0x6c, 0x64, 0x20, 0x75, 0x73, 0x65,
    0x20, 0x61, 0x20, 0x67, 0x72, 0x65, 0x65, 0x64, 0x79, 0x20, 0x72, 0x65, 0x61, 0x64, 0x20, 0x73,
    0x74, 0x72, 0x61, 0x74, 0x65, 0x67, 0x79, 0x2c, 0x20, 0x6d, 0x65, 0x61, 0x6e, 0x69, 0x6e, 0x67,
    0x20, 0x74, 0x68, 0x61, 0x74, 0x0a, 0x69, 0x74, 0x20, 0x73, 0x68, 0x6f, 0x75, 0x6c, 0x64, 0x20,
    0x72, 0x65, 0x61, 0x64, 0x20, 0x61, 0x73, 0x20, 0x6d, 0x75, 0x63, 0x68, 0x20, 0x64, 0x61, 0x74,
    0x61, 0x20, 0x61, 0x73, 0x20, 0x69, 0x73, 0x20, 0x61, 0x6c, 0x6c, 0x6f, 0x77, 0x65, 0x64, 0x20,
    0x77, 0x69, 0x74, 0x68, 0x69, 0x6e, 0x20, 0x74, 0x68, 0x65, 0x0a, 0x64, 0x65, 0x66, 0x69, 0x6e,
    0x69, 0x74, 0x69, 0x6f, 0x6e, 0x20, 0x6f, 0x66, 0x20, 0x74, 0x68, 0x65, 0x20, 0x65, 0x6e, 0x63,
    0x6f, 0x64, 0x69, 0x6e, 0x67, 0x20, 0x61, 0x6e, 0x64, 0x20, 0x74, 0x68, 0x65, 0x20, 0x67, 0x69,
    0x76, 0x65, 0x6e, 0x20, 0x73, 0x69, 0x7a, 0x65, 0x2c, 0x20, 0x65, 0x2e, 0x67, 0x2e, 0x20, 0x20,
    0x69, 0x66, 0x0a, 0x6f, 0x70, 0x74, 0x69, 0x6f, 0x6e, 0x61, 0x6c, 0x20, 0x65, 0x6e, 0x63, 0x6f,
    0x64, 0x69, 0x6e, 0x67, 0x20, 0x65, 0x6e, 0x64, 0x69, 0x6e, 0x67, 0x73, 0x20, 0x6f, 0x72, 0x20,
    0x73, 0x74, 0x61, 0x74, 0x65, 0x20, 0x6d, 0x61, 0x72, 0x6b, 0x65, 0x72, 0x73, 0x20, 0x61, 0x72,
    0x65, 0x20, 0x61, 0x76, 0x61, 0x69, 0x6c, 0x61, 0x62, 0x6c, 0x65, 0x0a, 0x6f, 0x6e, 0x20, 0x74,
    0x68, 0x65, 0x20, 0x73, 0x74, 0x72, 0x65, 0x61, 0x6d, 0x2c, 0x20, 0x74, 0x68, 0x65, 0x73, 0x65,
    0x20, 0x73, 0x68, 0x6f, 0x75, 0x6c, 0x64, 0x20, 0x62, 0x65, 0x20, 0x72, 0x65, 0x61, 0x64, 0x20,
    0x74, 0x6f, 0x6f, 0x2e, 0x0a, 0x4e, 0x72, 0x02, 0x00, 0x00, 0x00, 0x54, 0xa9, 0x01, 0xda, 0x08,
    0x6b, 0x65, 0x65, 0x70, 0x65, 0x6e, 0x64, 0x73, 0xe9, 0x01, 0x00, 0x00, 0x00, 0x29, 0x0d, 0x72,
    0xed, 0x00, 0x00, 0x00, 0x72, 0xeb, 0x00, 0x00, 0x00, 0x72, 0xb9, 0x00, 0x00, 0x00, 0x72, 0xec,
    0x00, 0x00, 0x00, 0xda, 0x03, 0x6c, 0x65, 0x6e, 0x72, 0xb1, 0x00, 0x00, 0x00, 0xda, 0x04, 0x72,
    0x65, 0x61, 0x64, 0x72, 0xe9, 0x00, 0x00, 0x00, 0x72, 0x25, 0x00, 0x00, 0x00, 0x72, 0x59, 0x00,
    0x00, 0x00, 0xda, 0x12, 0x55, 0x6e, 0x69, 0x63, 0x6f, 0x64, 0x65, 0x44, 0x65, 0x63, 0x6f, 0x64,
    0x65, 0x45, 0x72, 0x72, 0x6f, 0x72, 0xda, 0x05, 0x73, 0x74, 0x61, 0x72, 0x74, 0xda, 0x0a, 0x73,
    0x70, 0x6c, 0x69, 0x74, 0x6c, 0x69, 0x6e, 0x65, 0x73, 0x29, 0x0b, 0x72, 0x3e, 0x00, 0x00, 0x00,
    0xda, 0x04, 0x73, 0x69, 0x7a, 0x65, 0xda, 0x05, 0x63, 0x68, 0x61, 0x72, 0x73, 0xda, 0x09, 0x66,
    0x69, 0x72, 0x73, 0x74, 0x6c, 0x69, 0x6e, 0x65, 0xda, 0x07, 0x6e, 0x65, 0x77, 0x64, 0x61, 0x74,
    0x61, 0x72, 0x86, 0x00, 0x00, 0x00, 0xda, 0x08, 0x6e, 0x65, 0x77, 0x63, 0x68, 0x61, 0x72, 0x73,
    0xda, 0x0c, 0x64, 0x65, 0x63, 0x6f, 0x64, 0x65, 0x64, 0x62, 0x79, 0x74, 0x65, 0x73, 0xda, 0x03,
    0x65, 0x78, 0x63, 0xda, 0x05, 0x6c, 0x69, 0x6e, 0x65, 0x73, 0x72, 0x87, 0x00, 0x00, 0x00, 0x73,
    0x0b, 0x00, 0x00, 0x00, 0x20, 0x20, 0x20, 0x20, 0x20, 0x20, 0x20, 0x20, 0x20, 0x20, 0x20, 0x72,
    0x3f, 0x00, 0x00, 0x00, 0x72, 0xf6, 0x00, 0x00, 0x00, 0xda, 0x11, 0x53, 0x74, 0x72, 0x65, 0x61,
    0x6d, 0x52, 0x65, 0x61, 0x64, 0x65, 0x72, 0x2e, 0x72, 0x65, 0x61, 0x64, 0xc9, 0x01, 0x00, 0x00,
    0x73, 0x92, 0x01, 0x00, 0x00, 0x80, 0x00, 0xf0, 0x38, 0x00, 0x0c, 0x10, 0x8f, 0x3f, 0x8f, 0x3f,
    0xd8, 0x1e, 0x22, 0xd7, 0x1e, 0x34, 0xd1, 0x1e, 0x34, 0xd7, 0x1e, 0x39, 0xd1, 0x1e, 0x39, 0xb8,
    0x24, 0xbf, 0x2f, 0xb9, 0x2f, 0xd3, 0x1e, 0x4a, 0x88, 0x44, 0x8c, 0x4f, 0xd8, 0x1e, 0x22, 0x88,
    0x44, 0x8c, 0x4f, 0xe0, 0x0b, 0x10, 0x90, 0x31, 0x8b, 0x39, 0xf0, 0x06, 0x00, 0x15, 0x19, 0x88,
    0x45, 0xf0, 0x06, 0x00, 0x0f, 0x13, 0xe0, 0x0f, 0x14, 0x98, 0x01, 0x8b, 0x7a, 0xdc, 0x13, 0x16,
    0x90, 0x74, 0x97, 0x7f, 0x91, 0x7f, 0xd3, 0x13, 0x27, 0xa8, 0x35, 0xd3, 0x13, 0x30, 0xd8, 0x14,
    0x19, 0xe0, 0x0f, 0x13, 0x90, 0x61, 0x8b, 0x78, 0xd8, 0x1a, 0x1e, 0x9f, 0x2b, 0x99, 0x2b, 0xd7,
    0x1a, 0x2a, 0xd1, 0x1a, 0x2a, 0xd3, 0x1a, 0x2c, 0x91, 0x07, 0xe0, 0x1a, 0x1e, 0x9f, 0x2b, 0x99,
    0x2b, 0xd7, 0x1a, 0x2a, 0xd1, 0x1a, 0x2a, 0xa8, 0x34, 0xd3, 0x1a, 0x30, 0x90, 0x07, 0xe0, 0x13,
    0x17, 0x97, 0x3f, 0x91, 0x3f, 0xa0, 0x57, 0xd1, 0x13, 0x2c, 0x88, 0x44, 0xde, 0x13, 0x17, 0xd8,
    0x10, 0x15, 0xf0, 0x02, 0x0a, 0x0d, 0x1a, 0xd8, 0x29, 0x2d, 0xaf, 0x1b, 0xa9, 0x1b, 0xb0, 0x54,
    0xbf, 0x3b, 0xb9, 0x3b, 0xd3, 0x29, 0x47, 0xd1, 0x10, 0x26, 0x90, 0x08, 0xf0, 0x16, 0x00, 0x1f,
    0x23, 0xa0, 0x3d, 0xd0, 0x1e, 0x31, 0x88, 0x44, 0x8c, 0x4f, 0xe0, 0x0c, 0x10, 0x8f, 0x4f, 0x8a,
    0x4f, 0x98, 0x78, 0xd1, 0x0c, 0x27, 0x8d, 0x4f, 0xe6, 0x13, 0x1a, 0xd8, 0x10, 0x15, 0xf1, 0x3f,
    0x00, 0x0f, 0x13, 0xf0, 0x40, 0x01, 0x00, 0x0c, 0x11, 0x90, 0x31, 0x8b, 0x39, 0xe0, 0x15, 0x19,
    0x97, 0x5f, 0x91, 0x5f, 0x88, 0x46, 0xd8, 0x1e, 0x22, 0xd7, 0x1e, 0x34, 0xd1, 0x1e, 0x34, 0x88,
    0x44, 0x8c, 0x4f, 0xf0, 0x0a, 0x00, 0x10, 0x16, 0x88, 0x0d, 0xf0, 0x05, 0x00, 0x16, 0x1a, 0x97,
    0x5f, 0x91, 0x5f, 0xa0, 0x56, 0xa0, 0x65, 0xd0, 0x15, 0x2c, 0x88, 0x46, 0xd8, 0x1e, 0x22, 0x9f,
    0x6f, 0x99, 0x6f, 0xa8, 0x65, 0xa8, 0x66, 0xd0, 0x1e, 0x35, 0x88, 0x44, 0x8c, 0x4f, 0xd8, 0x0f,
    0x15, 0x88, 0x0d, 0xf8, 0xf4, 0x31, 0x00, 0x14, 0x26, 0xf3, 0x00, 0x08, 0x0d, 0x1a, 0xde, 0x13,
    0x1c, 0xe0, 0x18, 0x1c, 0x9f, 0x0b, 0x99, 0x0b, 0xa0, 0x44, 0xa8, 0x1a, 0xa8, 0x23, 0xaf, 0x29,
    0xa9, 0x29, 0xd0, 0x24, 0x34, 0xb0, 0x64, 0xb7, 0x6b, 0xb1, 0x6b, 0xd3, 0x18, 0x42, 0xf1, 0x03,
    0x00, 0x15, 0x2b, 0x90, 0x48, 0xe0, 0x1c, 0x24, 0xd7, 0x1c, 0x2f, 0xd1, 0x1c, 0x2f, 0xb8, 0x14,
    0xd0, 0x1c, 0x2f, 0xd0, 0x1c, 0x3e, 0x90, 0x45, 0xdc, 0x17, 0x1a, 0x98, 0x35, 0x93, 0x7a, 0xa0,
    0x31, 0x93, 0x7d, 0xd8, 0x18, 0x1d, 0xf4, 0x03, 0x00, 0x18, 0x25, 0xf0, 0x06, 0x00, 0x15, 0x1a,
    0xfb, 0xf0, 0x11, 0x08, 0x0d, 0x1a, 0xfa, 0x73, 0x1f, 0x00, 0x00, 0x00, 0xc3, 0x00, 0x1d, 0x45,
    0x0f, 0x00, 0xc5, 0x0f, 0x0a, 0x46, 0x35, 0x03, 0xc5, 0x19, 0x41, 0x11, 0x46, 0x30, 0x03, 0xc6,
    0x2f, 0x01, 0x46, 0x30, 0x03, 0xc6, 0x30, 0x05, 0x46, 0x35, 0x03, 0x4e, 0x63, 0x03, 0x00, 0x00,
    0x00, 0x00, 0x00, 0x00, 0x00, 0x00, 0x00, 0x00, 0x00, 0x06, 0x00, 0x00, 0x00, 0x03, 0x00, 0x00,
    0x00, 0xf3, 0x8e, 0x04, 0x00, 0x00, 0x95, 0x00, 0x55, 0x00, 0x52, 0x00, 0x00, 0x00, 0x00, 0x00,
    0x00, 0x00, 0x00, 0x00, 0x00, 0x00, 0x00, 0x00, 0x00, 0x00, 0x00, 0x00, 0x00, 0x00, 0x28, 0x00,
    0x00, 0x00, 0x00, 0x00, 0x00, 0x00, 0x61, 0x6b, 0x00, 0x00, 0x55, 0x00, 0x52, 0x00, 0x00, 0x00,
    0x00, 0x00, 0x00, 0x00, 0x00, 0x00, 0x00, 0x00, 0x00, 0x00, 0x00, 0x00, 0x00, 0x00, 0x00, 0x00,
    0x53, 0x01, 0x05, 0x00, 0x00, 0x00, 0x6e, 0x03, 0x55, 0x00, 0x52, 0x00, 0x00, 0x00, 0x00, 0x00,
    0x00, 0x00, 0x00, 0x00, 0x00, 0x00, 0x00, 0x00, 0x00, 0x00, 0x00, 0x00, 0x00, 0x00, 0x53, 0x01,
    0x09, 0x00, 0x5b, 0x03, 0x00, 0x00, 0x00, 0x00, 0x00, 0x00, 0x00, 0x00, 0x55, 0x00, 0x52, 0x00,
    0x00, 0x00, 0x00, 0x00, 0x00, 0x00, 0x00, 0x00, 0x00, 0x00, 0x00, 0x00, 0x00, 0x00, 0x00, 0x00,
    0x00, 0x00, 0x35, 0x01, 0x00, 0x00, 0x00, 0x00, 0x00, 0x00, 0x53, 0x02, 0x3a, 0x58, 0x00, 0x00,
    0x61, 0x1b, 0x00, 0x00, 0x55, 0x00, 0x52, 0x00, 0x00, 0x00, 0x00, 0x00, 0x00, 0x00, 0x00, 0x00,
    0x00, 0x00, 0x00, 0x00, 0x00, 0x00, 0x00, 0x00, 0x00, 0x00, 0x53, 0x01, 0x05, 0x00, 0x00, 0x00,
    0x55, 0x00, 0x6c, 0x02, 0x00, 0x00, 0x00, 0x00, 0x00, 0x00, 0x00, 0x00, 0x53, 0x03, 0x55, 0x00,
    0x6c, 0x00, 0x00, 0x00, 0x00, 0x00, 0x00, 0x00, 0x00, 0x00, 0x55, 0x02, 0x28, 0x00, 0x00, 0x00,
    0x00, 0x00, 0x00, 0x00, 0x64, 0x12, 0x00, 0x00, 0x55, 0x03, 0x52, 0x07, 0x00, 0x00, 0x00, 0x00,
    0x00, 0x00, 0x00, 0x00, 0x00, 0x00, 0x00, 0x00, 0x00, 0x00, 0x00, 0x00, 0x00, 0x00, 0x53, 0x04,
    0x53, 0x05, 0x39, 0x01, 0x53, 0x01, 0x05, 0x00, 0x00, 0x00, 0x6e, 0x03, 0x55, 0x03, 0x24, 0x00,
    0x55, 0x01, 0x3d, 0x01, 0x28, 0x00, 0x00, 0x00, 0x00, 0x00, 0x00, 0x00, 0x64, 0x02, 0x00, 0x00,
    0x20, 0x00, 0x53, 0x06, 0x6e, 0x04, 0x55, 0x00, 0x52, 0x08, 0x00, 0x00, 0x00, 0x00, 0x00, 0x00,
    0x00, 0x00, 0x00, 0x00, 0x00, 0x00, 0x00, 0x00, 0x00, 0x00, 0x00, 0x00, 0x6e, 0x03, 0x1e, 0x00,
    0x55, 0x00, 0x52, 0x0b, 0x00, 0x00, 0x00, 0x00, 0x00, 0x00, 0x00, 0x00, 0x00, 0x00, 0x00, 0x00,
    0x00, 0x00, 0x00, 0x00, 0x00, 0x00, 0x55, 0x04, 0x53, 0x07, 0x53, 0x08, 0x39, 0x02, 0x6e, 0x05,
    0x55, 0x05, 0x28, 0x00, 0x00, 0x00, 0x00, 0x00, 0x00, 0x00, 0x61, 0x68, 0x00, 0x00, 0x5b, 0x0d,
    0x00, 0x00, 0x00, 0x00, 0x00, 0x00, 0x00, 0x00, 0x55, 0x05, 0x5b, 0x0e, 0x00, 0x00, 0x00, 0x00,
    0x00, 0x00, 0x00, 0x00, 0x35, 0x02, 0x00, 0x00, 0x00, 0x00, 0x00, 0x00, 0x28, 0x00, 0x00, 0x00,
    0x00, 0x00, 0x00, 0x00, 0x61, 0x16, 0x00, 0x00, 0x55, 0x05, 0x52, 0x11, 0x00, 0x00, 0x00, 0x00,
    0x00, 0x00, 0x00, 0x00, 0x00, 0x00, 0x00, 0x00, 0x00, 0x00, 0x00, 0x00, 0x00, 0x00, 0x53, 0x09,
    0x35, 0x01, 0x00, 0x00, 0x00, 0x00, 0x00, 0x00, 0x28, 0x00, 0x00, 0x00, 0x00, 0x00, 0x00, 0x00,
    0x64, 0x2b, 0x00, 0x00, 0x5b, 0x0d, 0x00, 0x00, 0x00, 0x00, 0x00, 0x00, 0x00, 0x00, 0x55, 0x05,
    0x5b, 0x12, 0x00, 0x00, 0x00, 0x00, 0x00, 0x00, 0x00, 0x00, 0x35, 0x02, 0x00, 0x00, 0x00, 0x00,
    0x00, 0x00, 0x28, 0x00, 0x00, 0x00, 0x00, 0x00, 0x00, 0x00, 0x61, 0x28, 0x00, 0x00, 0x55, 0x05,
    0x52, 0x11, 0x00, 0x00, 0x00, 0x00, 0x00, 0x00, 0x00, 0x00, 0x00, 0x00, 0x00, 0x00, 0x00, 0x00,
    0x00, 0x00, 0x00, 0x00, 0x53, 0x0a, 0x35, 0x01, 0x00, 0x00, 0x00, 0x00, 0x00, 0x00, 0x28, 0x00,
    0x00, 0x00, 0x00, 0x00, 0x00, 0x00, 0x61, 0x12, 0x00, 0x00, 0x58, 0x50, 0x52, 0x0b, 0x00, 0x00,
    0x00, 0x00, 0x00, 0x00, 0x00, 0x00, 0x00, 0x00, 0x00, 0x00, 0x00, 0x00, 0x00, 0x00, 0x00, 0x00,
    0x53, 0x02, 0x53, 0x02, 0x53, 0x0b, 0x39, 0x02, 0x2d, 0x0d, 0x00, 0x00, 0x6e, 0x05, 0x58, 0x35,
    0x2d, 0x0d, 0x00, 0x00, 0x6e, 0x03, 0x55, 0x03, 0x52, 0x07, 0x00, 0x00, 0x00, 0x00, 0x00, 0x00,
    0x00, 0x00, 0x00, 0x00, 0x00, 0x00, 0x00, 0x00, 0x00, 0x00, 0x00, 0x00, 0x53, 0x07, 0x53, 0x05,
    0x39, 0x01, 0x6e, 0x06, 0x55, 0x06, 0x28, 0x00, 0x00, 0x00, 0x00, 0x00, 0x00, 0x00, 0x61, 0xde,
    0x00, 0x00, 0x5b, 0x03, 0x00, 0x00, 0x00, 0x00, 0x00, 0x00, 0x00, 0x00, 0x55, 0x06, 0x35, 0x01,
    0x00, 0x00, 0x00, 0x00, 0x00, 0x00, 0x53, 0x02, 0x3a, 0x94, 0x00, 0x00, 0x61, 0x6f, 0x00, 0x00,
    0x55, 0x06, 0x53, 0x01, 0x05, 0x00, 0x00, 0x00, 0x6e, 0x03, 0x55, 0x06, 0x53, 0x01, 0x09, 0x00,
    0x5b, 0x03, 0x00, 0x00, 0x00, 0x00, 0x00, 0x00, 0x00, 0x00, 0x55, 0x06, 0x35, 0x01, 0x00, 0x00,
    0x00, 0x00, 0x00, 0x00, 0x53, 0x02, 0x3a, 0x94, 0x00, 0x00, 0x61, 0x25, 0x00, 0x00, 0x55, 0x06,
    0x53, 0x0c, 0x3d, 0x02, 0x3d, 0x02, 0x05, 0x00, 0x00, 0x00, 0x55, 0x00, 0x52, 0x04, 0x00, 0x00,
    0x00, 0x00, 0x00, 0x00, 0x00, 0x00, 0x00, 0x00, 0x00, 0x00, 0x00, 0x00, 0x00, 0x00, 0x00, 0x00,
    0x2d, 0x0d, 0x00, 0x00, 0x73, 0x03, 0x73, 0x02, 0x27, 0x00, 0x00, 0x00, 0x58, 0x60, 0x6c, 0x00,
    0x00, 0x00, 0x00, 0x00, 0x00, 0x00, 0x00, 0x00, 0x53, 0x03, 0x55, 0x00, 0x6c, 0x02, 0x00, 0x00,
    0x00, 0x00, 0x00, 0x00, 0x00, 0x00, 0x4f, 0x17, 0x55, 0x06, 0x53, 0x01, 0x05, 0x00, 0x00, 0x00,
    0x55, 0x00, 0x52, 0x04, 0x00, 0x00, 0x00, 0x00, 0x00, 0x00, 0x00, 0x00, 0x00, 0x00, 0x00, 0x00,
    0x00, 0x00, 0x00, 0x00, 0x00, 0x00, 0x2d, 0x00, 0x00, 0x00, 0x55, 0x00, 0x6c, 0x02, 0x00, 0x00,
    0x00, 0x00, 0x00, 0x00, 0x00, 0x00, 0x55, 0x02, 0x28, 0x00, 0x00, 0x00, 0x00, 0x00, 0x00, 0x00,
    0x64, 0x12, 0x00, 0x00, 0x55, 0x03, 0x52, 0x07, 0x00, 0x00, 0x00, 0x00, 0x00, 0x00, 0x00, 0x00,
    0x00, 0x00, 0x00, 0x00, 0x00, 0x00, 0x00, 0x00, 0x00, 0x00, 0x53, 0x04, 0x53, 0x05, 0x39, 0x01,
    0x53, 0x01, 0x05, 0x00, 0x00, 0x00, 0x6e, 0x03, 0x1e, 0x00, 0x55, 0x03, 0x24, 0x00, 0x55, 0x06,
    0x53, 0x01, 0x05, 0x00, 0x00, 0x00, 0x6e, 0x07, 0x55, 0x06, 0x53, 0x01, 0x05, 0x00, 0x00, 0x00,
    0x52, 0x07, 0x00, 0x00, 0x00, 0x00, 0x00, 0x00, 0x00, 0x00, 0x00, 0x00, 0x00, 0x00, 0x00, 0x00,
    0x00, 0x00, 0x00, 0x00, 0x53, 0x04, 0x53, 0x05, 0x39, 0x01, 0x53, 0x01, 0x05, 0x00, 0x00, 0x00,
    0x6e, 0x08, 0x58, 0x78, 0x3a, 0x77, 0x00, 0x00, 0x61, 0x41, 0x00, 0x00, 0x55, 0x00, 0x52, 0x08,
    0x00, 0x00, 0x00, 0x00, 0x00, 0x00, 0x00, 0x00, 0x00, 0x00, 0x00, 0x00, 0x00, 0x00, 0x00, 0x00,
    0x00, 0x00, 0x52, 0x15, 0x00, 0x00, 0x00, 0x00, 0x00, 0x00, 0x00, 0x00, 0x00, 0x00, 0x00, 0x00,
    0x00, 0x00, 0x00, 0x00, 0x00, 0x00, 0x55, 0x06, 0x53, 0x02, 0x53, 0x03, 0x04, 0x00, 0x35, 0x01,
    0x00, 0x00, 0x00, 0x00, 0x00, 0x00, 0x55, 0x00, 0x52, 0x04, 0x00, 0x00, 0x00, 0x00, 0x00, 0x00,
    0x00, 0x00, 0x00, 0x00, 0x00, 0x00, 0x00, 0x00, 0x00, 0x00, 0x00, 0x00, 0x2d, 0x00, 0x00, 0x00,
    0x55, 0x00, 0x6c, 0x02, 0x00, 0x00, 0x00, 0x00, 0x00, 0x00, 0x00, 0x00, 0x55, 0x02, 0x28, 0x00,
    0x00, 0x00, 0x00, 0x00, 0x00, 0x00, 0x61, 0x05, 0x00, 0x00, 0x55, 0x07, 0x6e, 0x03, 0x1e, 0x00,
    0x55, 0x03, 0x24, 0x00, 0x55, 0x08, 0x6e, 0x03, 0x1e, 0x00, 0x55, 0x03, 0x24, 0x00, 0x55, 0x05,
    0x28, 0x00, 0x00, 0x00, 0x00, 0x00, 0x00, 0x00, 0x61, 0x03, 0x00, 0x00, 0x55, 0x01, 0x62, 0x23,
    0x00, 0x00, 0x55, 0x03, 0x28, 0x00, 0x00, 0x00, 0x00, 0x00, 0x00, 0x00, 0x61, 0x19, 0x00, 0x00,
    0x55, 0x02, 0x28, 0x00, 0x00, 0x00, 0x00, 0x00, 0x00, 0x00, 0x64, 0x12, 0x00, 0x00, 0x55, 0x03,
    0x52, 0x07, 0x00, 0x00, 0x00, 0x00, 0x00, 0x00, 0x00, 0x00, 0x00, 0x00, 0x00, 0x00, 0x00, 0x00,
    0x00, 0x00, 0x00, 0x00, 0x53, 0x04, 0x53, 0x05, 0x39, 0x01, 0x53, 0x01, 0x05, 0x00, 0x00, 0x00,
    0x6e, 0x03, 0x1e, 0x00, 0x55, 0x03, 0x24, 0x00, 0x55, 0x04, 0x53, 0x0d, 0x3a, 0x12, 0x00, 0x00,
    0x61, 0x05, 0x00, 0x00, 0x55, 0x04, 0x53, 0x0e, 0x2d, 0x12, 0x00, 0x00, 0x6e, 0x04, 0x47, 0x01,
    0x4d, 0xb2, 0x00, 0x00, 0x29, 0x0f, 0x7a, 0x84, 0x52, 0x65, 0x61, 0x64, 0x20, 0x6f, 0x6e, 0x65,
    0x20, 0x6c, 0x69, 0x6e, 0x65, 0x20, 0x66, 0x72, 0x6f, 0x6d, 0x20, 0x74, 0x68, 0x65, 0x20, 0x69,
    0x6e, 0x70, 0x75, 0x74, 0x20, 0x73, 0x74, 0x72, 0x65, 0x61, 0x6d, 0x20, 0x61, 0x6e, 0x64, 0x20,
    0x72, 0x65, 0x74, 0x75, 0x72, 0x6e, 0x20, 0x74, 0x68, 0x65, 0x0a, 0x64, 0x65, 0x63, 0x6f, 0x64,
    0x65, 0x64, 0x20, 0x64, 0x61, 0x74, 0x61, 0x2e, 0x0a, 0x0a, 0x73, 0x69, 0x7a, 0x65, 0x2c, 0x20,
    0x69, 0x66, 0x20, 0x67, 0x69, 0x76, 0x65, 0x6e, 0x2c, 0x20, 0x69, 0x73, 0x20, 0x70, 0x61, 0x73,
    0x73, 0x65, 0x64, 0x20, 0x61, 0x73, 0x20, 0x73, 0x69, 0x7a, 0x65, 0x20, 0x61, 0x72, 0x67, 0x75,
    0x6d, 0x65, 0x6e, 0x74, 0x20, 0x74, 0x6f, 0x20, 0x74, 0x68, 0x65, 0x0a, 0x72, 0x65, 0x61, 0x64,
    0x28, 0x29, 0x20, 0x6d, 0x65, 0x74, 0x68, 0x6f, 0x64, 0x2e, 0x0a, 0x0a, 0x72, 0x02, 0x00, 0x00,
    0x00, 0x72, 0xf4, 0x00, 0x00, 0x00, 0x4e, 0x46, 0x72, 0xf2, 0x00, 0x00, 0x00, 0xe9, 0x48, 0x00,
    0x00, 0x00, 0x54, 0x29, 0x01, 0x72, 0xfc, 0x00, 0x00, 0x00, 0xda, 0x01, 0x0d, 0xf3, 0x01, 0x00,
    0x00, 0x00, 0x0d, 0x29, 0x02, 0x72, 0xfa, 0x00, 0x00, 0x00, 0x72, 0xfb, 0x00, 0x00, 0x00, 0xe9,
    0xff, 0xff, 0xff, 0xff, 0x69, 0x40, 0x1f, 0x00, 0x00, 0xe9, 0x02, 0x00, 0x00, 0x00, 0x29, 0x0b,
    0x72, 0xed, 0x00, 0x00, 0x00, 0x72, 0xf5, 0x00, 0x00, 0x00, 0x72, 0xec, 0x00, 0x00, 0x00, 0x72,
    0xf9, 0x00, 0x00, 0x00, 0x72, 0xeb, 0x00, 0x00, 0x00, 0x72, 0xf6, 0x00, 0x00, 0x00, 0xda, 0x0a,
    0x69, 0x73, 0x69, 0x6e, 0x73, 0x74, 0x61, 0x6e, 0x63, 0x65, 0xda, 0x03, 0x73, 0x74, 0x72, 0xda,
    0x08, 0x65, 0x6e, 0x64, 0x73, 0x77, 0x69, 0x74, 0x68, 0xda, 0x05, 0x62, 0x79, 0x74, 0x65, 0x73,
    0x72, 0xb9, 0x00, 0x00, 0x00, 0x29, 0x09, 0x72, 0x3e, 0x00, 0x00, 0x00, 0x72, 0xfa, 0x00, 0x00,
    0x00, 0x72, 0xf3, 0x00, 0x00, 0x00, 0xda, 0x04, 0x6c, 0x69, 0x6e, 0x65, 0xda, 0x08, 0x72, 0x65,
    0x61, 0x64, 0x73, 0x69, 0x7a, 0x65, 0x72, 0x86, 0x00, 0x00, 0x00, 0x72, 0x01, 0x01, 0x00, 0x00,
    0xda, 0x0c, 0x6c, 0x69, 0x6e, 0x65, 0x30, 0x77, 0x69, 0x74, 0x68, 0x65, 0x6e, 0x64, 0xda, 0x0f,
    0x6c, 0x69, 0x6e, 0x65, 0x30, 0x77, 0x69, 0x74, 0x68, 0x6f, 0x75, 0x74, 0x65, 0x6e, 0x64, 0x73,
    0x09, 0x00, 0x00, 0x00, 0x20, 0x20, 0x20, 0x20, 0x20, 0x20, 0x20, 0x20, 0x20, 0x72, 0x3f, 0x00,
    0x00, 0x00, 0xda, 0x08, 0x72, 0x65, 0x61, 0x64, 0x6c, 0x69, 0x6e, 0x65, 0xda, 0x15, 0x53, 0x74,
    0x72, 0x65, 0x61, 0x6d, 0x52, 0x65, 0x61, 0x64, 0x65, 0x72, 0x2e, 0x72, 0x65, 0x61, 0x64, 0x6c,
    0x69, 0x6e, 0x65, 0x19, 0x02, 0x00, 0x00, 0x73, 0x3f, 0x02, 0x00, 0x00, 0x80, 0x00, 0xf0, 0x16,
    0x00, 0x0c, 0x10, 0x8f, 0x3f, 0x8f, 0x3f, 0xd8, 0x13, 0x17, 0x97, 0x3f, 0x91, 0x3f, 0xa0, 0x31,
    0xd1, 0x13, 0x25, 0x88, 0x44, 0xd8, 0x10, 0x14, 0x97, 0x0f, 0x91, 0x0f, 0xa0, 0x01, 0xd0, 0x10,
    0x22, 0xdc, 0x0f, 0x12, 0x90, 0x34, 0x97, 0x3f, 0x91, 0x3f, 0xd3, 0x0f, 0x23, 0xa0, 0x71, 0xd3,
    0x0f, 0x28, 0xf0, 0x06, 0x00, 0x23, 0x27, 0xa7, 0x2f, 0xa1, 0x2f, 0xb0, 0x21, 0xd1, 0x22, 0x34,
    0x90, 0x04, 0x94, 0x0f, 0xd8, 0x22, 0x26, 0x90, 0x04, 0x94, 0x0f, 0xde, 0x13, 0x1b, 0xd8, 0x17,
    0x1b, 0x97, 0x7f, 0x91, 0x7f, 0xb0, 0x05, 0x90, 0x7f, 0xd0, 0x17, 0x36, 0xb0, 0x71, 0xd1, 0x17,
    0x39, 0x90, 0x04, 0xd8, 0x13, 0x17, 0x88, 0x4b, 0xe0, 0x13, 0x17, 0x97, 0x3a, 0x98, 0x32, 0x88,
    0x08, 0xd8, 0x0f, 0x13, 0xd7, 0x0f, 0x25, 0xd1, 0x0f, 0x25, 0x88, 0x04, 0xe0, 0x0e, 0x12, 0xd8,
    0x13, 0x17, 0x97, 0x39, 0x91, 0x39, 0x98, 0x58, 0xb0, 0x14, 0x90, 0x39, 0xd0, 0x13, 0x36, 0x88,
    0x44, 0xde, 0x0f, 0x13, 0xf4, 0x08, 0x00, 0x15, 0x1f, 0x98, 0x74, 0xa4, 0x53, 0xd7, 0x14, 0x29,
    0xd1, 0x14, 0x29, 0xa8, 0x64, 0xaf, 0x6d, 0xa9, 0x6d, 0xb8, 0x44, 0xd7, 0x2e, 0x41, 0xd1, 0x2e,
    0x41, 0xdc, 0x14, 0x1e, 0x98, 0x74, 0xa4, 0x55, 0xd7, 0x14, 0x2b, 0xd1, 0x14, 0x2b, 0xb0, 0x04,
    0xb7, 0x0d, 0xb1, 0x0d, 0xb8, 0x65, 0xd7, 0x30, 0x44, 0xd1, 0x30, 0x44, 0xd8, 0x14, 0x18, 0x9f,
    0x49, 0x99, 0x49, 0xa8, 0x31, 0xb0, 0x41, 0x98, 0x49, 0xd0, 0x1c, 0x36, 0xd1, 0x14, 0x36, 0x90,
    0x44, 0xe0, 0x0c, 0x10, 0x89, 0x4c, 0x88, 0x44, 0xd8, 0x14, 0x18, 0x97, 0x4f, 0x91, 0x4f, 0xa8,
    0x54, 0x90, 0x4f, 0xd0, 0x14, 0x32, 0x88, 0x45, 0xde, 0x0f, 0x14, 0xdc, 0x13, 0x16, 0x90, 0x75,
    0x93, 0x3a, 0xa0, 0x01, 0x93, 0x3e, 0xf0, 0x06, 0x00, 0x1c, 0x21, 0xa0, 0x11, 0x99, 0x38, 0x90,
    0x44, 0xd8, 0x18, 0x1d, 0x98, 0x61, 0x98, 0x08, 0xdc, 0x17, 0x1a, 0x98, 0x35, 0x93, 0x7a, 0xa0,
    0x41, 0x93, 0x7e, 0xe0, 0x18, 0x1d, 0x98, 0x62, 0x9b, 0x09, 0xa0, 0x54, 0xa7, 0x5f, 0xa1, 0x5f,
    0xd1, 0x18, 0x34, 0x9b, 0x09, 0xd8, 0x2a, 0x2f, 0x9c, 0x0f, 0xd8, 0x2a, 0x2e, 0x98, 0x04, 0x9d,
    0x0f, 0xf0, 0x06, 0x00, 0x2b, 0x30, 0xb0, 0x01, 0xa9, 0x28, 0xb0, 0x54, 0xb7, 0x5f, 0xb1, 0x5f,
    0xd1, 0x2a, 0x44, 0x98, 0x04, 0x9c, 0x0f, 0xde, 0x1b, 0x23, 0xd8, 0x1f, 0x23, 0x9f, 0x7f, 0x99,
    0x7f, 0xb8, 0x05, 0x98, 0x7f, 0xd0, 0x1f, 0x3e, 0xb8, 0x71, 0xd1, 0x1f, 0x41, 0x98, 0x04, 0xd8,
    0x14, 0x19, 0xf0, 0x26, 0x00, 0x10, 0x14, 0x88, 0x0b, 0xf0, 0x25, 0x00, 0x20, 0x25, 0xa0, 0x51,
    0x99, 0x78, 0x90, 0x0c, 0xd8, 0x22, 0x27, 0xa8, 0x01, 0xa1, 0x28, 0xd7, 0x22, 0x35, 0xd1, 0x22,
    0x35, 0xb8, 0x75, 0xd0, 0x22, 0x35, 0xd0, 0x22, 0x45, 0xc0, 0x61, 0xd1, 0x22, 0x48, 0x90, 0x0f,
    0xd8, 0x13, 0x1f, 0xd3, 0x13, 0x32, 0xe0, 0x26, 0x2a, 0xd7, 0x26, 0x3c, 0xd1, 0x26, 0x3c, 0xd7,
    0x26, 0x41, 0xd1, 0x26, 0x41, 0xc0, 0x25, 0xc8, 0x01, 0xc8, 0x02, 0xc0, 0x29, 0xd3, 0x26, 0x4c,
    0xd8, 0x26, 0x2a, 0xa7, 0x6f, 0xa1, 0x6f, 0xf1, 0x03, 0x01, 0x27, 0x36, 0x90, 0x44, 0x94, 0x4f,
    0xe6, 0x17, 0x1f, 0xd8, 0x1f, 0x2b, 0x98, 0x04, 0xf0, 0x06, 0x00, 0x15, 0x1a, 0xf0, 0x10, 0x00,
    0x10, 0x14, 0x88, 0x0b, 0xf0, 0x13, 0x00, 0x20, 0x2f, 0x98, 0x04, 0xd8, 0x14, 0x19, 0xf0, 0x10,
    0x00, 0x10, 0x14, 0x88, 0x0b, 0xf6, 0x0d, 0x00, 0x14, 0x18, 0x98, 0x34, 0xd1, 0x1b, 0x2b, 0xde,
    0x13, 0x17, 0xa6, 0x08, 0xd8, 0x1b, 0x1f, 0x9f, 0x3f, 0x99, 0x3f, 0xb0, 0x45, 0x98, 0x3f, 0xd0,
    0x1b, 0x3a, 0xb8, 0x31, 0xd1, 0x1b, 0x3d, 0x90, 0x44, 0xd8, 0x10, 0x15, 0xf0, 0x06, 0x00, 0x10,
    0x14, 0x88, 0x0b, 0xf0, 0x05, 0x00, 0x10, 0x18, 0x98, 0x24, 0x8b, 0x7f, 0xd8, 0x10, 0x18, 0x98,
    0x41, 0x91, 0x0d, 0x90, 0x08, 0xf2, 0x5d, 0x01, 0x00, 0x0f, 0x13, 0x72, 0x41, 0x00, 0x00, 0x00,
    0x63, 0x03, 0x00, 0x00, 0x00, 0x00, 0x00, 0x00, 0x00, 0x00, 0x00, 0x00, 0x00, 0x03, 0x00, 0x00,
    0x00, 0x03, 0x00, 0x00, 0x00, 0xf3, 0x44, 0x00, 0x00, 0x00, 0x95, 0x00, 0x55, 0x00, 0x52, 0x01,
    0x00, 0x00, 0x00, 0x00, 0x00, 0x00, 0x00, 0x00, 0x00, 0x00, 0x00, 0x00, 0x00, 0x00, 0x00, 0x00,
    0x00, 0x00, 0x35, 0x00, 0x00, 0x00, 0x00, 0x00, 0x00, 0x00, 0x6e, 0x03, 0x55, 0x03, 0x52, 0x03,
    0x00, 0x00, 0x00, 0x00, 0x00, 0x00, 0x00, 0x00, 0x00, 0x00, 0x00, 0x00, 0x00, 0x00, 0x00, 0x00,
    0x00, 0x00, 0x55, 0x02, 0x35, 0x01, 0x00, 0x00, 0x00, 0x00, 0x00, 0x00, 0x24, 0x00, 0x29, 0x01,
    0x61, 0x0e, 0x01, 0x00, 0x00, 0x52, 0x65, 0x61, 0x64, 0x20, 0x61, 0x6c, 0x6c, 0x20, 0x6c, 0x69,
    0x6e, 0x65, 0x73, 0x20, 0x61, 0x76, 0x61, 0x69, 0x6c, 0x61, 0x62, 0x6c, 0x65, 0x20, 0x6f, 0x6e,
    0x20, 0x74, 0x68, 0x65, 0x20, 0x69, 0x6e, 0x70, 0x75, 0x74, 0x20, 0x73, 0x74, 0x72, 0x65, 0x61,
    0x6d, 0x0a, 0x61, 0x6e, 0x64, 0x20, 0x72, 0x65, 0x74, 0x75, 0x72, 0x6e, 0x20, 0x74, 0x68, 0x65,
    0x6d, 0x20, 0x61, 0x73, 0x20, 0x61, 0x20, 0x6c, 0x69, 0x73, 0x74, 0x2e, 0x0a, 0x0a, 0x4c, 0x69,
    0x6e, 0x65, 0x20, 0x62, 0x72, 0x65, 0x61, 0x6b, 0x73, 0x20, 0x61, 0x72, 0x65, 0x20, 0x69, 0x6d,
    0x70, 0x6c, 0x65, 0x6d, 0x65, 0x6e, 0x74, 0x65, 0x64, 0x20, 0x75, 0x73, 0x69, 0x6e, 0x67, 0x20,
    0x74, 0x68, 0x65, 0x20, 0x63, 0x6f, 0x64, 0x65, 0x63, 0x27, 0x73, 0x20, 0x64, 0x65, 0x63, 0x6f,
    0x64, 0x65, 0x72, 0x0a, 0x6d, 0x65, 0x74, 0x68, 0x6f, 0x64, 0x20, 0x61, 0x6e, 0x64, 0x20, 0x61,
    0x72, 0x65, 0x20, 0x69, 0x6e, 0x63, 0x6c, 0x75, 0x64, 0x65, 0x64, 0x20, 0x69, 0x6e, 0x20, 0x74,
    0x68, 0x65, 0x20, 0x6c, 0x69, 0x73, 0x74, 0x20, 0x65, 0x6e, 0x74, 0x72, 0x69, 0x65, 0x73, 0x2e,
    0x0a, 0x0a, 0x73, 0x69, 0x7a, 0x65, 0x68, 0x69, 0x6e, 0x74, 0x2c, 0x20, 0x69, 0x66, 0x20, 0x67,
    0x69, 0x76, 0x65, 0x6e, 0x2c, 0x20, 0x69, 0x73, 0x20, 0x69, 0x67, 0x6e, 0x6f, 0x72, 0x65, 0x64,
    0x20, 0x73, 0x69, 0x6e, 0x63, 0x65, 0x20, 0x74, 0x68, 0x65, 0x72, 0x65, 0x20, 0x69, 0x73, 0x20,
    0x6e, 0x6f, 0x20, 0x65, 0x66, 0x66, 0x69, 0x63, 0x69, 0x65, 0x6e, 0x74, 0x0a, 0x77, 0x61, 0x79,
    0x20, 0x6f, 0x66, 0x20, 0x66, 0x69, 0x6e, 0x64, 0x69, 0x6e, 0x67, 0x20, 0x74, 0x68, 0x65, 0x20,
    0x74, 0x72, 0x75, 0x65, 0x20, 0x65, 0x6e, 0x64, 0x2d, 0x6f, 0x66, 0x2d, 0x6c, 0x69, 0x6e, 0x65,
    0x2e, 0x0a, 0x0a, 0x29, 0x02, 0x72, 0xf6, 0x00, 0x00, 0x00, 0x72, 0xf9, 0x00, 0x00, 0x00, 0x29,
    0x04, 0x72, 0x3e, 0x00, 0x00, 0x00, 0xda, 0x08, 0x73, 0x69, 0x7a, 0x65, 0x68, 0x69, 0x6e, 0x74,
    0x72, 0xf3, 0x00, 0x00, 0x00, 0x72, 0x86, 0x00, 0x00, 0x00, 0x73, 0x04, 0x00, 0x00, 0x00, 0x20,
    0x20, 0x20, 0x20, 0x72, 0x3f, 0x00, 0x00, 0x00, 0xda, 0x09, 0x72, 0x65, 0x61, 0x64, 0x6c, 0x69,
    0x6e, 0x65, 0x73, 0xda, 0x16, 0x53, 0x74, 0x72, 0x65, 0x61, 0x6d, 0x52, 0x65, 0x61, 0x64, 0x65,
    0x72, 0x2e, 0x72, 0x65, 0x61, 0x64, 0x6c, 0x69, 0x6e, 0x65, 0x73, 0x64, 0x02, 0x00, 0x00, 0x73,
    0x1e, 0x00, 0x00, 0x00, 0x80, 0x00, 0xf0, 0x18, 0x00, 0x10, 0x14, 0x8f, 0x79, 0x89, 0x79, 0x8b,
    0x7b, 0x88, 0x04, 0xd8, 0x0f, 0x13, 0x8f, 0x7f, 0x89, 0x7f, 0x98, 0x78, 0xd3, 0x0f, 0x28, 0xd0,
    0x08, 0x28, 0x72, 0x41, 0x00, 0x00, 0x00, 0x63, 0x01, 0x00, 0x00, 0x00, 0x00, 0x00, 0x00, 0x00,
    0x00, 0x00, 0x00, 0x00, 0x02, 0x00, 0x00, 0x00, 0x03, 0x00, 0x00, 0x00, 0xf3, 0x42, 0x00, 0x00,
    0x00, 0x95, 0x00, 0x53, 0x01, 0x55, 0x00, 0x6c, 0x00, 0x00, 0x00, 0x00, 0x00, 0x00, 0x00, 0x00,
    0x00, 0x55, 0x00, 0x52, 0x02, 0x00, 0x00, 0x00, 0x00, 0x00, 0x00, 0x00, 0x00, 0x00, 0x00, 0x00,
    0x00, 0x00, 0x00, 0x00, 0x00, 0x00, 0x00, 0x55, 0x00, 0x6c, 0x02, 0x00, 0x00, 0x00, 0x00, 0x00,
    0x00, 0x00, 0x00, 0x53, 0x02, 0x55, 0x00, 0x6c, 0x03, 0x00, 0x00, 0x00, 0x00, 0x00, 0x00, 0x00,
    0x00, 0x67, 0x02, 0x29, 0x03, 0x7a, 0xbf, 0x52, 0x65, 0x73, 0x65, 0x74, 0x73, 0x20, 0x74, 0x68,
    0x65, 0x20, 0x63, 0x6f, 0x64, 0x65, 0x63, 0x20, 0x62, 0x75, 0x66, 0x66, 0x65, 0x72, 0x73, 0x20,
    0x75, 0x73, 0x65, 0x64, 0x20, 0x66, 0x6f, 0x72, 0x20, 0x6b, 0x65, 0x65, 0x70, 0x69, 0x6e, 0x67,
    0x20, 0x69, 0x6e, 0x74, 0x65, 0x72, 0x6e, 0x61, 0x6c, 0x20, 0x73, 0x74, 0x61, 0x74, 0x65, 0x2e,
    0x0a, 0x0a, 0x4e, 0x6f, 0x74, 0x65, 0x20, 0x74, 0x68, 0x61, 0x74, 0x20, 0x6e, 0x6f, 0x20, 0x73,
    0x74, 0x72, 0x65, 0x61, 0x6d, 0x20, 0x72, 0x65, 0x70, 0x6f, 0x73, 0x69, 0x74, 0x69, 0x6f, 0x6e,
    0x69, 0x6e, 0x67, 0x20, 0x73, 0x68, 0x6f, 0x75, 0x6c, 0x64, 0x20, 0x74, 0x61, 0x6b, 0x65, 0x20,
    0x70, 0x6c, 0x61, 0x63, 0x65, 0x2e, 0x0a, 0x54, 0x68, 0x69, 0x73, 0x20, 0x6d, 0x65, 0x74, 0x68,
    0x6f, 0x64, 0x20, 0x69, 0x73, 0x20, 0x70, 0x72, 0x69, 0x6d, 0x61, 0x72, 0x69, 0x6c, 0x79, 0x20,
    0x69, 0x6e, 0x74, 0x65, 0x6e, 0x64, 0x65, 0x64, 0x20, 0x74, 0x6f, 0x20, 0x62, 0x65, 0x20, 0x61,
    0x62, 0x6c, 0x65, 0x20, 0x74, 0x6f, 0x20, 0x72, 0x65, 0x63, 0x6f, 0x76, 0x65, 0x72, 0x0a, 0x66,
    0x72, 0x6f, 0x6d, 0x20, 0x64, 0x65, 0x63, 0x6f, 0x64, 0x69, 0x6e, 0x67, 0x20, 0x65, 0x72, 0x72,
    0x6f, 0x72, 0x73, 0x2e, 0x0a, 0x0a, 0x72, 0x41, 0x00, 0x00, 0x00, 0x4e, 0x29, 0x04, 0x72, 0xe9,
    0x00, 0x00, 0x00, 0x72, 0xeb, 0x00, 0x00, 0x00, 0x72, 0xec, 0x00, 0x00, 0x00, 0x72, 0xed, 0x00,
    0x00, 0x00, 0x72, 0x47, 0x00, 0x00, 0x00, 0x73, 0x01, 0x00, 0x00, 0x00, 0x20, 0x72, 0x3f, 0x00,
    0x00, 0x00, 0x72, 0x6d, 0x00, 0x00, 0x00, 0xda, 0x12, 0x53, 0x74, 0x72, 0x65, 0x61, 0x6d, 0x52,
    0x65, 0x61, 0x64, 0x65, 0x72, 0x2e, 0x72, 0x65, 0x73, 0x65, 0x74, 0x73, 0x02, 0x00, 0x00, 0x73,
    0x1f, 0x00, 0x00, 0x00, 0x80, 0x00, 0xf0, 0x12, 0x00, 0x1b, 0x1e, 0x88, 0x04, 0x8c, 0x0f, 0xd8,
    0x1a, 0x1e, 0xd7, 0x1a, 0x30, 0xd1, 0x1a, 0x30, 0x88, 0x04, 0x8c, 0x0f, 0xd8, 0x1a, 0x1e, 0x88,
    0x04, 0x8d, 0x0f, 0x72, 0x41, 0x00, 0x00, 0x00, 0x63, 0x03, 0x00, 0x00, 0x00, 0x00, 0x00, 0x00,
    0x00, 0x00, 0x00, 0x00, 0x00, 0x04, 0x00, 0x00, 0x00, 0x03, 0x00, 0x00, 0x00, 0xf3, 0x5a, 0x00,
    0x00, 0x00, 0x95, 0x00, 0x55, 0x00, 0x52, 0x00, 0x00, 0x00, 0x00, 0x00, 0x00, 0x00, 0x00, 0x00,
    0x00, 0x00, 0x00, 0x00, 0x00, 0x00, 0x00, 0x00, 0x00, 0x00, 0x52, 0x03, 0x00, 0x00, 0x00, 0x00,
    0x00, 0x00, 0x00, 0x00, 0x00, 0x00, 0x00, 0x00, 0x00, 0x00, 0x00, 0x00, 0x00, 0x00, 0x58, 0x12,
    0x35, 0x02, 0x00, 0x00, 0x00, 0x00, 0x00, 0x00, 0x20, 0x00, 0x55, 0x00, 0x52, 0x05, 0x00, 0x00,
    0x00, 0x00, 0x00, 0x00, 0x00, 0x00, 0x00, 0x00, 0x00, 0x00, 0x00, 0x00, 0x00, 0x00, 0x00, 0x00,
    0x35, 0x00, 0x00, 0x00, 0x00, 0x00, 0x00, 0x00, 0x20, 0x00, 0x67, 0x01, 0x29, 0x02, 0x7a, 0x5b,
    0x53, 0x65, 0x74, 0x20, 0x74, 0x68, 0x65, 0x20, 0x69, 0x6e, 0x70, 0x75, 0x74, 0x20, 0x73, 0x74,
    0x72, 0x65, 0x61, 0x6d, 0x27, 0x73, 0x20, 0x63, 0x75, 0x72, 0x72, 0x65, 0x6e, 0x74, 0x20, 0x70,
    0x6f, 0x73, 0x69, 0x74, 0x69, 0x6f, 0x6e, 0x2e, 0x0a, 0x0a, 0x52, 0x65, 0x73, 0x65, 0x74, 0x73,
    0x20, 0x74, 0x68, 0x65, 0x20, 0x63, 0x6f, 0x64, 0x65, 0x63, 0x20, 0x62, 0x75, 0x66, 0x66, 0x65,
    0x72, 0x73, 0x20, 0x75, 0x73, 0x65, 0x64, 0x20, 0x66, 0x6f, 0x72, 0x20, 0x6b, 0x65, 0x65, 0x70,
    0x69, 0x6e, 0x67, 0x20, 0x73, 0x74, 0x61, 0x74, 0x65, 0x2e, 0x0a, 0x4e, 0x72, 0xc1, 0x00, 0x00,
    0x00, 0x72, 0xc3, 0x00, 0x00, 0x00, 0x73, 0x03, 0x00, 0x00, 0x00, 0x20, 0x20, 0x20, 0x72, 0x3f,
    0x00, 0x00, 0x00, 0x72, 0xc2, 0x00, 0x00, 0x00, 0xda, 0x11, 0x53, 0x74, 0x72, 0x65, 0x61, 0x6d,
    0x52, 0x65, 0x61, 0x64, 0x65, 0x72, 0x2e, 0x73, 0x65, 0x65, 0x6b, 0x80, 0x02, 0x00, 0x00, 0x73,
    0x1f, 0x00, 0x00, 0x00, 0x80, 0x00, 0xf0, 0x0a, 0x00, 0x09, 0x0d, 0x8f, 0x0b, 0x89, 0x0b, 0xd7,
    0x08, 0x18, 0xd1, 0x08, 0x18, 0x98, 0x16, 0xd4, 0x08, 0x28, 0xd8, 0x08, 0x0c, 0x8f, 0x0a, 0x89,
    0x0a, 0x8d, 0x0c, 0x72, 0x41, 0x00, 0x00, 0x00, 0x63, 0x01, 0x00, 0x00, 0x00, 0x00, 0x00, 0x00,
    0x00, 0x00, 0x00, 0x00, 0x00, 0x02, 0x00, 0x00, 0x00, 0x03, 0x00, 0x00, 0x00, 0xf3, 0x40, 0x00,
    0x00, 0x00, 0x95, 0x00, 0x55, 0x00, 0x52, 0x01, 0x00, 0x00, 0x00, 0x00, 0x00, 0x00, 0x00, 0x00,
    0x00, 0x00, 0x00, 0x00, 0x00, 0x00, 0x00, 0x00, 0x00, 0x00, 0x35, 0x00, 0x00, 0x00, 0x00, 0x00,
    0x00, 0x00, 0x6e, 0x01, 0x55, 0x01, 0x28, 0x00, 0x00, 0x00, 0x00, 0x00, 0x00, 0x00, 0x61, 0x02,
    0x00, 0x00, 0x55, 0x01, 0x24, 0x00, 0x5b, 0x02, 0x00, 0x00, 0x00, 0x00, 0x00, 0x00, 0x00, 0x00,
    0x65, 0x01, 0xa9, 0x01, 0x7a, 0x33, 0x52, 0x65, 0x74, 0x75, 0x72, 0x6e, 0x20, 0x74, 0x68, 0x65,
    0x20, 0x6e, 0x65, 0x78, 0x74, 0x20, 0x64, 0x65, 0x63, 0x6f, 0x64, 0x65, 0x64, 0x20, 0x6c, 0x69,
    0x6e, 0x65, 0x20, 0x66, 0x72, 0x6f, 0x6d, 0x20, 0x74, 0x68, 0x65, 0x20, 0x69, 0x6e, 0x70, 0x75,
    0x74, 0x20, 0x73, 0x74, 0x72, 0x65, 0x61, 0x6d, 0x2e, 0x29, 0x02, 0x72, 0x11, 0x01, 0x00, 0x00,
    0xda, 0x0d, 0x53, 0x74, 0x6f, 0x70, 0x49, 0x74, 0x65, 0x72, 0x61, 0x74, 0x69, 0x6f, 0x6e, 0x29,
    0x02, 0x72, 0x3e, 0x00, 0x00, 0x00, 0x72, 0x0d, 0x01, 0x00, 0x00, 0x73, 0x02, 0x00, 0x00, 0x00,
    0x20, 0x20, 0x72, 0x3f, 0x00, 0x00, 0x00, 0xda, 0x08, 0x5f, 0x5f, 0x6e, 0x65, 0x78, 0x74, 0x5f,
    0x5f, 0xda, 0x15, 0x53, 0x74, 0x72, 0x65, 0x61, 0x6d, 0x52, 0x65, 0x61, 0x64, 0x65, 0x72, 0x2e,
    0x5f, 0x5f, 0x6e, 0x65, 0x78, 0x74, 0x5f, 0x5f, 0x88, 0x02, 0x00, 0x00, 0x73, 0x1d, 0x00, 0x00,
    0x00, 0x80, 0x00, 0xf0, 0x06, 0x00, 0x10, 0x14, 0x8f, 0x7d, 0x89, 0x7d, 0x8b, 0x7f, 0x88, 0x04,
    0xde, 0x0b, 0x0f, 0xd8, 0x13, 0x17, 0x88, 0x4b, 0xdc, 0x0e, 0x1b, 0xd0, 0x08, 0x1b, 0x72, 0x41,
    0x00, 0x00, 0x00, 0x63, 0x01, 0x00, 0x00, 0x00, 0x00, 0x00, 0x00, 0x00, 0x00, 0x00, 0x00, 0x00,
    0x01, 0x00, 0x00, 0x00, 0x03, 0x00, 0x00, 0x00, 0xf3, 0x06, 0x00, 0x00, 0x00, 0x95, 0x00, 0x55,
    0x00, 0x24, 0x00, 0x72, 0x35, 0x00, 0x00, 0x00, 0x72, 0x51, 0x00, 0x00, 0x00, 0x72, 0x47, 0x00,
    0x00, 0x00, 0x73, 0x01, 0x00, 0x00, 0x00, 0x20, 0x72, 0x3f, 0x00, 0x00, 0x00, 0xda, 0x08, 0x5f,
    0x5f, 0x69, 0x74, 0x65, 0x72, 0x5f, 0x5f, 0xda, 0x15, 0x53, 0x74, 0x72, 0x65, 0x61, 0x6d, 0x52,
    0x65, 0x61, 0x64, 0x65, 0x72, 0x2e, 0x5f, 0x5f, 0x69, 0x74, 0x65, 0x72, 0x5f, 0x5f, 0x90, 0x02,
    0x00, 0x00, 0x72, 0xd2, 0x00, 0x00, 0x00, 0x72, 0x41, 0x00, 0x00, 0x00, 0x63, 0x03, 0x00, 0x00,
    0x00, 0x00, 0x00, 0x00, 0x00, 0x00, 0x00, 0x00, 0x00, 0x04, 0x00, 0x00, 0x00, 0x03, 0x00, 0x00,
    0x00, 0xf3, 0x28, 0x00, 0x00, 0x00, 0x95, 0x00, 0x55, 0x02, 0x22, 0x00, 0x55, 0x00, 0x52, 0x00,
    0x00, 0x00, 0x00, 0x00, 0x00, 0x00, 0x00, 0x00, 0x00, 0x00, 0x00, 0x00, 0x00, 0x00, 0x00, 0x00,
    0x00, 0x00, 0x55, 0x01, 0x35, 0x02, 0x00, 0x00, 0x00, 0x00, 0x00, 0x00, 0x24, 0x00, 0x72, 0xc8,
    0x00, 0x00, 0x00, 0x72, 0xc9, 0x00, 0x00, 0x00, 0x72, 0xca, 0x00, 0x00, 0x00, 0x73, 0x03, 0x00,
    0x00, 0x00, 0x20, 0x20, 0x20, 0x72, 0x3f, 0x00, 0x00, 0x00, 0x72, 0xcc, 0x00, 0x00, 0x00, 0xda,
    0x18, 0x53, 0x74, 0x72, 0x65, 0x61, 0x6d, 0x52, 0x65, 0x61, 0x64, 0x65, 0x72, 0x2e, 0x5f, 0x5f,
    0x67, 0x65, 0x74, 0x61, 0x74, 0x74, 0x72, 0x5f, 0x5f, 0x93, 0x02, 0x00, 0x00, 0x72, 0xce, 0x00,
    0x00, 0x00, 0x72, 0x41, 0x00, 0x00, 0x00, 0x63, 0x01, 0x00, 0x00, 0x00, 0x00, 0x00, 0x00, 0x00,
    0x00, 0x00, 0x00, 0x00, 0x01, 0x00, 0x00, 0x00, 0x03, 0x00, 0x00, 0x00, 0xf3, 0x06, 0x00, 0x00,
    0x00, 0x95, 0x00, 0x55, 0x00, 0x24, 0x00, 0x72, 0x35, 0x00, 0x00, 0x00, 0x72, 0x51, 0x00, 0x00,
    0x00, 0x72, 0x47, 0x00, 0x00, 0x00, 0x73, 0x01, 0x00, 0x00, 0x00, 0x20, 0x72, 0x3f, 0x00, 0x00,
    0x00, 0x72, 0xd0, 0x00, 0x00, 0x00, 0xda, 0x16, 0x53, 0x74, 0x72, 0x65, 0x61, 0x6d, 0x52, 0x65,
    0x61, 0x64, 0x65, 0x72, 0x2e, 0x5f, 0x5f, 0x65, 0x6e, 0x74, 0x65, 0x72, 0x5f, 0x5f, 0x9a, 0x02,
    0x00, 0x00, 0x72, 0xd2, 0x00, 0x00, 0x00, 0x72, 0x41, 0x00, 0x00, 0x00, 0x63, 0x04, 0x00, 0x00,
    0x00, 0x00, 0x00, 0x00, 0x00, 0x00, 0x00, 0x00, 0x00, 0x02, 0x00, 0x00, 0x00, 0x03, 0x00, 0x00,
    0x00, 0xf3, 0x38, 0x00, 0x00, 0x00, 0x95, 0x00, 0x55, 0x00, 0x52, 0x00, 0x00, 0x00, 0x00, 0x00,
    0x00, 0x00, 0x00, 0x00, 0x00, 0x00, 0x00, 0x00, 0x00, 0x00, 0x00, 0x00, 0x00, 0x00, 0x52, 0x03,
    0x00, 0x00, 0x00, 0x00, 0x00, 0x00, 0x00, 0x00, 0x00, 0x00, 0x00, 0x00, 0x00, 0x00, 0x00, 0x00,
    0x00, 0x00, 0x35, 0x00, 0x00, 0x00, 0x00, 0x00, 0x00, 0x00, 0x20, 0x00, 0x67, 0x00, 0x72, 0x35,
    0x00, 0x00, 0x00, 0x72, 0xd4, 0x00, 0x00, 0x00, 0x72, 0xd6, 0x00, 0x00, 0x00, 0x73, 0x04, 0x00,
    0x00, 0x00, 0x20, 0x20, 0x20, 0x20, 0x72, 0x3f, 0x00, 0x00, 0x00, 0x72, 0xda, 0x00, 0x00, 0x00,
    0xda, 0x15, 0x53, 0x74, 0x72, 0x65, 0x61, 0x6d, 0x52, 0x65, 0x61, 0x64, 0x65, 0x72, 0x2e, 0x5f,
    0x5f, 0x65, 0x78, 0x69, 0x74, 0x5f, 0x5f, 0x9d, 0x02, 0x00, 0x00, 0x72, 0xdc, 0x00, 0x00, 0x00,
    0x72, 0x41, 0x00, 0x00, 0x00, 0x63, 0x02, 0x00, 0x00, 0x00, 0x00, 0x00, 0x00, 0x00, 0x00, 0x00,
    0x00, 0x00, 0x04, 0x00, 0x00, 0x00, 0x03, 0x00, 0x00, 0x00, 0xf3, 0x46, 0x00, 0x00, 0x00, 0x95,
    0x00, 0x5b, 0x01, 0x00, 0x00, 0x00, 0x00, 0x00, 0x00, 0x00, 0x00, 0x53, 0x01, 0x55, 0x00, 0x52,
    0x02, 0x00, 0x00, 0x00, 0x00, 0x00, 0x00, 0x00, 0x00, 0x00, 0x00, 0x00, 0x00, 0x00, 0x00, 0x00,
    0x00, 0x00, 0x00, 0x52, 0x04, 0x00, 0x00, 0x00, 0x00, 0x00, 0x00, 0x00, 0x00, 0x00, 0x00, 0x00,
    0x00, 0x00, 0x00, 0x00, 0x00, 0x00, 0x00, 0x2d, 0x06, 0x00, 0x00, 0x35, 0x01, 0x00, 0x00, 0x00,
    0x00, 0x00, 0x00, 0x65, 0x01, 0x72, 0xde, 0x00, 0x00, 0x00, 0x72, 0xdf, 0x00, 0x00, 0x00, 0x72,
    0xe1, 0x00, 0x00, 0x00, 0x73, 0x02, 0x00, 0x00, 0x00, 0x20, 0x20, 0x72, 0x3f, 0x00, 0x00, 0x00,
    0x72, 0xe3, 0x00, 0x00, 0x00, 0xda, 0x1a, 0x53, 0x74, 0x72, 0x65, 0x61, 0x6d, 0x52, 0x65, 0x61,
    0x64, 0x65, 0x72, 0x2e, 0x5f, 0x5f, 0x72, 0x65, 0x64, 0x75, 0x63, 0x65, 0x5f, 0x65, 0x78, 0x5f,
    0x5f, 0xa0, 0x02, 0x00, 0x00, 0x72, 0xe5, 0x00, 0x00, 0x00, 0x72, 0x41, 0x00, 0x00, 0x00, 0x29,
    0x06, 0x72, 0xeb, 0x00, 0x00, 0x00, 0x72, 0xe9, 0x00, 0x00, 0x00, 0x72, 0xec, 0x00, 0x00, 0x00,
    0x72, 0x59, 0x00, 0x00, 0x00, 0x72, 0xed, 0x00, 0x00, 0x00, 0x72, 0xb1, 0x00, 0x00, 0x00, 0x72,
    0x5d, 0x00, 0x00, 0x00, 0x29, 0x03, 0x72, 0x07, 0x01, 0x00, 0x00, 0x72, 0x07, 0x01, 0x00, 0x00,
    0x46, 0xa9, 0x02, 0x4e, 0x54, 0x72, 0xe6, 0x00, 0x00, 0x00, 0x29, 0x15, 0x72, 0x4d, 0x00, 0x00,
    0x00, 0x72, 0x44, 0x00, 0x00, 0x00, 0x72, 0x45, 0x00, 0x00, 0x00, 0x72, 0x4e, 0x00, 0x00, 0x00,
    0x72, 0x0a, 0x01, 0x00, 0x00, 0x72, 0xea, 0x00, 0x00, 0x00, 0x72, 0x65, 0x00, 0x00, 0x00, 0x72,
    0x25, 0x00, 0x00, 0x00, 0x72, 0xf6, 0x00, 0x00, 0x00, 0x72, 0x11, 0x01, 0x00, 0x00, 0x72, 0x15,
    0x01, 0x00, 0x00, 0x72, 0x6d, 0x00, 0x00, 0x00, 0x72, 0xc2, 0x00, 0x00, 0x00, 0x72, 0x1e, 0x01,
    0x00, 0x00, 0x72, 0x21, 0x01, 0x00, 0x00, 0x72, 0xcb, 0x00, 0x00, 0x00, 0x72, 0xcc, 0x00, 0x00,
    0x00, 0x72, 0xd0, 0x00, 0x00, 0x00, 0x72, 0xda, 0x00, 0x00, 0x00, 0x72, 0xe3, 0x00, 0x00, 0x00,
    0x72, 0x50, 0x00, 0x00, 0x00, 0x72, 0x51, 0x00, 0x00, 0x00, 0x72, 0x41, 0x00, 0x00, 0x00, 0x72,
    0x3f, 0x00, 0x00, 0x00, 0x72, 0x1a, 0x00, 0x00, 0x00, 0x72, 0x1a, 0x00, 0x00, 0x00, 0xa9, 0x01,
    0x00, 0x00, 0x73, 0x52, 0x00, 0x00, 0x00, 0x86, 0x00, 0xe0, 0x15, 0x18, 0x80, 0x4e, 0xf4, 0x04,
    0x17, 0x05, 0x1f, 0xf4, 0x32, 0x01, 0x05, 0x22, 0xf4, 0x06, 0x4e, 0x01, 0x05, 0x16, 0xf4, 0x60,
    0x02, 0x49, 0x01, 0x05, 0x14, 0xf4, 0x56, 0x02, 0x0d, 0x05, 0x29, 0xf2, 0x1e, 0x0b, 0x05, 0x1f,
    0xf4, 0x1a, 0x06, 0x05, 0x15, 0xf2, 0x10, 0x06, 0x05, 0x1c, 0xf2, 0x10, 0x01, 0x05, 0x14, 0xf0,
    0x08, 0x00, 0x1d, 0x24, 0xf4, 0x03, 0x05, 0x05, 0x2a, 0xf2, 0x0e, 0x01, 0x05, 0x14, 0xf2, 0x06,
    0x01, 0x05, 0x1c, 0xf5, 0x06, 0x01, 0x05, 0x48, 0x01, 0x72, 0x41, 0x00, 0x00, 0x00, 0x72, 0x1a,
    0x00, 0x00, 0x00, 0x63, 0x00, 0x00, 0x00, 0x00, 0x00, 0x00, 0x00, 0x00, 0x00, 0x00, 0x00, 0x00,
    0x02, 0x00, 0x00, 0x00, 0x00, 0x00, 0x00, 0x00, 0xf3, 0x8a, 0x00, 0x00, 0x00, 0x95, 0x00, 0x5c,
    0x00, 0x72, 0x01, 0x53, 0x00, 0x72, 0x02, 0x53, 0x01, 0x72, 0x03, 0x53, 0x02, 0x72, 0x04, 0x53,
    0x03, 0x72, 0x05, 0x53, 0x14, 0x53, 0x04, 0x1a, 0x00, 0x6a, 0x01, 0x72, 0x06, 0x53, 0x15, 0x53,
    0x05, 0x1a, 0x00, 0x6a, 0x01, 0x72, 0x07, 0x53, 0x16, 0x53, 0x07, 0x1a, 0x00, 0x6a, 0x01, 0x72,
    0x08, 0x53, 0x16, 0x53, 0x08, 0x1a, 0x00, 0x6a, 0x01, 0x72, 0x09, 0x53, 0x09, 0x1a, 0x00, 0x72,
    0x0a, 0x53, 0x0a, 0x1a, 0x00, 0x72, 0x0b, 0x53, 0x0b, 0x1a, 0x00, 0x72, 0x0c, 0x53, 0x0c, 0x1a,
    0x00, 0x72, 0x0d, 0x53, 0x0d, 0x1a, 0x00, 0x72, 0x0e, 0x53, 0x17, 0x53, 0x0e, 0x1a, 0x00, 0x6a,
    0x01, 0x72, 0x0f, 0x5c, 0x10, 0x34, 0x01, 0x53, 0x0f, 0x1a, 0x00, 0x6a, 0x01, 0x72, 0x11, 0x53,
    0x10, 0x1a, 0x00, 0x72, 0x12, 0x53, 0x11, 0x1a, 0x00, 0x72, 0x13, 0x53, 0x12, 0x1a, 0x00, 0x72,
    0x14, 0x53, 0x13, 0x72, 0x15, 0x67, 0x06, 0x29, 0x18, 0x72, 0x1c, 0x00, 0x00, 0x00, 0x69, 0xa5,
    0x02, 0x00, 0x00, 0x7a, 0xdc, 0x53, 0x74, 0x72, 0x65, 0x61, 0x6d, 0x52, 0x65, 0x61, 0x64, 0x65,
    0x72, 0x57, 0x72, 0x69, 0x74, 0x65, 0x72, 0x20, 0x69, 0x6e, 0x73, 0x74, 0x61, 0x6e, 0x63, 0x65,
    0x73, 0x20, 0x61, 0x6c, 0x6c, 0x6f, 0x77, 0x20, 0x77, 0x72, 0x61, 0x70, 0x70, 0x69, 0x6e, 0x67,
    0x20, 0x73, 0x74, 0x72, 0x65, 0x61, 0x6d, 0x73, 0x20, 0x77, 0x68, 0x69, 0x63, 0x68, 0x0a, 0x77,
    0x6f, 0x72, 0x6b, 0x20, 0x69, 0x6e, 0x20, 0x62, 0x6f, 0x74, 0x68, 0x20, 0x72, 0x65, 0x61, 0x64,
    0x20, 0x61, 0x6e, 0x64, 0x20, 0x77, 0x72, 0x69, 0x74, 0x65, 0x20, 0x6d, 0x6f, 0x64, 0x65, 0x73,
    0x2e, 0x0a, 0x0a, 0x54, 0x68, 0x65, 0x20, 0x64, 0x65, 0x73, 0x69, 0x67, 0x6e, 0x20, 0x69, 0x73,
    0x20, 0x73, 0x75, 0x63, 0x68, 0x20, 0x74, 0x68, 0x61, 0x74, 0x20, 0x6f, 0x6e, 0x65, 0x20, 0x63,
    0x61, 0x6e, 0x20, 0x75, 0x73, 0x65, 0x20, 0x74, 0x68, 0x65, 0x20, 0x66, 0x61, 0x63, 0x74, 0x6f,
    0x72, 0x79, 0x20, 0x66, 0x75, 0x6e, 0x63, 0x74, 0x69, 0x6f, 0x6e, 0x73, 0x0a, 0x72, 0x65, 0x74,
    0x75, 0x72, 0x6e, 0x65, 0x64, 0x20, 0x62, 0x79, 0x20, 0x74, 0x68, 0x65, 0x20, 0x63, 0x6f, 0x64,
    0x65, 0x63, 0x2e, 0x6c, 0x6f, 0x6f, 0x6b, 0x75, 0x70, 0x28, 0x29, 0x20, 0x66, 0x75, 0x6e, 0x63,
    0x74, 0x69, 0x6f, 0x6e, 0x20, 0x74, 0x6f, 0x20, 0x63, 0x6f, 0x6e, 0x73, 0x74, 0x72, 0x75, 0x63,
    0x74, 0x20, 0x74, 0x68, 0x65, 0x0a, 0x69, 0x6e, 0x73, 0x74, 0x61, 0x6e, 0x63, 0x65, 0x2e, 0x0a,
    0x0a, 0xda, 0x07, 0x75, 0x6e, 0x6b, 0x6e, 0x6f, 0x77, 0x6e, 0x63, 0x05, 0x00, 0x00, 0x00, 0x00,
    0x00, 0x00, 0x00, 0x00, 0x00, 0x00, 0x00, 0x04, 0x00, 0x00, 0x00, 0x03, 0x00, 0x00, 0x00, 0xf3,
    0x50, 0x00, 0x00, 0x00, 0x95, 0x00, 0x58, 0x10, 0x6c, 0x00, 0x00, 0x00, 0x00, 0x00, 0x00, 0x00,
    0x00, 0x00, 0x55, 0x02, 0x22, 0x00, 0x58, 0x14, 0x35, 0x02, 0x00, 0x00, 0x00, 0x00, 0x00, 0x00,
    0x55, 0x00, 0x6c, 0x01, 0x00, 0x00, 0x00, 0x00, 0x00, 0x00, 0x00, 0x00, 0x55, 0x03, 0x22, 0x00,
    0x58, 0x14, 0x35, 0x02, 0x00, 0x00, 0x00, 0x00, 0x00, 0x00, 0x55, 0x00, 0x6c, 0x02, 0x00, 0x00,
    0x00, 0x00, 0x00, 0x00, 0x00, 0x00, 0x58, 0x40, 0x6c, 0x03, 0x00, 0x00, 0x00, 0x00, 0x00, 0x00,
    0x00, 0x00, 0x67, 0x01, 0x29, 0x02, 0x61, 0x0d, 0x01, 0x00, 0x00, 0x43, 0x72, 0x65, 0x61, 0x74,
    0x65, 0x73, 0x20, 0x61, 0x20, 0x53, 0x74, 0x72, 0x65, 0x61, 0x6d, 0x52, 0x65, 0x61, 0x64, 0x65,
    0x72, 0x57, 0x72, 0x69, 0x74, 0x65, 0x72, 0x20, 0x69, 0x6e, 0x73, 0x74, 0x61, 0x6e, 0x63, 0x65,
    0x2e, 0x0a, 0x0a, 0x73, 0x74, 0x72, 0x65, 0x61, 0x6d, 0x20, 0x6d, 0x75, 0x73, 0x74, 0x20, 0x62,
    0x65, 0x20, 0x61, 0x20, 0x53, 0x74, 0x72, 0x65, 0x61, 0x6d, 0x2d, 0x6c, 0x69, 0x6b, 0x65, 0x20,
    0x6f, 0x62, 0x6a, 0x65, 0x63, 0x74, 0x2e, 0x0a, 0x0a, 0x52, 0x65, 0x61, 0x64, 0x65, 0x72, 0x2c,
    0x20, 0x57, 0x72, 0x69, 0x74, 0x65, 0x72, 0x20, 0x6d, 0x75, 0x73, 0x74, 0x20, 0x62, 0x65, 0x20,
    0x66, 0x61, 0x63, 0x74, 0x6f, 0x72, 0x79, 0x20, 0x66, 0x75, 0x6e, 0x63, 0x74, 0x69, 0x6f, 0x6e,
    0x73, 0x20, 0x6f, 0x72, 0x20, 0x63, 0x6c, 0x61, 0x73, 0x73, 0x65, 0x73, 0x0a, 0x70, 0x72, 0x6f,
    0x76, 0x69, 0x64, 0x69, 0x6e, 0x67, 0x20, 0x74, 0x68, 0x65, 0x20, 0x53, 0x74, 0x72, 0x65, 0x61,
    0x6d, 0x52, 0x65, 0x61, 0x64, 0x65, 0x72, 0x2c, 0x20, 0x53, 0x74, 0x72, 0x65, 0x61, 0x6d, 0x57,
    0x72, 0x69, 0x74, 0x65, 0x72, 0x20, 0x69, 0x6e, 0x74, 0x65, 0x72, 0x66, 0x61, 0x63, 0x65, 0x20,
    0x72, 0x65, 0x73, 0x70, 0x2e, 0x0a, 0x0a, 0x45, 0x72, 0x72, 0x6f, 0x72, 0x20, 0x68, 0x61, 0x6e,
    0x64, 0x6c, 0x69, 0x6e, 0x67, 0x20, 0x69, 0x73, 0x20, 0x64, 0x6f, 0x6e, 0x65, 0x20, 0x69, 0x6e,
    0x20, 0x74, 0x68, 0x65, 0x20, 0x73, 0x61, 0x6d, 0x65, 0x20, 0x77, 0x61, 0x79, 0x20, 0x61, 0x73,
    0x20, 0x64, 0x65, 0x66, 0x69, 0x6e, 0x65, 0x64, 0x20, 0x66, 0x6f, 0x72, 0x20, 0x74, 0x68, 0x65,
    0x0a, 0x53, 0x74, 0x72, 0x65, 0x61, 0x6d, 0x57, 0x72, 0x69, 0x74, 0x65, 0x72, 0x2f, 0x52, 0x65,
    0x61, 0x64, 0x65, 0x72, 0x73, 0x2e, 0x0a, 0x0a, 0x4e, 0x29, 0x04, 0x72, 0xb1, 0x00, 0x00, 0x00,
    0xda, 0x06, 0x72, 0x65, 0x61, 0x64, 0x65, 0x72, 0xda, 0x06, 0x77, 0x72, 0x69, 0x74, 0x65, 0x72,
    0x72, 0x59, 0x00, 0x00, 0x00, 0x29, 0x05, 0x72, 0x3e, 0x00, 0x00, 0x00, 0x72, 0xb1, 0x00, 0x00,
    0x00, 0xda, 0x06, 0x52, 0x65, 0x61, 0x64, 0x65, 0x72, 0xda, 0x06, 0x57, 0x72, 0x69, 0x74, 0x65,
    0x72, 0x72, 0x59, 0x00, 0x00, 0x00, 0x73, 0x05, 0x00, 0x00, 0x00, 0x20, 0x20, 0x20, 0x20, 0x20,
    0x72, 0x3f, 0x00, 0x00, 0x00, 0x72, 0x65, 0x00, 0x00, 0x00, 0xda, 0x1b, 0x53, 0x74, 0x72, 0x65,
    0x61, 0x6d, 0x52, 0x65, 0x61, 0x64, 0x65, 0x72, 0x57, 0x72, 0x69, 0x74, 0x65, 0x72, 0x2e, 0x5f,
    0x5f, 0x69, 0x6e, 0x69, 0x74, 0x5f, 0x5f, 0xb2, 0x02, 0x00, 0x00, 0x73, 0x26, 0x00, 0x00, 0x00,
    0x80, 0x00, 0xf0, 0x1a, 0x00, 0x17, 0x1d, 0x8c, 0x0b, 0xd9, 0x16, 0x1c, 0x98, 0x56, 0xd3, 0x16,
    0x2c, 0x88, 0x04, 0x8c, 0x0b, 0xd9, 0x16, 0x1c, 0x98, 0x56, 0xd3, 0x16, 0x2c, 0x88, 0x04, 0x8c,
    0x0b, 0xd8, 0x16, 0x1c, 0x8d, 0x0b, 0x72, 0x41, 0x00, 0x00, 0x00, 0x63, 0x02, 0x00, 0x00, 0x00,
    0x00, 0x00, 0x00, 0x00, 0x00, 0x00, 0x00, 0x00, 0x03, 0x00, 0x00, 0x00, 0x03, 0x00, 0x00, 0x00,
    0xf3, 0x38, 0x00, 0x00, 0x00, 0x95, 0x00, 0x55, 0x00, 0x52, 0x00, 0x00, 0x00, 0x00, 0x00, 0x00,
    0x00, 0x00, 0x00, 0x00, 0x00, 0x00, 0x00, 0x00, 0x00, 0x00, 0x00, 0x00, 0x00, 0x52, 0x03, 0x00,
    0x00, 0x00, 0x00, 0x00, 0x00, 0x00, 0x00, 0x00, 0x00, 0x00, 0x00, 0x00, 0x00, 0x00, 0x00, 0x00,
    0x00, 0x55, 0x01, 0x35, 0x01, 0x00, 0x00, 0x00, 0x00, 0x00, 0x00, 0x24, 0x00, 0x72, 0x35, 0x00,
    0x00, 0x00, 0x29, 0x02, 0x72, 0x2f, 0x01, 0x00, 0x00, 0x72, 0xf6, 0x00, 0x00, 0x00, 0x29, 0x02,
    0x72, 0x3e, 0x00, 0x00, 0x00, 0x72, 0xfa, 0x00, 0x00, 0x00, 0x73, 0x02, 0x00, 0x00, 0x00, 0x20,
    0x20, 0x72, 0x3f, 0x00, 0x00, 0x00, 0x72, 0xf6, 0x00, 0x00, 0x00, 0xda, 0x17, 0x53, 0x74, 0x72,
    0x65, 0x61, 0x6d, 0x52, 0x65, 0x61, 0x64, 0x65, 0x72, 0x57, 0x72, 0x69, 0x74, 0x65, 0x72, 0x2e,
    0x72, 0x65, 0x61, 0x64, 0xc4, 0x02, 0x00, 0x00, 0x73, 0x17, 0x00, 0x00, 0x00, 0x80, 0x00, 0xe0,
    0x0f, 0x13, 0x8f, 0x7b, 0x89, 0x7b, 0xd7, 0x0f, 0x1f, 0xd1, 0x0f, 0x1f, 0xa0, 0x04, 0xd3, 0x0f,
    0x25, 0xd0, 0x08, 0x25, 0x72, 0x41, 0x00, 0x00, 0x00, 0x4e, 0x63, 0x03, 0x00, 0x00, 0x00, 0x00,
    0x00, 0x00, 0x00, 0x00, 0x00, 0x00, 0x00, 0x04, 0x00, 0x00, 0x00, 0x03, 0x00, 0x00, 0x00, 0xf3,
    0x38, 0x00, 0x00, 0x00, 0x95, 0x00, 0x55, 0x00, 0x52, 0x00, 0x00, 0x00, 0x00, 0x00, 0x00, 0x00,
    0x00, 0x00, 0x00, 0x00, 0x00, 0x00, 0x00, 0x00, 0x00, 0x00, 0x00, 0x00, 0x52, 0x03, 0x00, 0x00,
    0x00, 0x00, 0x00, 0x00, 0x00, 0x00, 0x00, 0x00, 0x00, 0x00, 0x00, 0x00, 0x00, 0x00, 0x00, 0x00,
    0x58, 0x12, 0x35, 0x02, 0x00, 0x00, 0x00, 0x00, 0x00, 0x00, 0x24, 0x00, 0x72, 0x35, 0x00, 0x00,
    0x00, 0x29, 0x02, 0x72, 0x2f, 0x01, 0x00, 0x00, 0x72, 0x11, 0x01, 0x00, 0x00, 0x29, 0x03, 0x72,
    0x3e, 0x00, 0x00, 0x00, 0x72, 0xfa, 0x00, 0x00, 0x00, 0x72, 0xf3, 0x00, 0x00, 0x00, 0x73, 0x03,
    0x00, 0x00, 0x00, 0x20, 0x20, 0x20, 0x72, 0x3f, 0x00, 0x00, 0x00, 0x72, 0x11, 0x01, 0x00, 0x00,
    0xda, 0x1b, 0x53, 0x74, 0x72, 0x65, 0x61, 0x6d, 0x52, 0x65, 0x61, 0x64, 0x65, 0x72, 0x57, 0x72,
    0x69, 0x74, 0x65, 0x72, 0x2e, 0x72, 0x65, 0x61, 0x64, 0x6c, 0x69, 0x6e, 0x65, 0xc8, 0x02, 0x00,
    0x00, 0x73, 0x17, 0x00, 0x00, 0x00, 0x80, 0x00, 0xe0, 0x0f, 0x13, 0x8f, 0x7b, 0x89, 0x7b, 0xd7,
    0x0f, 0x23, 0xd1, 0x0f, 0x23, 0xa0, 0x44, 0xd3, 0x0f, 0x33, 0xd0, 0x08, 0x33, 0x72, 0x41, 0x00,
    0x00, 0x00, 0x63, 0x03, 0x00, 0x00, 0x00, 0x00, 0x00, 0x00, 0x00, 0x00, 0x00, 0x00, 0x00, 0x04,
    0x00, 0x00, 0x00, 0x03, 0x00, 0x00, 0x00, 0xf3, 0x38, 0x00, 0x00, 0x00, 0x95, 0x00, 0x55, 0x00,
    0x52, 0x00, 0x00, 0x00, 0x00, 0x00, 0x00, 0x00, 0x00, 0x00, 0x00, 0x00, 0x00, 0x00, 0x00, 0x00,
    0x00, 0x00, 0x00, 0x00, 0x52, 0x03, 0x00, 0x00, 0x00, 0x00, 0x00, 0x00, 0x00, 0x00, 0x00, 0x00,
    0x00, 0x00, 0x00, 0x00, 0x00, 0x00, 0x00, 0x00, 0x58, 0x12, 0x35, 0x02, 0x00, 0x00, 0x00, 0x00,
    0x00, 0x00, 0x24, 0x00, 0x72, 0x35, 0x00, 0x00, 0x00, 0x29, 0x02, 0x72, 0x2f, 0x01, 0x00, 0x00,
    0x72, 0x15, 0x01, 0x00, 0x00, 0x29, 0x03, 0x72, 0x3e, 0x00, 0x00, 0x00, 0x72, 0x14, 0x01, 0x00,
    0x00, 0x72, 0xf3, 0x00, 0x00, 0x00, 0x73, 0x03, 0x00, 0x00, 0x00, 0x20, 0x20, 0x20, 0x72, 0x3f,
    0x00, 0x00, 0x00, 0x72, 0x15, 0x01, 0x00, 0x00, 0xda, 0x1c, 0x53, 0x74, 0x72, 0x65, 0x61, 0x6d,
    0x52, 0x65, 0x61, 0x64, 0x65, 0x72, 0x57, 0x72, 0x69, 0x74, 0x65, 0x72, 0x2e, 0x72, 0x65, 0x61,
    0x64, 0x6c, 0x69, 0x6e, 0x65, 0x73, 0xcc, 0x02, 0x00, 0x00, 0x73, 0x17, 0x00, 0x00, 0x00, 0x80,
    0x00, 0xe0, 0x0f, 0x13, 0x8f, 0x7b, 0x89, 0x7b, 0xd7, 0x0f, 0x24, 0xd1, 0x0f, 0x24, 0xa0, 0x58,
    0xd3, 0x0f, 0x38, 0xd0, 0x08, 0x38, 0x72, 0x41, 0x00, 0x00, 0x00, 0x63, 0x01, 0x00, 0x00, 0x00,
    0x00, 0x00, 0x00, 0x00, 0x00, 0x00, 0x00, 0x00, 0x03, 0x00, 0x00, 0x00, 0x03, 0x00, 0x00, 0x00,
    0xf3, 0x2c, 0x00, 0x00, 0x00, 0x95, 0x00, 0x5b, 0x01, 0x00, 0x00, 0x00, 0x00, 0x00, 0x00, 0x00,
    0x00, 0x55, 0x00, 0x52, 0x02, 0x00, 0x00, 0x00, 0x00, 0x00, 0x00, 0x00, 0x00, 0x00, 0x00, 0x00,
    0x00, 0x00, 0x00, 0x00, 0x00, 0x00, 0x00, 0x35, 0x01, 0x00, 0x00, 0x00, 0x00, 0x00, 0x00, 0x24,
    0x00, 0x72, 0x1c, 0x01, 0x00, 0x00, 0x29, 0x02, 0xda, 0x04, 0x6e, 0x65, 0x78, 0x74, 0x72, 0x2f,
    0x01, 0x00, 0x00, 0x72, 0x47, 0x00, 0x00, 0x00, 0x73, 0x01, 0x00, 0x00, 0x00, 0x20, 0x72, 0x3f,
    0x00, 0x00, 0x00, 0x72, 0x1e, 0x01, 0x00, 0x00, 0xda, 0x1b, 0x53, 0x74, 0x72, 0x65, 0x61, 0x6d,
    0x52, 0x65, 0x61, 0x64, 0x65, 0x72, 0x57, 0x72, 0x69, 0x74, 0x65, 0x72, 0x2e, 0x5f, 0x5f, 0x6e,
    0x65, 0x78, 0x74, 0x5f, 0x5f, 0xd0, 0x02, 0x00, 0x00, 0x73, 0x13, 0x00, 0x00, 0x00, 0x80, 0x00,
    0xf4, 0x06, 0x00, 0x10, 0x14, 0x90, 0x44, 0x97, 0x4b, 0x91, 0x4b, 0xd3, 0x0f, 0x20, 0xd0, 0x08,
    0x20, 0x72, 0x41, 0x00, 0x00, 0x00, 0x63, 0x01, 0x00, 0x00, 0x00, 0x00, 0x00, 0x00, 0x00, 0x00,
    0x00, 0x00, 0x00, 0x01, 0x00, 0x00, 0x00, 0x03, 0x00, 0x00, 0x00, 0xf3, 0x06, 0x00, 0x00, 0x00,
    0x95, 0x00, 0x55, 0x00, 0x24, 0x00, 0x72, 0x35, 0x00, 0x00, 0x00, 0x72, 0x51, 0x00, 0x00, 0x00,
    0x72, 0x47, 0x00, 0x00, 0x00, 0x73, 0x01, 0x00, 0x00, 0x00, 0x20, 0x72, 0x3f, 0x00, 0x00, 0x00,
    0x72, 0x21, 0x01, 0x00, 0x00, 0xda, 0x1b, 0x53, 0x74, 0x72, 0x65, 0x61, 0x6d, 0x52, 0x65, 0x61,
    0x64, 0x65, 0x72, 0x57, 0x72, 0x69, 0x74, 0x65, 0x72, 0x2e, 0x5f, 0x5f, 0x69, 0x74, 0x65, 0x72,
    0x5f, 0x5f, 0xd5, 0x02, 0x00, 0x00, 0x72, 0xd2, 0x00, 0x00, 0x00, 0x72, 0x41, 0x00, 0x00, 0x00,
    0x63, 0x02, 0x00, 0x00, 0x00, 0x00, 0x00, 0x00, 0x00, 0x00, 0x00, 0x00, 0x00, 0x03, 0x00, 0x00,
    0x00, 0x03, 0x00, 0x00, 0x00, 0xf3, 0x38, 0x00, 0x00, 0x00, 0x95, 0x00, 0x55, 0x00, 0x52, 0x00,
    0x00, 0x00, 0x00, 0x00, 0x00, 0x00, 0x00, 0x00, 0x00, 0x00, 0x00, 0x00, 0x00, 0x00, 0x00, 0x00,
    0x00, 0x00, 0x52, 0x03, 0x00, 0x00, 0x00, 0x00, 0x00, 0x00, 0x00, 0x00, 0x00, 0x00, 0x00, 0x00,
    0x00, 0x00, 0x00, 0x00, 0x00, 0x00, 0x55, 0x01, 0x35, 0x01, 0x00, 0x00, 0x00, 0x00, 0x00, 0x00,
    0x24, 0x00, 0x72, 0x35, 0x00, 0x00, 0x00, 0x29, 0x02, 0x72, 0x30, 0x01, 0x00, 0x00, 0x72, 0xb5,
    0x00, 0x00, 0x00, 0x29, 0x02, 0x72, 0x3e, 0x00, 0x00, 0x00, 0x72, 0x86, 0x00, 0x00, 0x00, 0x73,
    0x02, 0x00, 0x00, 0x00, 0x20, 0x20, 0x72, 0x3f, 0x00, 0x00, 0x00, 0x72, 0xb5, 0x00, 0x00, 0x00,
    0xda, 0x18, 0x53, 0x74, 0x72, 0x65, 0x61, 0x6d, 0x52, 0x65, 0x61, 0x64, 0x65, 0x72, 0x57, 0x72,
    0x69, 0x74, 0x65, 0x72, 0x2e, 0x77, 0x72, 0x69, 0x74, 0x65, 0xd8, 0x02, 0x00, 0x00, 0x73, 0x17,
    0x00, 0x00, 0x00, 0x80, 0x00, 0xe0, 0x0f, 0x13, 0x8f, 0x7b, 0x89, 0x7b, 0xd7, 0x0f, 0x20, 0xd1,
    0x0f, 0x20, 0xa0, 0x14, 0xd3, 0x0f, 0x26, 0xd0, 0x08, 0x26, 0x72, 0x41, 0x00, 0x00, 0x00, 0x63,
    0x02, 0x00, 0x00, 0x00, 0x00, 0x00, 0x00, 0x00, 0x00, 0x00, 0x00, 0x00, 0x03, 0x00, 0x00, 0x00,
    0x03, 0x00, 0x00, 0x00, 0xf3, 0x38, 0x00, 0x00, 0x00, 0x95, 0x00, 0x55, 0x00, 0x52, 0x00, 0x00,
    0x00, 0x00, 0x00, 0x00, 0x00, 0x00, 0x00, 0x00, 0x00, 0x00, 0x00, 0x00, 0x00, 0x00, 0x00, 0x00,
    0x00, 0x52, 0x03, 0x00, 0x00, 0x00, 0x00, 0x00, 0x00, 0x00, 0x00, 0x00, 0x00, 0x00, 0x00, 0x00,
    0x00, 0x00, 0x00, 0x00, 0x00, 0x55, 0x01, 0x35, 0x01, 0x00, 0x00, 0x00, 0x00, 0x00, 0x00, 0x24,
    0x00, 0x72, 0x35, 0x00, 0x00, 0x00, 0x29, 0x02, 0x72, 0x30, 0x01, 0x00, 0x00, 0x72, 0xbc, 0x00,
    0x00, 0x00, 0x72, 0xba, 0x00, 0x00, 0x00, 0x73, 0x02, 0x00, 0x00, 0x00, 0x20, 0x20, 0x72, 0x3f,
    0x00, 0x00, 0x00, 0x72, 0xbc, 0x00, 0x00, 0x00, 0xda, 0x1d, 0x53, 0x74, 0x72, 0x65, 0x61, 0x6d,
    0x52, 0x65, 0x61, 0x64, 0x65, 0x72, 0x57, 0x72, 0x69, 0x74, 0x65, 0x72, 0x2e, 0x77, 0x72, 0x69,
    0x74, 0x65, 0x6c, 0x69, 0x6e, 0x65, 0x73, 0xdc, 0x02, 0x00, 0x00, 0x73, 0x17, 0x00, 0x00, 0x00,
    0x80, 0x00, 0xe0, 0x0f, 0x13, 0x8f, 0x7b, 0x89, 0x7b, 0xd7, 0x0f, 0x25, 0xd1, 0x0f, 0x25, 0xa0,
    0x64, 0xd3, 0x0f, 0x2b, 0xd0, 0x08, 0x2b, 0x72, 0x41, 0x00, 0x00, 0x00, 0x63, 0x01, 0x00, 0x00,
    0x00, 0x00, 0x00, 0x00, 0x00, 0x00, 0x00, 0x00, 0x00, 0x02, 0x00, 0x00, 0x00, 0x03, 0x00, 0x00,
    0x00, 0xf3, 0x6c, 0x00, 0x00, 0x00, 0x95, 0x00, 0x55, 0x00, 0x52, 0x00, 0x00, 0x00, 0x00, 0x00,
    0x00, 0x00, 0x00, 0x00, 0x00, 0x00, 0x00, 0x00, 0x00, 0x00, 0x00, 0x00, 0x00, 0x00, 0x52, 0x03,
    0x00, 0x00, 0x00, 0x00, 0x00, 0x00, 0x00, 0x00, 0x00, 0x00, 0x00, 0x00, 0x00, 0x00, 0x00, 0x00,
    0x00, 0x00, 0x35, 0x00, 0x00, 0x00, 0x00, 0x00, 0x00, 0x00, 0x20, 0x00, 0x55, 0x00, 0x52, 0x04,
    0x00, 0x00, 0x00, 0x00, 0x00, 0x00, 0x00, 0x00, 0x00, 0x00, 0x00, 0x00, 0x00, 0x00, 0x00, 0x00,
    0x00, 0x00, 0x52, 0x03, 0x00, 0x00, 0x00, 0x00, 0x00, 0x00, 0x00, 0x00, 0x00, 0x00, 0x00, 0x00,
    0x00, 0x00, 0x00, 0x00, 0x00, 0x00, 0x35, 0x00, 0x00, 0x00, 0x00, 0x00, 0x00, 0x00, 0x20, 0x00,
    0x67, 0x00, 0x72, 0x35, 0x00, 0x00, 0x00, 0xa9, 0x03, 0x72, 0x2f, 0x01, 0x00, 0x00, 0x72, 0x6d,
    0x00, 0x00, 0x00, 0x72, 0x30, 0x01, 0x00, 0x00, 0x72, 0x47, 0x00, 0x00, 0x00, 0x73, 0x01, 0x00,
    0x00, 0x00, 0x20, 0x72, 0x3f, 0x00, 0x00, 0x00, 0x72, 0x6d, 0x00, 0x00, 0x00, 0xda, 0x18, 0x53,
    0x74, 0x72, 0x65, 0x61, 0x6d, 0x52, 0x65, 0x61, 0x64, 0x65, 0x72, 0x57, 0x72, 0x69, 0x74, 0x65,
    0x72, 0x2e, 0x72, 0x65, 0x73, 0x65, 0x74, 0xe0, 0x02, 0x00, 0x00, 0xf3, 0x22, 0x00, 0x00, 0x00,
    0x80, 0x00, 0xe0, 0x08, 0x0c, 0x8f, 0x0b, 0x89, 0x0b, 0xd7, 0x08, 0x19, 0xd1, 0x08, 0x19, 0xd4,
    0x08, 0x1b, 0xd8, 0x08, 0x0c, 0x8f, 0x0b, 0x89, 0x0b, 0xd7, 0x08, 0x19, 0xd1, 0x08, 0x19, 0xd5,
    0x08, 0x1b, 0x72, 0x41, 0x00, 0x00, 0x00, 0x63, 0x03, 0x00, 0x00, 0x00, 0x00, 0x00, 0x00, 0x00,
    0x00, 0x00, 0x00, 0x00, 0x04, 0x00, 0x00, 0x00, 0x03, 0x00, 0x00, 0x00, 0xf3, 0xbe, 0x00, 0x00,
    0x00, 0x95, 0x00, 0x55, 0x00, 0x52, 0x00, 0x00, 0x00, 0x00, 0x00, 0x00, 0x00, 0x00, 0x00, 0x00,
    0x00, 0x00, 0x00, 0x00, 0x00, 0x00, 0x00, 0x00, 0x00, 0x52, 0x03, 0x00, 0x00, 0x00, 0x00, 0x00,
    0x00, 0x00, 0x00, 0x00, 0x00, 0x00, 0x00, 0x00, 0x00, 0x00, 0x00, 0x00, 0x00, 0x58, 0x12, 0x35,
    0x02, 0x00, 0x00, 0x00, 0x00, 0x00, 0x00, 0x20, 0x00, 0x55, 0x00, 0x52, 0x04, 0x00, 0x00, 0x00,
    0x00, 0x00, 0x00, 0x00, 0x00, 0x00, 0x00, 0x00, 0x00, 0x00, 0x00, 0x00, 0x00, 0x00, 0x00, 0x52,
    0x07, 0x00, 0x00, 0x00, 0x00, 0x00, 0x00, 0x00, 0x00, 0x00, 0x00, 0x00, 0x00, 0x00, 0x00, 0x00,
    0x00, 0x00, 0x00, 0x35, 0x00, 0x00, 0x00, 0x00, 0x00, 0x00, 0x00, 0x20, 0x00, 0x55, 0x02, 0x53,
    0x01, 0x3a, 0x58, 0x00, 0x00, 0x61, 0x22, 0x00, 0x00, 0x55, 0x01, 0x53, 0x01, 0x3a, 0x58, 0x00,
    0x00, 0x61, 0x1b, 0x00, 0x00, 0x55, 0x00, 0x52, 0x08, 0x00, 0x00, 0x00, 0x00, 0x00, 0x00, 0x00,
    0x00, 0x00, 0x00, 0x00, 0x00, 0x00, 0x00, 0x00, 0x00, 0x00, 0x00, 0x52, 0x07, 0x00, 0x00, 0x00,
    0x00, 0x00, 0x00, 0x00, 0x00, 0x00, 0x00, 0x00, 0x00, 0x00, 0x00, 0x00, 0x00, 0x00, 0x00, 0x35,
    0x00, 0x00, 0x00, 0x00, 0x00, 0x00, 0x00, 0x20, 0x00, 0x67, 0x00, 0x67, 0x00, 0x67, 0x00, 0x72,
    0x8e, 0x00, 0x00, 0x00, 0x29, 0x05, 0x72, 0xb1, 0x00, 0x00, 0x00, 0x72, 0xc2, 0x00, 0x00, 0x00,
    0x72, 0x2f, 0x01, 0x00, 0x00, 0x72, 0x6d, 0x00, 0x00, 0x00, 0x72, 0x30, 0x01, 0x00, 0x00, 0x72,
    0xc3, 0x00, 0x00, 0x00, 0x73, 0x03, 0x00, 0x00, 0x00, 0x20, 0x20, 0x20, 0x72, 0x3f, 0x00, 0x00,
    0x00, 0x72, 0xc2, 0x00, 0x00, 0x00, 0xda, 0x17, 0x53, 0x74, 0x72, 0x65, 0x61, 0x6d, 0x52, 0x65,
    0x61, 0x64, 0x65, 0x72, 0x57, 0x72, 0x69, 0x74, 0x65, 0x72, 0x2e, 0x73, 0x65, 0x65, 0x6b, 0xe5,
    0x02, 0x00, 0x00, 0x73, 0x48, 0x00, 0x00, 0x00, 0x80, 0x00, 0xd8, 0x08, 0x0c, 0x8f, 0x0b, 0x89,
    0x0b, 0xd7, 0x08, 0x18, 0xd1, 0x08, 0x18, 0x98, 0x16, 0xd4, 0x08, 0x28, 0xd8, 0x08, 0x0c, 0x8f,
    0x0b, 0x89, 0x0b, 0xd7, 0x08, 0x19, 0xd1, 0x08, 0x19, 0xd4, 0x08, 0x1b, 0xd8, 0x0b, 0x11, 0x90,
    0x51, 0x8b, 0x3b, 0x98, 0x36, 0xa0, 0x51, 0x9b, 0x3b, 0xd8, 0x0c, 0x10, 0x8f, 0x4b, 0x89, 0x4b,
    0xd7, 0x0c, 0x1d, 0xd1, 0x0c, 0x1d, 0xd5, 0x0c, 0x1f, 0xf0, 0x03, 0x00, 0x1c, 0x27, 0x88, 0x3b,
    0x72, 0x41, 0x00, 0x00, 0x00, 0x63, 0x03, 0x00, 0x00, 0x00, 0x00, 0x00, 0x00, 0x00, 0x00, 0x00,
    0x00, 0x00, 0x04, 0x00, 0x00, 0x00, 0x03, 0x00, 0x00, 0x00, 0xf3, 0x28, 0x00, 0x00, 0x00, 0x95,
    0x00, 0x55, 0x02, 0x22, 0x00, 0x55, 0x00, 0x52, 0x00, 0x00, 0x00, 0x00, 0x00, 0x00, 0x00, 0x00,
    0x00, 0x00, 0x00, 0x00, 0x00, 0x00, 0x00, 0x00, 0x00, 0x00, 0x00, 0x55, 0x01, 0x35, 0x02, 0x00,
    0x00, 0x00, 0x00, 0x00, 0x00, 0x24, 0x00, 0x72, 0xc8, 0x00, 0x00, 0x00, 0x72, 0xc9, 0x00, 0x00,
    0x00, 0x72, 0xca, 0x00, 0x00, 0x00, 0x73, 0x03, 0x00, 0x00, 0x00, 0x20, 0x20, 0x20, 0x72, 0x3f,
    0x00, 0x00, 0x00, 0x72, 0xcc, 0x00, 0x00, 0x00, 0xda, 0x1e, 0x53, 0x74, 0x72, 0x65, 0x61, 0x6d,
    0x52, 0x65, 0x61, 0x64, 0x65, 0x72, 0x57, 0x72, 0x69, 0x74, 0x65, 0x72, 0x2e, 0x5f, 0x5f, 0x67,
    0x65, 0x74, 0x61, 0x74, 0x74, 0x72, 0x5f, 0x5f, 0xeb, 0x02, 0x00, 0x00, 0x72, 0xce, 0x00, 0x00,
    0x00, 0x72, 0x41, 0x00, 0x00, 0x00, 0x63, 0x01, 0x00, 0x00, 0x00, 0x00, 0x00, 0x00, 0x00, 0x00,
    0x00, 0x00, 0x00, 0x01, 0x00, 0x00, 0x00, 0x03, 0x00, 0x00, 0x00, 0xf3, 0x06, 0x00, 0x00, 0x00,
    0x95, 0x00, 0x55, 0x00, 0x24, 0x00, 0x72, 0x35, 0x00, 0x00, 0x00, 0x72, 0x51, 0x00, 0x00, 0x00,
    0x72, 0x47, 0x00, 0x00, 0x00, 0x73, 0x01, 0x00, 0x00, 0x00, 0x20, 0x72, 0x3f, 0x00, 0x00, 0x00,
    0x72, 0xd0, 0x00, 0x00, 0x00, 0xda, 0x1c, 0x53, 0x74, 0x72, 0x65, 0x61, 0x6d, 0x52, 0x65, 0x61,
    0x64, 0x65, 0x72, 0x57, 0x72, 0x69, 0x74, 0x65, 0x72, 0x2e, 0x5f, 0x5f, 0x65, 0x6e, 0x74, 0x65,
    0x72, 0x5f, 0x5f, 0xf4, 0x02, 0x00, 0x00, 0x72, 0xd2, 0x00, 0x00, 0x00, 0x72, 0x41, 0x00, 0x00,
    0x00, 0x63, 0x04, 0x00, 0x00, 0x00, 0x00, 0x00, 0x00, 0x00, 0x00, 0x00, 0x00, 0x00, 0x02, 0x00,
    0x00, 0x00, 0x03, 0x00, 0x00, 0x00, 0xf3, 0x38, 0x00, 0x00, 0x00, 0x95, 0x00, 0x55, 0x00, 0x52,
    0x00, 0x00, 0x00, 0x00, 0x00, 0x00, 0x00, 0x00, 0x00, 0x00, 0x00, 0x00, 0x00, 0x00, 0x00, 0x00,
    0x00, 0x00, 0x00, 0x52, 0x03, 0x00, 0x00, 0x00, 0x00, 0x00, 0x00, 0x00, 0x00, 0x00, 0x00, 0x00,
    0x00, 0x00, 0x00, 0x00, 0x00, 0x00, 0x00, 0x35, 0x00, 0x00, 0x00, 0x00, 0x00, 0x00, 0x00, 0x20,
    0x00, 0x67, 0x00, 0x72, 0x35, 0x00, 0x00, 0x00, 0x72, 0xd4, 0x00, 0x00, 0x00, 0x72, 0xd6, 0x00,
    0x00, 0x00, 0x73, 0x04, 0x00, 0x00, 0x00, 0x20, 0x20, 0x20, 0x20, 0x72, 0x3f, 0x00, 0x00, 0x00,
    0x72, 0xda, 0x00, 0x00, 0x00, 0xda, 0x1b, 0x53, 0x74, 0x72, 0x65, 0x61, 0x6d, 0x52, 0x65, 0x61,
    0x64, 0x65, 0x72, 0x57, 0x72, 0x69, 0x74, 0x65, 0x72, 0x2e, 0x5f, 0x5f, 0x65, 0x78, 0x69, 0x74,
    0x5f, 0x5f, 0xf7, 0x02, 0x00, 0x00, 0x72, 0xdc, 0x00, 0x00, 0x00, 0x72, 0x41, 0x00, 0x00, 0x00,
    0x63, 0x02, 0x00, 0x00, 0x00, 0x00, 0x00, 0x00, 0x00, 0x00, 0x00, 0x00, 0x00, 0x04, 0x00, 0x00,
    0x00, 0x03, 0x00, 0x00, 0x00, 0xf3, 0x46, 0x00, 0x00, 0x00, 0x95, 0x00, 0x5b, 0x01, 0x00, 0x00,
    0x00, 0x00, 0x00, 0x00, 0x00, 0x00, 0x53, 0x01, 0x55, 0x00, 0x52, 0x02, 0x00, 0x00, 0x00, 0x00,
    0x00, 0x00, 0x00, 0x00, 0x00, 0x00, 0x00, 0x00, 0x00, 0x00, 0x00, 0x00, 0x00, 0x00, 0x52, 0x04,
    0x00, 0x00, 0x00, 0x00, 0x00, 0x00, 0x00, 0x00, 0x00, 0x00, 0x00, 0x00, 0x00, 0x00, 0x00, 0x00,
    0x00, 0x00, 0x2d, 0x06, 0x00, 0x00, 0x35, 0x01, 0x00, 0x00, 0x00, 0x00, 0x00, 0x00, 0x65, 0x01,
    0x72, 0xde, 0x00, 0x00, 0x00, 0x72, 0xdf, 0x00, 0x00, 0x00, 0x72, 0xe1, 0x00, 0x00, 0x00, 0x73,
    0x02, 0x00, 0x00, 0x00, 0x20, 0x20, 0x72, 0x3f, 0x00, 0x00, 0x00, 0x72, 0xe3, 0x00, 0x00, 0x00,
    0xda, 0x20, 0x53, 0x74, 0x72, 0x65, 0x61, 0x6d, 0x52, 0x65, 0x61, 0x64, 0x65, 0x72, 0x57, 0x72,
    0x69, 0x74, 0x65, 0x72, 0x2e, 0x5f, 0x5f, 0x72, 0x65, 0x64, 0x75, 0x63, 0x65, 0x5f, 0x65, 0x78,
    0x5f, 0x5f, 0xfa, 0x02, 0x00, 0x00, 0x72, 0xe5, 0x00, 0x00, 0x00, 0x72, 0x41, 0x00, 0x00, 0x00,
    0x29, 0x04, 0x72, 0x59, 0x00, 0x00, 0x00, 0x72, 0x2f, 0x01, 0x00, 0x00, 0x72, 0xb1, 0x00, 0x00,
    0x00, 0x72, 0x30, 0x01, 0x00, 0x00, 0x72, 0x5d, 0x00, 0x00, 0x00, 0xa9, 0x01, 0x72, 0x07, 0x01,
    0x00, 0x00, 0x72, 0x2b, 0x01, 0x00, 0x00, 0x72, 0xe6, 0x00, 0x00, 0x00, 0x29, 0x16, 0x72, 0x4d,
    0x00, 0x00, 0x00, 0x72, 0x44, 0x00, 0x00, 0x00, 0x72, 0x45, 0x00, 0x00, 0x00, 0x72, 0x4e, 0x00,
    0x00, 0x00, 0x72, 0x4f, 0x00, 0x00, 0x00, 0xda, 0x08, 0x65, 0x6e, 0x63, 0x6f, 0x64, 0x69, 0x6e,
    0x67, 0x72, 0x65, 0x00, 0x00, 0x00, 0x72, 0xf6, 0x00, 0x00, 0x00, 0x72, 0x11, 0x01, 0x00, 0x00,
    0x72, 0x15, 0x01, 0x00, 0x00, 0x72, 0x1e, 0x01, 0x00, 0x00, 0x72, 0x21, 0x01, 0x00, 0x00, 0x72,
    0xb5, 0x00, 0x00, 0x00, 0x72, 0xbc, 0x00, 0x00, 0x00, 0x72, 0x6d, 0x00, 0x00, 0x00, 0x72, 0xc2,
    0x00, 0x00, 0x00, 0x72, 0xcb, 0x00, 0x00, 0x00, 0x72, 0xcc, 0x00, 0x00, 0x00, 0x72, 0xd0, 0x00,
    0x00, 0x00, 0x72, 0xda, 0x00, 0x00, 0x00, 0x72, 0xe3, 0x00, 0x00, 0x00, 0x72, 0x50, 0x00, 0x00,
    0x00, 0x72, 0x51, 0x00, 0x00, 0x00, 0x72, 0x41, 0x00, 0x00, 0x00, 0x72, 0x3f, 0x00, 0x00, 0x00,
    0x72, 0x1c, 0x00, 0x00, 0x00, 0x72, 0x1c, 0x00, 0x00, 0x00, 0xa5, 0x02, 0x00, 0x00, 0x73, 0x5a,
    0x00, 0x00, 0x00, 0x86, 0x00, 0xf1, 0x04, 0x07, 0x05, 0x08, 0xf0, 0x12, 0x00, 0x10, 0x19, 0x80,
    0x48, 0xf4, 0x04, 0x10, 0x05, 0x1d, 0xf4, 0x24, 0x02, 0x05, 0x26, 0xf4, 0x08, 0x02, 0x05, 0x34,
    0xf4, 0x08, 0x02, 0x05, 0x39, 0xf2, 0x08, 0x03, 0x05, 0x21, 0xf2, 0x0a, 0x01, 0x05, 0x14, 0xf2,
    0x06, 0x02, 0x05, 0x27, 0xf2, 0x08, 0x02, 0x05, 0x2c, 0xf2, 0x08, 0x03, 0x05, 0x1c, 0xf4, 0x0a,
    0x04, 0x05, 0x20, 0xf0, 0x0e, 0x00, 0x1d, 0x24, 0xf4, 0x03, 0x05, 0x05, 0x2a, 0xf2, 0x12, 0x01,
    0x05, 0x14, 0xf2, 0x06, 0x01, 0x05, 0x1c, 0xf5, 0x06, 0x01, 0x05, 0x48, 0x01, 0x72, 0x41, 0x00,
    0x00, 0x00, 0x72, 0x1c, 0x00, 0x00, 0x00, 0x63, 0x00, 0x00, 0x00, 0x00, 0x00, 0x00, 0x00, 0x00,
    0x00, 0x00, 0x00, 0x00, 0x02, 0x00, 0x00, 0x00, 0x00, 0x00, 0x00, 0x00, 0xf3, 0x90, 0x00, 0x00,
    0x00, 0x95, 0x00, 0x5c, 0x00, 0x72, 0x01, 0x53, 0x00, 0x72, 0x02, 0x53, 0x01, 0x72, 0x03, 0x53,
    0x02, 0x72, 0x04, 0x53, 0x03, 0x72, 0x05, 0x53, 0x03, 0x72, 0x06, 0x1e, 0x00, 0x53, 0x14, 0x53,
    0x04, 0x1a, 0x00, 0x6a, 0x01, 0x72, 0x07, 0x53, 0x15, 0x53, 0x05, 0x1a, 0x00, 0x6a, 0x01, 0x72,
    0x08, 0x53, 0x16, 0x53, 0x07, 0x1a, 0x00, 0x6a, 0x01, 0x72, 0x09, 0x53, 0x16, 0x53, 0x08, 0x1a,
    0x00, 0x6a, 0x01, 0x72, 0x0a, 0x53, 0x09, 0x1a, 0x00, 0x72, 0x0b, 0x53, 0x0a, 0x1a, 0x00, 0x72,
    0x0c, 0x53, 0x0b, 0x1a, 0x00, 0x72, 0x0d, 0x53, 0x0c, 0x1a, 0x00, 0x72, 0x0e, 0x53, 0x0d, 0x1a,
    0x00, 0x72, 0x0f, 0x53, 0x17, 0x53, 0x0e, 0x1a, 0x00, 0x6a, 0x01, 0x72, 0x10, 0x5c, 0x11, 0x34,
    0x01, 0x53, 0x0f, 0x1a, 0x00, 0x6a, 0x01, 0x72, 0x12, 0x53, 0x10, 0x1a, 0x00, 0x72, 0x13, 0x53,
    0x11, 0x1a, 0x00, 0x72, 0x14, 0x53, 0x12, 0x1a, 0x00, 0x72, 0x15, 0x53, 0x13, 0x72, 0x16, 0x67,
    0x06, 0x29, 0x18, 0x72, 0x1d, 0x00, 0x00, 0x00, 0x69, 0xff, 0x02, 0x00, 0x00, 0x61, 0xfd, 0x01,
    0x00, 0x00, 0x53, 0x74, 0x72, 0x65, 0x61, 0x6d, 0x52, 0x65, 0x63, 0x6f, 0x64, 0x65, 0x72, 0x20,
    0x69, 0x6e, 0x73, 0x74, 0x61, 0x6e, 0x63, 0x65, 0x73, 0x20, 0x74, 0x72, 0x61, 0x6e, 0x73, 0x6c,
    0x61, 0x74, 0x65, 0x20, 0x64, 0x61, 0x74, 0x61, 0x20, 0x66, 0x72, 0x6f, 0x6d, 0x20, 0x6f, 0x6e,
    0x65, 0x20, 0x65, 0x6e, 0x63, 0x6f, 0x64, 0x69, 0x6e, 0x67, 0x20, 0x74, 0x6f, 0x20, 0x61, 0x6e,
    0x6f, 0x74, 0x68, 0x65, 0x72, 0x2e, 0x0a, 0x0a, 0x54, 0x68, 0x65, 0x79, 0x20, 0x75, 0x73, 0x65,
    0x20, 0x74, 0x68, 0x65, 0x20, 0x63, 0x6f, 0x6d, 0x70, 0x6c, 0x65, 0x74, 0x65, 0x20, 0x73, 0x65,
    0x74, 0x20, 0x6f, 0x66, 0x20, 0x41, 0x50, 0x49, 0x73, 0x20, 0x72, 0x65, 0x74, 0x75, 0x72, 0x6e,
    0x65, 0x64, 0x20, 0x62, 0x79, 0x20, 0x74, 0x68, 0x65, 0x0a, 0x63, 0x6f, 0x64, 0x65, 0x63, 0x73,
    0x2e, 0x6c, 0x6f, 0x6f, 0x6b, 0x75, 0x70, 0x28, 0x29, 0x20, 0x66, 0x75, 0x6e, 0x63, 0x74, 0x69,
    0x6f, 0x6e, 0x20, 0x74, 0x6f, 0x20, 0x69, 0x6d, 0x70, 0x6c, 0x65, 0x6d, 0x65, 0x6e, 0x74, 0x20,
    0x74, 0x68, 0x65, 0x69, 0x72, 0x20, 0x74, 0x61, 0x73, 0x6b, 0x2e, 0x0a, 0x0a, 0x44, 0x61, 0x74,
    0x61, 0x20, 0x77, 0x72, 0x69, 0x74, 0x74, 0x65, 0x6e, 0x20, 0x74, 0x6f, 0x20, 0x74, 0x68, 0x65,
    0x20, 0x53, 0x74, 0x72, 0x65, 0x61, 0x6d, 0x52, 0x65, 0x63, 0x6f, 0x64, 0x65, 0x72, 0x20, 0x69,
    0x73, 0x20, 0x66, 0x69, 0x72, 0x73, 0x74, 0x20, 0x64, 0x65, 0x63, 0x6f, 0x64, 0x65, 0x64, 0x20,
    0x69, 0x6e, 0x74, 0x6f, 0x20, 0x61, 0x6e, 0x0a, 0x69, 0x6e, 0x74, 0x65, 0x72, 0x6d, 0x65, 0x64,
    0x69, 0x61, 0x74, 0x65, 0x20, 0x66, 0x6f, 0x72, 0x6d, 0x61, 0x74, 0x20, 0x28, 0x64, 0x65, 0x70,
    0x65, 0x6e, 0x64, 0x69, 0x6e, 0x67, 0x20, 0x6f, 0x6e, 0x20, 0x74, 0x68, 0x65, 0x20, 0x22, 0x64,
    0x65, 0x63, 0x6f, 0x64, 0x65, 0x22, 0x20, 0x63, 0x6f, 0x64, 0x65, 0x63, 0x29, 0x20, 0x61, 0x6e,
    0x64, 0x20, 0x74, 0x68, 0x65, 0x6e, 0x0a, 0x77, 0x72, 0x69, 0x74, 0x74, 0x65, 0x6e, 0x20, 0x74,
    0x6f, 0x20, 0x74, 0x68, 0x65, 0x20, 0x75, 0x6e, 0x64, 0x65, 0x72, 0x6c, 0x79, 0x69, 0x6e, 0x67,
    0x20, 0x73, 0x74, 0x72, 0x65, 0x61, 0x6d, 0x20, 0x75, 0x73, 0x69, 0x6e, 0x67, 0x20, 0x61, 0x6e,
    0x20, 0x69, 0x6e, 0x73, 0x74, 0x61, 0x6e, 0x63, 0x65, 0x20, 0x6f, 0x66, 0x20, 0x74, 0x68, 0x65,
    0x20, 0x70, 0x72, 0x6f, 0x76, 0x69, 0x64, 0x65, 0x64, 0x0a, 0x57, 0x72, 0x69, 0x74, 0x65, 0x72,
    0x20, 0x63, 0x6c, 0x61, 0x73, 0x73, 0x2e, 0x0a, 0x0a, 0x49, 0x6e, 0x20, 0x74, 0x68, 0x65, 0x20,
    0x6f, 0x74, 0x68, 0x65, 0x72, 0x20, 0x64, 0x69, 0x72, 0x65, 0x63, 0x74, 0x69, 0x6f, 0x6e, 0x2c,
    0x20, 0x64, 0x61, 0x74, 0x61, 0x20, 0x69, 0x73, 0x20, 0x72, 0x65, 0x61, 0x64, 0x20, 0x66, 0x72,
    0x6f, 0x6d, 0x20, 0x74, 0x68, 0x65, 0x20, 0x75, 0x6e, 0x64, 0x65, 0x72, 0x6c, 0x79, 0x69, 0x6e,
    0x67, 0x20, 0x73, 0x74, 0x72, 0x65, 0x61, 0x6d, 0x20, 0x75, 0x73, 0x69, 0x6e, 0x67, 0x0a, 0x61,
    0x20, 0x52, 0x65, 0x61, 0x64, 0x65, 0x72, 0x20, 0x69, 0x6e, 0x73, 0x74, 0x61, 0x6e, 0x63, 0x65,
    0x20, 0x61, 0x6e, 0x64, 0x20, 0x74, 0x68, 0x65, 0x6e, 0x20, 0x65, 0x6e, 0x63, 0x6f, 0x64, 0x65,
    0x64, 0x20, 0x61, 0x6e, 0x64, 0x20, 0x72, 0x65, 0x74, 0x75, 0x72, 0x6e, 0x65, 0x64, 0x20, 0x74,
    0x6f, 0x20, 0x74, 0x68, 0x65, 0x20, 0x63, 0x61, 0x6c, 0x6c, 0x65, 0x72, 0x2e, 0x0a, 0x0a, 0x72,
    0x2d, 0x01, 0x00, 0x00, 0x63, 0x07, 0x00, 0x00, 0x00, 0x00, 0x00, 0x00, 0x00, 0x00, 0x00, 0x00,
    0x00, 0x04, 0x00, 0x00, 0x00, 0x03, 0x00, 0x00, 0x00, 0xf3, 0x68, 0x00, 0x00, 0x00, 0x95, 0x00,
    0x58, 0x10, 0x6c, 0x00, 0x00, 0x00, 0x00, 0x00, 0x00, 0x00, 0x00, 0x00, 0x58, 0x20, 0x6c, 0x01,
    0x00, 0x00, 0x00, 0x00, 0x00, 0x00, 0x00, 0x00, 0x58, 0x30, 0x6c, 0x02, 0x00, 0x00, 0x00, 0x00,
    0x00, 0x00, 0x00, 0x00, 0x55, 0x04, 0x22, 0x00, 0x58, 0x16, 0x35, 0x02, 0x00, 0x00, 0x00, 0x00,
    0x00, 0x00, 0x55, 0x00, 0x6c, 0x03, 0x00, 0x00, 0x00, 0x00, 0x00, 0x00, 0x00, 0x00, 0x55, 0x05,
    0x22, 0x00, 0x58, 0x16, 0x35, 0x02, 0x00, 0x00, 0x00, 0x00, 0x00, 0x00, 0x55, 0x00, 0x6c, 0x04,
    0x00, 0x00, 0x00, 0x00, 0x00, 0x00, 0x00, 0x00, 0x58, 0x60, 0x6c, 0x05, 0x00, 0x00, 0x00, 0x00,
    0x00, 0x00, 0x00, 0x00, 0x67, 0x01, 0x29, 0x02, 0x61, 0x5c, 0x02, 0x00, 0x00, 0x43, 0x72, 0x65,
    0x61, 0x74, 0x65, 0x73, 0x20, 0x61, 0x20, 0x53, 0x74, 0x72, 0x65, 0x61, 0x6d, 0x52, 0x65, 0x63,
    0x6f, 0x64, 0x65, 0x72, 0x20, 0x69, 0x6e, 0x73, 0x74, 0x61, 0x6e, 0x63, 0x65, 0x20, 0x77, 0x68,
    0x69, 0x63, 0x68, 0x20, 0x69, 0x6d, 0x70, 0x6c, 0x65, 0x6d, 0x65, 0x6e, 0x74, 0x73, 0x20, 0x61,
    0x20, 0x74, 0x77, 0x6f, 0x2d, 0x77, 0x61, 0x79, 0x0a, 0x63, 0x6f, 0x6e, 0x76, 0x65, 0x72, 0x73,
    0x69, 0x6f, 0x6e, 0x3a, 0x20, 0x65, 0x6e, 0x63, 0x6f, 0x64, 0x65, 0x20, 0x61, 0x6e, 0x64, 0x20,
    0x64, 0x65, 0x63, 0x6f, 0x64, 0x65, 0x20, 0x77, 0x6f, 0x72, 0x6b, 0x20, 0x6f, 0x6e, 0x20, 0x74,
    0x68, 0x65, 0x20, 0x66, 0x72, 0x6f, 0x6e, 0x74, 0x65, 0x6e, 0x64, 0x20, 0x28, 0x74, 0x68, 0x65,
    0x0a, 0x64, 0x61, 0x74, 0x61, 0x20, 0x76, 0x69, 0x73, 0x69, 0x62, 0x6c, 0x65, 0x20, 0x74, 0x6f,
    0x20, 0x2e, 0x72, 0x65, 0x61, 0x64, 0x28, 0x29, 0x20, 0x61, 0x6e, 0x64, 0x20, 0x2e, 0x77, 0x72,
    0x69, 0x74, 0x65, 0x28, 0x29, 0x29, 0x20, 0x77, 0x68, 0x69, 0x6c, 0x65, 0x20, 0x52, 0x65, 0x61,
    0x64, 0x65, 0x72, 0x20, 0x61, 0x6e, 0x64, 0x20, 0x57, 0x72, 0x69, 0x74, 0x65, 0x72, 0x0a, 0x77,
    0x6f, 0x72, 0x6b, 0x20, 0x6f, 0x6e, 0x20, 0x74, 0x68, 0x65, 0x20, 0x62, 0x61, 0x63, 0x6b, 0x65,
    0x6e, 0x64, 0x20, 0x28, 0x74, 0x68, 0x65, 0x20, 0x64, 0x61, 0x74, 0x61, 0x20, 0x69, 0x6e, 0x20,
    0x73, 0x74, 0x72, 0x65, 0x61, 0x6d, 0x29, 0x2e, 0x0a, 0x0a, 0x59, 0x6f, 0x75, 0x20, 0x63, 0x61,
    0x6e, 0x20, 0x75, 0x73, 0x65, 0x20, 0x74, 0x68, 0x65, 0x73, 0x65, 0x20, 0x6f, 0x62, 0x6a, 0x65,
    0x63, 0x74, 0x73, 0x20, 0x74, 0x6f, 0x20, 0x64, 0x6f, 0x20, 0x74, 0x72, 0x61, 0x6e, 0x73, 0x70,
    0x61, 0x72, 0x65, 0x6e, 0x74, 0x0a, 0x74, 0x72, 0x61, 0x6e, 0x73, 0x63, 0x6f, 0x64, 0x69, 0x6e,
    0x67, 0x73, 0x20, 0x66, 0x72, 0x6f, 0x6d, 0x20, 0x65, 0x2e, 0x67, 0x2e, 0x20, 0x6c, 0x61, 0x74,
    0x69, 0x6e, 0x2d, 0x31, 0x20, 0x74, 0x6f, 0x20, 0x75, 0x74, 0x66, 0x2d, 0x38, 0x20, 0x61, 0x6e,
    0x64, 0x20, 0x62, 0x61, 0x63, 0x6b, 0x2e, 0x0a, 0x0a, 0x73, 0x74, 0x72, 0x65, 0x61, 0x6d, 0x20,
    0x6d, 0x75, 0x73, 0x74, 0x20, 0x62, 0x65, 0x20, 0x61, 0x20, 0x66, 0x69, 0x6c, 0x65, 0x2d, 0x6c,
    0x69, 0x6b, 0x65, 0x20, 0x6f, 0x62, 0x6a, 0x65, 0x63, 0x74, 0x2e, 0x0a, 0x0a, 0x65, 0x6e, 0x63,
    0x6f, 0x64, 0x65, 0x20, 0x61, 0x6e, 0x64, 0x20, 0x64, 0x65, 0x63, 0x6f, 0x64, 0x65, 0x20, 0x6d,
    0x75, 0x73, 0x74, 0x20, 0x61, 0x64, 0x68, 0x65, 0x72, 0x65, 0x20, 0x74, 0x6f, 0x20, 0x74, 0x68,
    0x65, 0x20, 0x43, 0x6f, 0x64, 0x65, 0x63, 0x20, 0x69, 0x6e, 0x74, 0x65, 0x72, 0x66, 0x61, 0x63,
    0x65, 0x3b, 0x20, 0x52, 0x65, 0x61, 0x64, 0x65, 0x72, 0x20, 0x61, 0x6e, 0x64, 0x0a, 0x57, 0x72,
    0x69, 0x74, 0x65, 0x72, 0x20, 0x6d, 0x75, 0x73, 0x74, 0x20, 0x62, 0x65, 0x20, 0x66, 0x61, 0x63,
    0x74, 0x6f, 0x72, 0x79, 0x20, 0x66, 0x75, 0x6e, 0x63, 0x74, 0x69, 0x6f, 0x6e, 0x73, 0x20, 0x6f,
    0x72, 0x20, 0x63, 0x6c, 0x61, 0x73, 0x73, 0x65, 0x73, 0x20, 0x70, 0x72, 0x6f, 0x76, 0x69, 0x64,
    0x69, 0x6e, 0x67, 0x20, 0x74, 0x68, 0x65, 0x0a, 0x53, 0x74, 0x72, 0x65, 0x61, 0x6d, 0x52, 0x65,
    0x61, 0x64, 0x65, 0x72, 0x20, 0x61, 0x6e, 0x64, 0x20, 0x53, 0x74, 0x72, 0x65, 0x61, 0x6d, 0x57,
    0x72, 0x69, 0x74, 0x65, 0x72, 0x20, 0x69, 0x6e, 0x74, 0x65, 0x72, 0x66, 0x61, 0x63, 0x65, 0x73,
    0x20, 0x72, 0x65, 0x73, 0x70, 0x2e, 0x0a, 0x0a, 0x45, 0x72, 0x72, 0x6f, 0x72, 0x20, 0x68, 0x61,
    0x6e, 0x64, 0x6c, 0x69, 0x6e, 0x67, 0x20, 0x69, 0x73, 0x20, 0x64, 0x6f, 0x6e, 0x65, 0x20, 0x69,
    0x6e, 0x20, 0x74, 0x68, 0x65, 0x20, 0x73, 0x61, 0x6d, 0x65, 0x20, 0x77, 0x61, 0x79, 0x20, 0x61,
    0x73, 0x20, 0x64, 0x65, 0x66, 0x69, 0x6e, 0x65, 0x64, 0x20, 0x66, 0x6f, 0x72, 0x20, 0x74, 0x68,
    0x65, 0x0a, 0x53, 0x74, 0x72, 0x65, 0x61, 0x6d, 0x57, 0x72, 0x69, 0x74, 0x65, 0x72, 0x2f, 0x52,
    0x65, 0x61, 0x64, 0x65, 0x72, 0x73, 0x2e, 0x0a, 0x0a, 0x4e, 0x29, 0x06, 0x72, 0xb1, 0x00, 0x00,
    0x00, 0x72, 0x24, 0x00, 0x00, 0x00, 0x72, 0x25, 0x00, 0x00, 0x00, 0x72, 0x2f, 0x01, 0x00, 0x00,
    0x72, 0x30, 0x01, 0x00, 0x00, 0x72, 0x59, 0x00, 0x00, 0x00, 0x29, 0x07, 0x72, 0x3e, 0x00, 0x00,
    0x00, 0x72, 0xb1, 0x00, 0x00, 0x00, 0x72, 0x24, 0x00, 0x00, 0x00, 0x72, 0x25, 0x00, 0x00, 0x00,
    0x72, 0x31, 0x01, 0x00, 0x00, 0x72, 0x32, 0x01, 0x00, 0x00, 0x72, 0x59, 0x00, 0x00, 0x00, 0x73,
    0x07, 0x00, 0x00, 0x00, 0x20, 0x20, 0x20, 0x20, 0x20, 0x20, 0x20, 0x72, 0x3f, 0x00, 0x00, 0x00,
    0x72, 0x65, 0x00, 0x00, 0x00, 0xda, 0x16, 0x53, 0x74, 0x72, 0x65, 0x61, 0x6d, 0x52, 0x65, 0x63,
    0x6f, 0x64, 0x65, 0x72, 0x2e, 0x5f, 0x5f, 0x69, 0x6e, 0x69, 0x74, 0x5f, 0x5f, 0x13, 0x03, 0x00,
    0x00, 0x73, 0x30, 0x00, 0x00, 0x00, 0x80, 0x00, 0xf0, 0x2a, 0x00, 0x17, 0x1d, 0x8c, 0x0b, 0xd8,
    0x16, 0x1c, 0x8c, 0x0b, 0xd8, 0x16, 0x1c, 0x8c, 0x0b, 0xd9, 0x16, 0x1c, 0x98, 0x56, 0xd3, 0x16,
    0x2c, 0x88, 0x04, 0x8c, 0x0b, 0xd9, 0x16, 0x1c, 0x98, 0x56, 0xd3, 0x16, 0x2c, 0x88, 0x04, 0x8c,
    0x0b, 0xd8, 0x16, 0x1c, 0x8d, 0x0b, 0x72, 0x41, 0x00, 0x00, 0x00, 0x63, 0x02, 0x00, 0x00, 0x00,
    0x00, 0x00, 0x00, 0x00, 0x00, 0x00, 0x00, 0x00, 0x04, 0x00, 0x00, 0x00, 0x03, 0x00, 0x00, 0x00,
    0xf3, 0x76, 0x00, 0x00, 0x00, 0x95, 0x00, 0x55, 0x00, 0x52, 0x00, 0x00, 0x00, 0x00, 0x00, 0x00,
    0x00, 0x00, 0x00, 0x00, 0x00, 0x00, 0x00, 0x00, 0x00, 0x00, 0x00, 0x00, 0x00, 0x52, 0x03, 0x00,
    0x00, 0x00, 0x00, 0x00, 0x00, 0x00, 0x00, 0x00, 0x00, 0x00, 0x00, 0x00, 0x00, 0x00, 0x00, 0x00,
    0x00, 0x55, 0x01, 0x35, 0x01, 0x00, 0x00, 0x00, 0x00, 0x00, 0x00, 0x6e, 0x02, 0x55, 0x00, 0x52,
    0x05, 0x00, 0x00, 0x00, 0x00, 0x00, 0x00, 0x00, 0x00, 0x00, 0x00, 0x00, 0x00, 0x00, 0x00, 0x00,
    0x00, 0x00, 0x00, 0x58, 0x20, 0x52, 0x06, 0x00, 0x00, 0x00, 0x00, 0x00, 0x00, 0x00, 0x00, 0x00,
    0x00, 0x00, 0x00, 0x00, 0x00, 0x00, 0x00, 0x00, 0x00, 0x35, 0x02, 0x00, 0x00, 0x00, 0x00, 0x00,
    0x00, 0x75, 0x02, 0x00, 0x00, 0x70, 0x23, 0x55, 0x02, 0x24, 0x00, 0x72, 0x35, 0x00, 0x00, 0x00,
    0x29, 0x04, 0x72, 0x2f, 0x01, 0x00, 0x00, 0x72, 0xf6, 0x00, 0x00, 0x00, 0x72, 0x24, 0x00, 0x00,
    0x00, 0x72, 0x59, 0x00, 0x00, 0x00, 0xa9, 0x04, 0x72, 0x3e, 0x00, 0x00, 0x00, 0x72, 0xfa, 0x00,
    0x00, 0x00, 0x72, 0x86, 0x00, 0x00, 0x00, 0xda, 0x0c, 0x62, 0x79, 0x74, 0x65, 0x73, 0x65, 0x6e,
    0x63, 0x6f, 0x64, 0x65, 0x64, 0x73, 0x04, 0x00, 0x00, 0x00, 0x20, 0x20, 0x20, 0x20, 0x72, 0x3f,
    0x00, 0x00, 0x00, 0x72, 0xf6, 0x00, 0x00, 0x00, 0xda, 0x12, 0x53, 0x74, 0x72, 0x65, 0x61, 0x6d,
    0x52, 0x65, 0x63, 0x6f, 0x64, 0x65, 0x72, 0x2e, 0x72, 0x65, 0x61, 0x64, 0x2f, 0x03, 0x00, 0x00,
    0x73, 0x30, 0x00, 0x00, 0x00, 0x80, 0x00, 0xe0, 0x0f, 0x13, 0x8f, 0x7b, 0x89, 0x7b, 0xd7, 0x0f,
    0x1f, 0xd1, 0x0f, 0x1f, 0xa0, 0x04, 0xd3, 0x0f, 0x25, 0x88, 0x04, 0xd8, 0x1d, 0x21, 0x9f, 0x5b,
    0x99, 0x5b, 0xa8, 0x14, 0xaf, 0x7b, 0xa9, 0x7b, 0xd3, 0x1d, 0x3b, 0xd1, 0x08, 0x1a, 0x88, 0x04,
    0xd8, 0x0f, 0x13, 0x88, 0x0b, 0x72, 0x41, 0x00, 0x00, 0x00, 0x4e, 0x63, 0x02, 0x00, 0x00, 0x00,
    0x00, 0x00, 0x00, 0x00, 0x00, 0x00, 0x00, 0x00, 0x04, 0x00, 0x00, 0x00, 0x03, 0x00, 0x00, 0x00,
    0xf3, 0xb2, 0x00, 0x00, 0x00, 0x95, 0x00, 0x55, 0x01, 0x63, 0x1b, 0x00, 0x00, 0x55, 0x00, 0x52,
    0x00, 0x00, 0x00, 0x00, 0x00, 0x00, 0x00, 0x00, 0x00, 0x00, 0x00, 0x00, 0x00, 0x00, 0x00, 0x00,
    0x00, 0x00, 0x00, 0x52, 0x03, 0x00, 0x00, 0x00, 0x00, 0x00, 0x00, 0x00, 0x00, 0x00, 0x00, 0x00,
    0x00, 0x00, 0x00, 0x00, 0x00, 0x00, 0x00, 0x35, 0x00, 0x00, 0x00, 0x00, 0x00, 0x00, 0x00, 0x6e,
    0x02, 0x4f, 0x1b, 0x55, 0x00, 0x52, 0x00, 0x00, 0x00, 0x00, 0x00, 0x00, 0x00, 0x00, 0x00, 0x00,
    0x00, 0x00, 0x00, 0x00, 0x00, 0x00, 0x00, 0x00, 0x00, 0x52, 0x03, 0x00, 0x00, 0x00, 0x00, 0x00,
    0x00, 0x00, 0x00, 0x00, 0x00, 0x00, 0x00, 0x00, 0x00, 0x00, 0x00, 0x00, 0x00, 0x55, 0x01, 0x35,
    0x01, 0x00, 0x00, 0x00, 0x00, 0x00, 0x00, 0x6e, 0x02, 0x55, 0x00, 0x52, 0x05, 0x00, 0x00, 0x00,
    0x00, 0x00, 0x00, 0x00, 0x00, 0x00, 0x00, 0x00, 0x00, 0x00, 0x00, 0x00, 0x00, 0x00, 0x00, 0x58,
    0x20, 0x52, 0x06, 0x00, 0x00, 0x00, 0x00, 0x00, 0x00, 0x00, 0x00, 0x00, 0x00, 0x00, 0x00, 0x00,
    0x00, 0x00, 0x00, 0x00, 0x00, 0x35, 0x02, 0x00, 0x00, 0x00, 0x00, 0x00, 0x00, 0x75, 0x02, 0x00,
    0x00, 0x70, 0x23, 0x55, 0x02, 0x24, 0x00, 0x72, 0x35, 0x00, 0x00, 0x00, 0x29, 0x04, 0x72, 0x2f,
    0x01, 0x00, 0x00, 0x72, 0x11, 0x01, 0x00, 0x00, 0x72, 0x24, 0x00, 0x00, 0x00, 0x72, 0x59, 0x00,
    0x00, 0x00, 0x72, 0x57, 0x01, 0x00, 0x00, 0x73, 0x04, 0x00, 0x00, 0x00, 0x20, 0x20, 0x20, 0x20,
    0x72, 0x3f, 0x00, 0x00, 0x00, 0x72, 0x11, 0x01, 0x00, 0x00, 0xda, 0x16, 0x53, 0x74, 0x72, 0x65,
    0x61, 0x6d, 0x52, 0x65, 0x63, 0x6f, 0x64, 0x65, 0x72, 0x2e, 0x72, 0x65, 0x61, 0x64, 0x6c, 0x69,
    0x6e, 0x65, 0x35, 0x03, 0x00, 0x00, 0x73, 0x47, 0x00, 0x00, 0x00, 0x80, 0x00, 0xe0, 0x0b, 0x0f,
    0x89, 0x3c, 0xd8, 0x13, 0x17, 0x97, 0x3b, 0x91, 0x3b, 0xd7, 0x13, 0x27, 0xd1, 0x13, 0x27, 0xd3,
    0x13, 0x29, 0x89, 0x44, 0xe0, 0x13, 0x17, 0x97, 0x3b, 0x91, 0x3b, 0xd7, 0x13, 0x27, 0xd1, 0x13,
    0x27, 0xa8, 0x04, 0xd3, 0x13, 0x2d, 0x88, 0x44, 0xd8, 0x1d, 0x21, 0x9f, 0x5b, 0x99, 0x5b, 0xa8,
    0x14, 0xaf, 0x7b, 0xa9, 0x7b, 0xd3, 0x1d, 0x3b, 0xd1, 0x08, 0x1a, 0x88, 0x04, 0xd8, 0x0f, 0x13,
    0x88, 0x0b, 0x72, 0x41, 0x00, 0x00, 0x00, 0x63, 0x02, 0x00, 0x00, 0x00, 0x00, 0x00, 0x00, 0x00,
    0x00, 0x00, 0x00, 0x00, 0x04, 0x00, 0x00, 0x00, 0x03, 0x00, 0x00, 0x00, 0xf3, 0x8e, 0x00, 0x00,
    0x00, 0x95, 0x00, 0x55, 0x00, 0x52, 0x00, 0x00, 0x00, 0x00, 0x00, 0x00, 0x00, 0x00, 0x00, 0x00,
    0x00, 0x00, 0x00, 0x00, 0x00, 0x00, 0x00, 0x00, 0x00, 0x52, 0x03, 0x00, 0x00, 0x00, 0x00, 0x00,
    0x00, 0x00, 0x00, 0x00, 0x00, 0x00, 0x00, 0x00, 0x00, 0x00, 0x00, 0x00, 0x00, 0x35, 0x00, 0x00,
    0x00, 0x00, 0x00, 0x00, 0x00, 0x6e, 0x02, 0x55, 0x00, 0x52, 0x05, 0x00, 0x00, 0x00, 0x00, 0x00,
    0x00, 0x00, 0x00, 0x00, 0x00, 0x00, 0x00, 0x00, 0x00, 0x00, 0x00, 0x00, 0x00, 0x58, 0x20, 0x52,
    0x06, 0x00, 0x00, 0x00, 0x00, 0x00, 0x00, 0x00, 0x00, 0x00, 0x00, 0x00, 0x00, 0x00, 0x00, 0x00,
    0x00, 0x00, 0x00, 0x35, 0x02, 0x00, 0x00, 0x00, 0x00, 0x00, 0x00, 0x75, 0x02, 0x00, 0x00, 0x70,
    0x23, 0x55, 0x02, 0x52, 0x09, 0x00, 0x00, 0x00, 0x00, 0x00, 0x00, 0x00, 0x00, 0x00, 0x00, 0x00,
    0x00, 0x00, 0x00, 0x00, 0x00, 0x00, 0x00, 0x53, 0x01, 0x53, 0x02, 0x39, 0x01, 0x24, 0x00, 0x29,
    0x03, 0x4e, 0x54, 0x72, 0xf2, 0x00, 0x00, 0x00, 0x29, 0x05, 0x72, 0x2f, 0x01, 0x00, 0x00, 0x72,
    0xf6, 0x00, 0x00, 0x00, 0x72, 0x24, 0x00, 0x00, 0x00, 0x72, 0x59, 0x00, 0x00, 0x00, 0x72, 0xf9,
    0x00, 0x00, 0x00, 0x29, 0x04, 0x72, 0x3e, 0x00, 0x00, 0x00, 0x72, 0x14, 0x01, 0x00, 0x00, 0x72,
    0x86, 0x00, 0x00, 0x00, 0x72, 0x58, 0x01, 0x00, 0x00, 0x73, 0x04, 0x00, 0x00, 0x00, 0x20, 0x20,
    0x20, 0x20, 0x72, 0x3f, 0x00, 0x00, 0x00, 0x72, 0x15, 0x01, 0x00, 0x00, 0xda, 0x17, 0x53, 0x74,
    0x72, 0x65, 0x61, 0x6d, 0x52, 0x65, 0x63, 0x6f, 0x64, 0x65, 0x72, 0x2e, 0x72, 0x65, 0x61, 0x64,
    0x6c, 0x69, 0x6e, 0x65, 0x73, 0x3e, 0x03, 0x00, 0x00, 0x73, 0x3a, 0x00, 0x00, 0x00, 0x80, 0x00,
    0xe0, 0x0f, 0x13, 0x8f, 0x7b, 0x89, 0x7b, 0xd7, 0x0f, 0x1f, 0xd1, 0x0f, 0x1f, 0xd3, 0x0f, 0x21,
    0x88, 0x04, 0xd8, 0x1d, 0x21, 0x9f, 0x5b, 0x99, 0x5b, 0xa8, 0x14, 0xaf, 0x7b, 0xa9, 0x7b, 0xd3,
    0x1d, 0x3b, 0xd1, 0x08, 0x1a, 0x88, 0x04, 0xd8, 0x0f, 0x13, 0x8f, 0x7f, 0x89, 0x7f, 0xa8, 0x04,
    0x88, 0x7f, 0xd0, 0x0f, 0x2d, 0xd0, 0x08, 0x2d, 0x72, 0x41, 0x00, 0x00, 0x00, 0x63, 0x01, 0x00,
    0x00, 0x00, 0x00, 0x00, 0x00, 0x00, 0x00, 0x00, 0x00, 0x00, 0x04, 0x00, 0x00, 0x00, 0x03, 0x00,
    0x00, 0x00, 0xf3, 0x6a, 0x00, 0x00, 0x00, 0x95, 0x00, 0x5b, 0x01, 0x00, 0x00, 0x00, 0x00, 0x00,
    0x00, 0x00, 0x00, 0x55, 0x00, 0x52, 0x02, 0x00, 0x00, 0x00, 0x00, 0x00, 0x00, 0x00, 0x00, 0x00,
    0x00, 0x00, 0x00, 0x00, 0x00, 0x00, 0x00, 0x00, 0x00, 0x35, 0x01, 0x00, 0x00, 0x00, 0x00, 0x00,
    0x00, 0x6e, 0x01, 0x55, 0x00, 0x52, 0x05, 0x00, 0x00, 0x00, 0x00, 0x00, 0x00, 0x00, 0x00, 0x00,
    0x00, 0x00, 0x00, 0x00, 0x00, 0x00, 0x00, 0x00, 0x00, 0x58, 0x10, 0x52, 0x06, 0x00, 0x00, 0x00,
    0x00, 0x00, 0x00, 0x00, 0x00, 0x00, 0x00, 0x00, 0x00, 0x00, 0x00, 0x00, 0x00, 0x00, 0x00, 0x35,
    0x02, 0x00, 0x00, 0x00, 0x00, 0x00, 0x00, 0x75, 0x02, 0x00, 0x00, 0x70, 0x12, 0x55, 0x01, 0x24,
    0x00, 0x72, 0x1c, 0x01, 0x00, 0x00, 0x29, 0x04, 0x72, 0x3b, 0x01, 0x00, 0x00, 0x72, 0x2f, 0x01,
    0x00, 0x00, 0x72, 0x24, 0x00, 0x00, 0x00, 0x72, 0x59, 0x00, 0x00, 0x00, 0x29, 0x03, 0x72, 0x3e,
    0x00, 0x00, 0x00, 0x72, 0x86, 0x00, 0x00, 0x00, 0x72, 0x58, 0x01, 0x00, 0x00, 0x73, 0x03, 0x00,
    0x00, 0x00, 0x20, 0x20, 0x20, 0x72, 0x3f, 0x00, 0x00, 0x00, 0x72, 0x1e, 0x01, 0x00, 0x00, 0xda,
    0x16, 0x53, 0x74, 0x72, 0x65, 0x61, 0x6d, 0x52, 0x65, 0x63, 0x6f, 0x64, 0x65, 0x72, 0x2e, 0x5f,
    0x5f, 0x6e, 0x65, 0x78, 0x74, 0x5f, 0x5f, 0x44, 0x03, 0x00, 0x00, 0x73, 0x2c, 0x00, 0x00, 0x00,
    0x80, 0x00, 0xf4, 0x06, 0x00, 0x10, 0x14, 0x90, 0x44, 0x97, 0x4b, 0x91, 0x4b, 0xd3, 0x0f, 0x20,
    0x88, 0x04, 0xd8, 0x1d, 0x21, 0x9f, 0x5b, 0x99, 0x5b, 0xa8, 0x14, 0xaf, 0x7b, 0xa9, 0x7b, 0xd3,
    0x1d, 0x3b, 0xd1, 0x08, 0x1a, 0x88, 0x04, 0xd8, 0x0f, 0x13, 0x88, 0x0b, 0x72, 0x41, 0x00, 0x00,
    0x00, 0x63, 0x01, 0x00, 0x00, 0x00, 0x00, 0x00, 0x00, 0x00, 0x00, 0x00, 0x00, 0x00, 0x01, 0x00,
    0x00, 0x00, 0x03, 0x00, 0x00, 0x00, 0xf3, 0x06, 0x00, 0x00, 0x00, 0x95, 0x00, 0x55, 0x00, 0x24,
    0x00, 0x72, 0x35, 0x00, 0x00, 0x00, 0x72, 0x51, 0x00, 0x00, 0x00, 0x72, 0x47, 0x00, 0x00, 0x00,
    0x73, 0x01, 0x00, 0x00, 0x00, 0x20, 0x72, 0x3f, 0x00, 0x00, 0x00, 0x72, 0x21, 0x01, 0x00, 0x00,
    0xda, 0x16, 0x53, 0x74, 0x72, 0x65, 0x61, 0x6d, 0x52, 0x65, 0x63, 0x6f, 0x64, 0x65, 0x72, 0x2e,
    0x5f, 0x5f, 0x69, 0x74, 0x65, 0x72, 0x5f, 0x5f, 0x4b, 0x03, 0x00, 0x00, 0x72, 0xd2, 0x00, 0x00,
    0x00, 0x72, 0x41, 0x00, 0x00, 0x00, 0x63, 0x02, 0x00, 0x00, 0x00, 0x00, 0x00, 0x00, 0x00, 0x00,
    0x00, 0x00, 0x00, 0x04, 0x00, 0x00, 0x00, 0x03, 0x00, 0x00, 0x00, 0xf3, 0x72, 0x00, 0x00, 0x00,
    0x95, 0x00, 0x55, 0x00, 0x52, 0x01, 0x00, 0x00, 0x00, 0x00, 0x00, 0x00, 0x00, 0x00, 0x00, 0x00,
    0x00, 0x00, 0x00, 0x00, 0x00, 0x00, 0x00, 0x00, 0x58, 0x10, 0x52, 0x02, 0x00, 0x00, 0x00, 0x00,
    0x00, 0x00, 0x00, 0x00, 0x00, 0x00, 0x00, 0x00, 0x00, 0x00, 0x00, 0x00, 0x00, 0x00, 0x35, 0x02,
    0x00, 0x00, 0x00, 0x00, 0x00, 0x00, 0x75, 0x02, 0x00, 0x00, 0x70, 0x12, 0x55, 0x00, 0x52, 0x04,
    0x00, 0x00, 0x00, 0x00, 0x00, 0x00, 0x00, 0x00, 0x00, 0x00, 0x00, 0x00, 0x00, 0x00, 0x00, 0x00,
    0x00, 0x00, 0x52, 0x07, 0x00, 0x00, 0x00, 0x00, 0x00, 0x00, 0x00, 0x00, 0x00, 0x00, 0x00, 0x00,
    0x00, 0x00, 0x00, 0x00, 0x00, 0x00, 0x55, 0x01, 0x35, 0x01, 0x00, 0x00, 0x00, 0x00, 0x00, 0x00,
    0x24, 0x00, 0x72, 0x35, 0x00, 0x00, 0x00, 0x29, 0x04, 0x72, 0x25, 0x00, 0x00, 0x00, 0x72, 0x59,
    0x00, 0x00, 0x00, 0x72, 0x30, 0x01, 0x00, 0x00, 0x72, 0xb5, 0x00, 0x00, 0x00, 0x29, 0x03, 0x72,
    0x3e, 0x00, 0x00, 0x00, 0x72, 0x86, 0x00, 0x00, 0x00, 0xda, 0x0c, 0x62, 0x79, 0x74, 0x65, 0x73,
    0x64, 0x65, 0x63, 0x6f, 0x64, 0x65, 0x64, 0x73, 0x03, 0x00, 0x00, 0x00, 0x20, 0x20, 0x20, 0x72,
    0x3f, 0x00, 0x00, 0x00, 0x72, 0xb5, 0x00, 0x00, 0x00, 0xda, 0x13, 0x53, 0x74, 0x72, 0x65, 0x61,
    0x6d, 0x52, 0x65, 0x63, 0x6f, 0x64, 0x65, 0x72, 0x2e, 0x77, 0x72, 0x69, 0x74, 0x65, 0x4e, 0x03,
    0x00, 0x00, 0x73, 0x2c, 0x00, 0x00, 0x00, 0x80, 0x00, 0xe0, 0x1d, 0x21, 0x9f, 0x5b, 0x99, 0x5b,
    0xa8, 0x14, 0xaf, 0x7b, 0xa9, 0x7b, 0xd3, 0x1d, 0x3b, 0xd1, 0x08, 0x1a, 0x88, 0x04, 0xd8, 0x0f,
    0x13, 0x8f, 0x7b, 0x89, 0x7b, 0xd7, 0x0f, 0x20, 0xd1, 0x0f, 0x20, 0xa0, 0x14, 0xd3, 0x0f, 0x26,
    0xd0, 0x08, 0x26, 0x72, 0x41, 0x00, 0x00, 0x00, 0x63, 0x02, 0x00, 0x00, 0x00, 0x00, 0x00, 0x00,
    0x00, 0x00, 0x00, 0x00, 0x00, 0x04, 0x00, 0x00, 0x00, 0x03, 0x00, 0x00, 0x00, 0xf3, 0x94, 0x00,
    0x00, 0x00, 0x95, 0x00, 0x53, 0x01, 0x52, 0x01, 0x00, 0x00, 0x00, 0x00, 0x00, 0x00, 0x00, 0x00,
    0x00, 0x00, 0x00, 0x00, 0x00, 0x00, 0x00, 0x00, 0x00, 0x00, 0x55, 0x01, 0x35, 0x01, 0x00, 0x00,
    0x00, 0x00, 0x00, 0x00, 0x6e, 0x02, 0x55, 0x00, 0x52, 0x03, 0x00, 0x00, 0x00, 0x00, 0x00, 0x00,
    0x00, 0x00, 0x00, 0x00, 0x00, 0x00, 0x00, 0x00, 0x00, 0x00, 0x00, 0x00, 0x58, 0x20, 0x52, 0x04,
    0x00, 0x00, 0x00, 0x00, 0x00, 0x00, 0x00, 0x00, 0x00, 0x00, 0x00, 0x00, 0x00, 0x00, 0x00, 0x00,
    0x00, 0x00, 0x35, 0x02, 0x00, 0x00, 0x00, 0x00, 0x00, 0x00, 0x75, 0x02, 0x00, 0x00, 0x70, 0x23,
    0x55, 0x00, 0x52, 0x06, 0x00, 0x00, 0x00, 0x00, 0x00, 0x00, 0x00, 0x00, 0x00, 0x00, 0x00, 0x00,
    0x00, 0x00, 0x00, 0x00, 0x00, 0x00, 0x52, 0x09, 0x00, 0x00, 0x00, 0x00, 0x00, 0x00, 0x00, 0x00,
    0x00, 0x00, 0x00, 0x00, 0x00, 0x00, 0x00, 0x00, 0x00, 0x00, 0x55, 0x02, 0x35, 0x01, 0x00, 0x00,
    0x00, 0x00, 0x00, 0x00, 0x24, 0x00, 0x72, 0xa2, 0x00, 0x00, 0x00, 0x29, 0x05, 0x72, 0xb9, 0x00,
    0x00, 0x00, 0x72, 0x25, 0x00, 0x00, 0x00, 0x72, 0x59, 0x00, 0x00, 0x00, 0x72, 0x30, 0x01, 0x00,
    0x00, 0x72, 0xb5, 0x00, 0x00, 0x00, 0x29, 0x04, 0x72, 0x3e, 0x00, 0x00, 0x00, 0x72, 0xbb, 0x00,
    0x00, 0x00, 0x72, 0x86, 0x00, 0x00, 0x00, 0x72, 0x63, 0x01, 0x00, 0x00, 0x73, 0x04, 0x00, 0x00,
    0x00, 0x20, 0x20, 0x20, 0x20, 0x72, 0x3f, 0x00, 0x00, 0x00, 0x72, 0xbc, 0x00, 0x00, 0x00, 0xda,
    0x18, 0x53, 0x74, 0x72, 0x65, 0x61, 0x6d, 0x52, 0x65, 0x63, 0x6f, 0x64, 0x65, 0x72, 0x2e, 0x77,
    0x72, 0x69, 0x74, 0x65, 0x6c, 0x69, 0x6e, 0x65, 0x73, 0x53, 0x03, 0x00, 0x00, 0x73, 0x39, 0x00,
    0x00, 0x00, 0x80, 0x00, 0xe0, 0x0f, 0x12, 0x8f, 0x78, 0x89, 0x78, 0x98, 0x04, 0x8b, 0x7e, 0x88,
    0x04, 0xd8, 0x1d, 0x21, 0x9f, 0x5b, 0x99, 0x5b, 0xa8, 0x14, 0xaf, 0x7b, 0xa9, 0x7b, 0xd3, 0x1d,
    0x3b, 0xd1, 0x08, 0x1a, 0x88, 0x04, 0xd8, 0x0f, 0x13, 0x8f, 0x7b, 0x89, 0x7b, 0xd7, 0x0f, 0x20,
    0xd1, 0x0f, 0x20, 0xa0, 0x14, 0xd3, 0x0f, 0x26, 0xd0, 0x08, 0x26, 0x72, 0x41, 0x00, 0x00, 0x00,
    0x63, 0x01, 0x00, 0x00, 0x00, 0x00, 0x00, 0x00, 0x00, 0x00, 0x00, 0x00, 0x00, 0x02, 0x00, 0x00,
    0x00, 0x03, 0x00, 0x00, 0x00, 0xf3, 0x6c, 0x00, 0x00, 0x00, 0x95, 0x00, 0x55, 0x00, 0x52, 0x00,
    0x00, 0x00, 0x00, 0x00, 0x00, 0x00, 0x00, 0x00, 0x00, 0x00, 0x00, 0x00, 0x00, 0x00, 0x00, 0x00,
    0x00, 0x00, 0x52, 0x03, 0x00, 0x00, 0x00, 0x00, 0x00, 0x00, 0x00, 0x00, 0x00, 0x00, 0x00, 0x00,
    0x00, 0x00, 0x00, 0x00, 0x00, 0x00, 0x35, 0x00, 0x00, 0x00, 0x00, 0x00, 0x00, 0x00, 0x20, 0x00,
    0x55, 0x00, 0x52, 0x04, 0x00, 0x00, 0x00, 0x00, 0x00, 0x00, 0x00, 0x00, 0x00, 0x00, 0x00, 0x00,
    0x00, 0x00, 0x00, 0x00, 0x00, 0x00, 0x52, 0x03, 0x00, 0x00, 0x00, 0x00, 0x00, 0x00, 0x00, 0x00,
    0x00, 0x00, 0x00, 0x00, 0x00, 0x00, 0x00, 0x00, 0x00, 0x00, 0x35, 0x00, 0x00, 0x00, 0x00, 0x00,
    0x00, 0x00, 0x20, 0x00, 0x67, 0x00, 0x72, 0x35, 0x00, 0x00, 0x00, 0x72, 0x44, 0x01, 0x00, 0x00,
    0x72, 0x47, 0x00, 0x00, 0x00, 0x73, 0x01, 0x00, 0x00, 0x00, 0x20, 0x72, 0x3f, 0x00, 0x00, 0x00,
    0x72, 0x6d, 0x00, 0x00, 0x00, 0xda, 0x13, 0x53, 0x74, 0x72, 0x65, 0x61, 0x6d, 0x52, 0x65, 0x63,
    0x6f, 0x64, 0x65, 0x72, 0x2e, 0x72, 0x65, 0x73, 0x65, 0x74, 0x59, 0x03, 0x00, 0x00, 0x72, 0x46,
    0x01, 0x00, 0x00, 0x72, 0x41, 0x00, 0x00, 0x00, 0x63, 0x03, 0x00, 0x00, 0x00, 0x00, 0x00, 0x00,
    0x00, 0x00, 0x00, 0x00, 0x00, 0x04, 0x00, 0x00, 0x00, 0x03, 0x00, 0x00, 0x00, 0xf3, 0x70, 0x00,
    0x00, 0x00, 0x95, 0x00, 0x55, 0x00, 0x52, 0x00, 0x00, 0x00, 0x00, 0x00, 0x00, 0x00, 0x00, 0x00,
    0x00, 0x00, 0x00, 0x00, 0x00, 0x00, 0x00, 0x00, 0x00, 0x00, 0x52, 0x03, 0x00, 0x00, 0x00, 0x00,
    0x00, 0x00, 0x00, 0x00, 0x00, 0x00, 0x00, 0x00, 0x00, 0x00, 0x00, 0x00, 0x00, 0x00, 0x58, 0x12,
    0x35, 0x02, 0x00, 0x00, 0x00, 0x00, 0x00, 0x00, 0x20, 0x00, 0x55, 0x00, 0x52, 0x04, 0x00, 0x00,
    0x00, 0x00, 0x00, 0x00, 0x00, 0x00, 0x00, 0x00, 0x00, 0x00, 0x00, 0x00, 0x00, 0x00, 0x00, 0x00,
    0x52, 0x03, 0x00, 0x00, 0x00, 0x00, 0x00, 0x00, 0x00, 0x00, 0x00, 0x00, 0x00, 0x00, 0x00, 0x00,
    0x00, 0x00, 0x00, 0x00, 0x58, 0x12, 0x35, 0x02, 0x00, 0x00, 0x00, 0x00, 0x00, 0x00, 0x20, 0x00,
    0x67, 0x00, 0x72, 0x35, 0x00, 0x00, 0x00, 0x29, 0x03, 0x72, 0x2f, 0x01, 0x00, 0x00, 0x72, 0xc2,
    0x00, 0x00, 0x00, 0x72, 0x30, 0x01, 0x00, 0x00, 0x72, 0xc3, 0x00, 0x00, 0x00, 0x73, 0x03, 0x00,
    0x00, 0x00, 0x20, 0x20, 0x20, 0x72, 0x3f, 0x00, 0x00, 0x00, 0x72, 0xc2, 0x00, 0x00, 0x00, 0xda,
    0x12, 0x53, 0x74, 0x72, 0x65, 0x61, 0x6d, 0x52, 0x65, 0x63, 0x6f, 0x64, 0x65, 0x72, 0x2e, 0x73,
    0x65, 0x65, 0x6b, 0x5e, 0x03, 0x00, 0x00, 0x73, 0x28, 0x00, 0x00, 0x00, 0x80, 0x00, 0xf0, 0x06,
    0x00, 0x09, 0x0d, 0x8f, 0x0b, 0x89, 0x0b, 0xd7, 0x08, 0x18, 0xd1, 0x08, 0x18, 0x98, 0x16, 0xd4,
    0x08, 0x28, 0xd8, 0x08, 0x0c, 0x8f, 0x0b, 0x89, 0x0b, 0xd7, 0x08, 0x18, 0xd1, 0x08, 0x18, 0x98,
    0x16, 0xd5, 0x08, 0x28, 0x72, 0x41, 0x00, 0x00, 0x00, 0x63, 0x03, 0x00, 0x00, 0x00, 0x00, 0x00,
    0x00, 0x00, 0x00, 0x00, 0x00, 0x00, 0x04, 0x00, 0x00, 0x00, 0x03, 0x00, 0x00, 0x00, 0xf3, 0x28,
    0x00, 0x00, 0x00, 0x95, 0x00, 0x55, 0x02, 0x22, 0x00, 0x55, 0x00, 0x52, 0x00, 0x00, 0x00, 0x00,
    0x00, 0x00, 0x00, 0x00, 0x00, 0x00, 0x00, 0x00, 0x00, 0x00, 0x00, 0x00, 0x00, 0x00, 0x00, 0x55,
    0x01, 0x35, 0x02, 0x00, 0x00, 0x00, 0x00, 0x00, 0x00, 0x24, 0x00, 0x72, 0xc8, 0x00, 0x00, 0x00,
    0x72, 0xc9, 0x00, 0x00, 0x00, 0x72, 0xca, 0x00, 0x00, 0x00, 0x73, 0x03, 0x00, 0x00, 0x00, 0x20,
    0x20, 0x20, 0x72, 0x3f, 0x00, 0x00, 0x00, 0x72, 0xcc, 0x00, 0x00, 0x00, 0xda, 0x19, 0x53, 0x74,
    0x72, 0x65, 0x61, 0x6d, 0x52, 0x65, 0x63, 0x6f, 0x64, 0x65, 0x72, 0x2e, 0x5f, 0x5f, 0x67, 0x65,
    0x74, 0x61, 0x74, 0x74, 0x72, 0x5f, 0x5f, 0x64, 0x03, 0x00, 0x00, 0x72, 0xce, 0x00, 0x00, 0x00,
    0x72, 0x41, 0x00, 0x00, 0x00, 0x63, 0x01, 0x00, 0x00, 0x00, 0x00, 0x00, 0x00, 0x00, 0x00, 0x00,
    0x00, 0x00, 0x01, 0x00, 0x00, 0x00, 0x03, 0x00, 0x00, 0x00, 0xf3, 0x06, 0x00, 0x00, 0x00, 0x95,
    0x00, 0x55, 0x00, 0x24, 0x00, 0x72, 0x35, 0x00, 0x00, 0x00, 0x72, 0x51, 0x00, 0x00, 0x00, 0x72,
    0x47, 0x00, 0x00, 0x00, 0x73, 0x01, 0x00, 0x00, 0x00, 0x20, 0x72, 0x3f, 0x00, 0x00, 0x00, 0x72,
    0xd0, 0x00, 0x00, 0x00, 0xda, 0x17, 0x53, 0x74, 0x72, 0x65, 0x61, 0x6d, 0x52, 0x65, 0x63, 0x6f,
    0x64, 0x65, 0x72, 0x2e, 0x5f, 0x5f, 0x65, 0x6e, 0x74, 0x65, 0x72, 0x5f, 0x5f, 0x6b, 0x03, 0x00,
    0x00, 0x72, 0xd2, 0x00, 0x00, 0x00, 0x72, 0x41, 0x00, 0x00, 0x00, 0x63, 0x04, 0x00, 0x00, 0x00,
    0x00, 0x00, 0x00, 0x00, 0x00, 0x00, 0x00, 0x00, 0x02, 0x00, 0x00, 0x00, 0x03, 0x00, 0x00, 0x00,
    0xf3, 0x38, 0x00, 0x00, 0x00, 0x95, 0x00, 0x55, 0x00, 0x52, 0x00, 0x00, 0x00, 0x00, 0x00, 0x00,
    0x00, 0x00, 0x00, 0x00, 0x00, 0x00, 0x00, 0x00, 0x00, 0x00, 0x00, 0x00, 0x00, 0x52, 0x03, 0x00,
    0x00, 0x00, 0x00, 0x00, 0x00, 0x00, 0x00, 0x00, 0x00, 0x00, 0x00, 0x00, 0x00, 0x00, 0x00, 0x00,
    0x00, 0x35, 0x00, 0x00, 0x00, 0x00, 0x00, 0x00, 0x00, 0x20, 0x00, 0x67, 0x00, 0x72, 0x35, 0x00,
    0x00, 0x00, 0x72, 0xd4, 0x00, 0x00, 0x00, 0x72, 0xd6, 0x00, 0x00, 0x00, 0x73, 0x04, 0x00, 0x00,
    0x00, 0x20, 0x20, 0x20, 0x20, 0x72, 0x3f, 0x00, 0x00, 0x00, 0x72, 0xda, 0x00, 0x00, 0x00, 0xda,
    0x16, 0x53, 0x74, 0x72, 0x65, 0x61, 0x6d, 0x52, 0x65, 0x63, 0x6f, 0x64, 0x65, 0x72, 0x2e, 0x5f,
    0x5f, 0x65, 0x78, 0x69, 0x74, 0x5f, 0x5f, 0x6e, 0x03, 0x00, 0x00, 0x72, 0xdc, 0x00, 0x00, 0x00,
    0x72, 0x41, 0x00, 0x00, 0x00, 0x63, 0x02, 0x00, 0x00, 0x00, 0x00, 0x00, 0x00, 0x00, 0x00, 0x00,
    0x00, 0x00, 0x04, 0x00, 0x00, 0x00, 0x03, 0x00, 0x00, 0x00, 0xf3, 0x46, 0x00, 0x00, 0x00, 0x95,
    0x00, 0x5b, 0x01, 0x00, 0x00, 0x00, 0x00, 0x00, 0x00, 0x00, 0x00, 0x53, 0x01, 0x55, 0x00, 0x52,
    0x02, 0x00, 0x00, 0x00, 0x00, 0x00, 0x00, 0x00, 0x00, 0x00, 0x00, 0x00, 0x00, 0x00, 0x00, 0x00,
    0x00, 0x00, 0x00, 0x52, 0x04, 0x00, 0x00, 0x00, 0x00, 0x00, 0x00, 0x00, 0x00, 0x00, 0x00, 0x00,
    0x00, 0x00, 0x00, 0x00, 0x00, 0x00, 0x00, 0x2d, 0x06, 0x00, 0x00, 0x35, 0x01, 0x00, 0x00, 0x00,
    0x00, 0x00, 0x00, 0x65, 0x01, 0x72, 0xde, 0x00, 0x00, 0x00, 0x72, 0xdf, 0x00, 0x00, 0x00, 0x72,
    0xe1, 0x00, 0x00, 0x00, 0x73, 0x02, 0x00, 0x00, 0x00, 0x20, 0x20, 0x72, 0x3f, 0x00, 0x00, 0x00,
    0x72, 0xe3, 0x00, 0x00, 0x00, 0xda, 0x1b, 0x53, 0x74, 0x72, 0x65, 0x61, 0x6d, 0x52, 0x65, 0x63,
    0x6f, 0x64, 0x65, 0x72, 0x2e, 0x5f, 0x5f, 0x72, 0x65, 0x64, 0x75, 0x63, 0x65, 0x5f, 0x65, 0x78,
    0x5f, 0x5f, 0x71, 0x03, 0x00, 0x00, 0x72, 0xe5, 0x00, 0x00, 0x00, 0x72, 0x41, 0x00, 0x00, 0x00,
    0x29, 0x06, 0x72, 0x25, 0x00, 0x00, 0x00, 0x72, 0x24, 0x00, 0x00, 0x00, 0x72, 0x59, 0x00, 0x00,
    0x00, 0x72, 0x2f, 0x01, 0x00, 0x00, 0x72, 0xb1, 0x00, 0x00, 0x00, 0x72, 0x30, 0x01, 0x00, 0x00,
    0x72, 0x5d, 0x00, 0x00, 0x00, 0x72, 0x51, 0x01, 0x00, 0x00, 0x72, 0x35, 0x00, 0x00, 0x00, 0x72,
    0xe6, 0x00, 0x00, 0x00, 0x29, 0x17, 0x72, 0x4d, 0x00, 0x00, 0x00, 0x72, 0x44, 0x00, 0x00, 0x00,
    0x72, 0x45, 0x00, 0x00, 0x00, 0x72, 0x4e, 0x00, 0x00, 0x00, 0x72, 0x4f, 0x00, 0x00, 0x00, 0xda,
    0x0d, 0x64, 0x61, 0x74, 0x61, 0x5f, 0x65, 0x6e, 0x63, 0x6f, 0x64, 0x69, 0x6e, 0x67, 0xda, 0x0d,
    0x66, 0x69, 0x6c, 0x65, 0x5f, 0x65, 0x6e, 0x63, 0x6f, 0x64, 0x69, 0x6e, 0x67, 0x72, 0x65, 0x00,
    0x00, 0x00, 0x72, 0xf6, 0x00, 0x00, 0x00, 0x72, 0x11, 0x01, 0x00, 0x00, 0x72, 0x15, 0x01, 0x00,
    0x00, 0x72, 0x1e, 0x01, 0x00, 0x00, 0x72, 0x21, 0x01, 0x00, 0x00, 0x72, 0xb5, 0x00, 0x00, 0x00,
    0x72, 0xbc, 0x00, 0x00, 0x00, 0x72, 0x6d, 0x00, 0x00, 0x00, 0x72, 0xc2, 0x00, 0x00, 0x00, 0x72,
    0xcb, 0x00, 0x00, 0x00, 0x72, 0xcc, 0x00, 0x00, 0x00, 0x72, 0xd0, 0x00, 0x00, 0x00, 0x72, 0xda,
    0x00, 0x00, 0x00, 0x72, 0xe3, 0x00, 0x00, 0x00, 0x72, 0x50, 0x00, 0x00, 0x00, 0x72, 0x51, 0x00,
    0x00, 0x00, 0x72, 0x41, 0x00, 0x00, 0x00, 0x72, 0x3f, 0x00, 0x00, 0x00, 0x72, 0x1d, 0x00, 0x00,
    0x00, 0x72, 0x1d, 0x00, 0x00, 0x00, 0xff, 0x02, 0x00, 0x00, 0x73, 0x64, 0x00, 0x00, 0x00, 0x86,
    0x00, 0xf1, 0x04, 0x0d, 0x05, 0x08, 0xf0, 0x1e, 0x00, 0x15, 0x1e, 0x80, 0x4d, 0xd8, 0x14, 0x1d,
    0x80, 0x4d, 0xf0, 0x06, 0x00, 0x19, 0x21, 0xf4, 0x03, 0x1a, 0x05, 0x1d, 0xf4, 0x38, 0x04, 0x05,
    0x14, 0xf4, 0x0c, 0x07, 0x05, 0x14, 0xf4, 0x12, 0x04, 0x05, 0x2e, 0xf2, 0x0c, 0x05, 0x05, 0x14,
    0xf2, 0x0e, 0x01, 0x05, 0x14, 0xf2, 0x06, 0x03, 0x05, 0x27, 0xf2, 0x0a, 0x04, 0x05, 0x27, 0xf2,
    0x0c, 0x03, 0x05, 0x1c, 0xf4, 0x0a, 0x04, 0x05, 0x29, 0xf0, 0x0e, 0x00, 0x1d, 0x24, 0xf4, 0x03,
    0x05, 0x05, 0x2a, 0xf2, 0x0e, 0x01, 0x05, 0x14, 0xf2, 0x06, 0x01, 0x05, 0x1c, 0xf5, 0x06, 0x01,
    0x05, 0x48, 0x01, 0x72, 0x41, 0x00, 0x00, 0x00, 0x72, 0x1d, 0x00, 0x00, 0x00, 0x72, 0x5e, 0x00,
    0x00, 0x00, 0x63, 0x05, 0x00, 0x00, 0x00, 0x00, 0x00, 0x00, 0x00, 0x00, 0x00, 0x00, 0x00, 0x06,
    0x00, 0x00, 0x00, 0x03, 0x00, 0x00, 0x00, 0xf3, 0xec, 0x00, 0x00, 0x00, 0x95, 0x00, 0x55, 0x02,
    0x62, 0x0b, 0x00, 0x00, 0x53, 0x01, 0x55, 0x01, 0x3b, 0x01, 0x00, 0x00, 0x61, 0x05, 0x00, 0x00,
    0x55, 0x01, 0x53, 0x01, 0x2d, 0x00, 0x00, 0x00, 0x6e, 0x01, 0x5b, 0x00, 0x00, 0x00, 0x00, 0x00,
    0x00, 0x00, 0x00, 0x00, 0x52, 0x02, 0x00, 0x00, 0x00, 0x00, 0x00, 0x00, 0x00, 0x00, 0x00, 0x00,
    0x00, 0x00, 0x00, 0x00, 0x00, 0x00, 0x00, 0x00, 0x22, 0x00, 0x58, 0x01, 0x55, 0x04, 0x35, 0x03,
    0x00, 0x00, 0x00, 0x00, 0x00, 0x00, 0x6e, 0x05, 0x55, 0x02, 0x63, 0x02, 0x00, 0x00, 0x55, 0x05,
    0x24, 0x00, 0x1e, 0x00, 0x5b, 0x05, 0x00, 0x00, 0x00, 0x00, 0x00, 0x00, 0x00, 0x00, 0x55, 0x02,
    0x35, 0x01, 0x00, 0x00, 0x00, 0x00, 0x00, 0x00, 0x6e, 0x06, 0x5b, 0x07, 0x00, 0x00, 0x00, 0x00,
    0x00, 0x00, 0x00, 0x00, 0x58, 0x56, 0x52, 0x08, 0x00, 0x00, 0x00, 0x00, 0x00, 0x00, 0x00, 0x00,
    0x00, 0x00, 0x00, 0x00, 0x00, 0x00, 0x00, 0x00, 0x00, 0x00, 0x55, 0x06, 0x52, 0x0a, 0x00, 0x00,
    0x00, 0x00, 0x00, 0x00, 0x00, 0x00, 0x00, 0x00, 0x00, 0x00, 0x00, 0x00, 0x00, 0x00, 0x00, 0x00,
    0x55, 0x03, 0x35, 0x04, 0x00, 0x00, 0x00, 0x00, 0x00, 0x00, 0x6e, 0x07, 0x58, 0x27, 0x6c, 0x06,
    0x00, 0x00, 0x00, 0x00, 0x00, 0x00, 0x00, 0x00, 0x55, 0x07, 0x24, 0x00, 0x21, 0x00, 0x20, 0x00,
    0x55, 0x05, 0x52, 0x0f, 0x00, 0x00, 0x00, 0x00, 0x00, 0x00, 0x00, 0x00, 0x00, 0x00, 0x00, 0x00,
    0x00, 0x00, 0x00, 0x00, 0x00, 0x00, 0x35, 0x00, 0x00, 0x00, 0x00, 0x00, 0x00, 0x00, 0x20, 0x00,
    0x65, 0x00, 0x3d, 0x03, 0x1f, 0x00, 0x66, 0x01, 0x29, 0x02, 0x61, 0xf6, 0x03, 0x00, 0x00, 0x4f,
    0x70, 0x65, 0x6e, 0x20, 0x61, 0x6e, 0x20, 0x65, 0x6e, 0x63, 0x6f, 0x64, 0x65, 0x64, 0x20, 0x66,
    0x69, 0x6c, 0x65, 0x20, 0x75, 0x73, 0x69, 0x6e, 0x67, 0x20, 0x74, 0x68, 0x65, 0x20, 0x67, 0x69,
    0x76, 0x65, 0x6e, 0x20, 0x6d, 0x6f, 0x64, 0x65, 0x20, 0x61, 0x6e, 0x64, 0x20, 0x72, 0x65, 0x74,
    0x75, 0x72, 0x6e, 0x0a, 0x61, 0x20, 0x77, 0x72, 0x61, 0x70, 0x70, 0x65, 0x64, 0x20, 0x76, 0x65,
    0x72, 0x73, 0x69, 0x6f, 0x6e, 0x20, 0x70, 0x72, 0x6f, 0x76, 0x69, 0x64, 0x69, 0x6e, 0x67, 0x20,
    0x74, 0x72, 0x61, 0x6e, 0x73, 0x70, 0x61, 0x72, 0x65, 0x6e, 0x74, 0x20, 0x65, 0x6e, 0x63, 0x6f,
    0x64, 0x69, 0x6e, 0x67, 0x2f, 0x64, 0x65, 0x63, 0x6f, 0x64, 0x69, 0x6e, 0x67, 0x2e, 0x0a, 0x0a,
    0x4e, 0x6f, 0x74, 0x65, 0x3a, 0x20, 0x54, 0x68, 0x65, 0x20, 0x77, 0x72, 0x61, 0x70, 0x70, 0x65,
    0x64, 0x20, 0x76, 0x65, 0x72, 0x73, 0x69, 0x6f, 0x6e, 0x20, 0x77, 0x69, 0x6c, 0x6c, 0x20, 0x6f,
    0x6e, 0x6c, 0x79, 0x20, 0x61, 0x63, 0x63, 0x65, 0x70, 0x74, 0x20, 0x74, 0x68, 0x65, 0x20, 0x6f,
    0x62, 0x6a, 0x65, 0x63, 0x74, 0x20, 0x66, 0x6f, 0x72, 0x6d, 0x61, 0x74, 0x0a, 0x64, 0x65, 0x66,
    0x69, 0x6e, 0x65, 0x64, 0x20, 0x62, 0x79, 0x20, 0x74, 0x68, 0x65, 0x20, 0x63, 0x6f, 0x64, 0x65,
    0x63, 0x73, 0x2c, 0x20, 0x69, 0x2e, 0x65, 0x2e, 0x20, 0x55, 0x6e, 0x69, 0x63, 0x6f, 0x64, 0x65,
    0x20, 0x6f, 0x62, 0x6a, 0x65, 0x63, 0x74, 0x73, 0x20, 0x66, 0x6f, 0x72, 0x20, 0x6d, 0x6f, 0x73,
    0x74, 0x20, 0x62, 0x75, 0x69, 0x6c, 0x74, 0x69, 0x6e, 0x0a, 0x63, 0x6f, 0x64, 0x65, 0x63, 0x73,
    0x2e, 0x20, 0x4f, 0x75, 0x74, 0x70, 0x75, 0x74, 0x20, 0x69, 0x73, 0x20, 0x61, 0x6c, 0x73, 0x6f,
    0x20, 0x63, 0x6f, 0x64, 0x65, 0x63, 0x20, 0x64, 0x65, 0x70, 0x65, 0x6e, 0x64, 0x65, 0x6e, 0x74,
    0x20, 0x61, 0x6e, 0x64, 0x20, 0x77, 0x69, 0x6c, 0x6c, 0x20, 0x75, 0x73, 0x75, 0x61, 0x6c, 0x6c,
    0x79, 0x20, 0x62, 0x65, 0x0a, 0x55, 0x6e, 0x69, 0x63, 0x6f, 0x64, 0x65, 0x20, 0x61, 0x73, 0x20,
    0x77, 0x65, 0x6c, 0x6c, 0x2e, 0x0a, 0x0a, 0x49, 0x66, 0x20, 0x65, 0x6e, 0x63, 0x6f, 0x64, 0x69,
    0x6e, 0x67, 0x20, 0x69, 0x73, 0x20, 0x6e, 0x6f, 0x74, 0x20, 0x4e, 0x6f, 0x6e, 0x65, 0x2c, 0x20,
    0x74, 0x68, 0x65, 0x6e, 0x20, 0x74, 0x68, 0x65, 0x0a, 0x75, 0x6e, 0x64, 0x65, 0x72, 0x6c, 0x79,
    0x69, 0x6e, 0x67, 0x20, 0x65, 0x6e, 0x63, 0x6f, 0x64, 0x65, 0x64, 0x20, 0x66, 0x69, 0x6c, 0x65,
    0x73, 0x20, 0x61, 0x72, 0x65, 0x20, 0x61, 0x6c, 0x77, 0x61, 0x79, 0x73, 0x20, 0x6f, 0x70, 0x65,
    0x6e, 0x65, 0x64, 0x20, 0x69, 0x6e, 0x20, 0x62, 0x69, 0x6e, 0x61, 0x72, 0x79, 0x20, 0x6d, 0x6f,
    0x64, 0x65, 0x2e, 0x0a, 0x54, 0x68, 0x65, 0x20, 0x64, 0x65, 0x66, 0x61, 0x75, 0x6c, 0x74, 0x20,
    0x66, 0x69, 0x6c, 0x65, 0x20, 0x6d, 0x6f, 0x64, 0x65, 0x20, 0x69, 0x73, 0x20, 0x27, 0x72, 0x27,
    0x2c, 0x20, 0x6d, 0x65, 0x61, 0x6e, 0x69, 0x6e, 0x67, 0x20, 0x74, 0x6f, 0x20, 0x6f, 0x70, 0x65,
    0x6e, 0x20, 0x74, 0x68, 0x65, 0x20, 0x66, 0x69, 0x6c, 0x65, 0x20, 0x69, 0x6e, 0x20, 0x72, 0x65,
    0x61, 0x64, 0x20, 0x6d, 0x6f, 0x64, 0x65, 0x2e, 0x0a, 0x0a, 0x65, 0x6e, 0x63, 0x6f, 0x64, 0x69,
    0x6e, 0x67, 0x20, 0x73, 0x70, 0x65, 0x63, 0x69, 0x66, 0x69, 0x65, 0x73, 0x20, 0x74, 0x68, 0x65,
    0x20, 0x65, 0x6e, 0x63, 0x6f, 0x64, 0x69, 0x6e, 0x67, 0x20, 0x77, 0x68, 0x69, 0x63, 0x68, 0x20,
    0x69, 0x73, 0x20, 0x74, 0x6f, 0x20, 0x62, 0x65, 0x20, 0x75, 0x73, 0x65, 0x64, 0x20, 0x66, 0x6f,
    0x72, 0x20, 0x74, 0x68, 0x65, 0x0a, 0x66, 0x69, 0x6c, 0x65, 0x2e, 0x0a, 0x0a, 0x65, 0x72, 0x72,
    0x6f, 0x72, 0x73, 0x20, 0x6d, 0x61, 0x79, 0x20, 0x62, 0x65, 0x20, 0x67, 0x69, 0x76, 0x65, 0x6e,
    0x20, 0x74, 0x6f, 0x20, 0x64, 0x65, 0x66, 0x69, 0x6e, 0x65, 0x20, 0x74, 0x68, 0x65, 0x20, 0x65,
    0x72, 0x72, 0x6f, 0x72, 0x20, 0x68, 0x61, 0x6e, 0x64, 0x6c, 0x69, 0x6e, 0x67, 0x2e, 0x20, 0x49,
    0x74, 0x20, 0x64, 0x65, 0x66, 0x61, 0x75, 0x6c, 0x74, 0x73, 0x0a, 0x74, 0x6f, 0x20, 0x27, 0x73,
    0x74, 0x72, 0x69, 0x63, 0x74, 0x27, 0x20, 0x77, 0x68, 0x69, 0x63, 0x68, 0x20, 0x63, 0x61, 0x75,
    0x73, 0x65, 0x73, 0x20, 0x56, 0x61, 0x6c, 0x75, 0x65, 0x45, 0x72, 0x72, 0x6f, 0x72, 0x73, 0x20,
    0x74, 0x6f, 0x20, 0x62, 0x65, 0x20, 0x72, 0x61, 0x69, 0x73, 0x65, 0x64, 0x20, 0x69, 0x6e, 0x20,
    0x63, 0x61, 0x73, 0x65, 0x20, 0x61, 0x6e, 0x0a, 0x65, 0x6e, 0x63, 0x6f, 0x64, 0x69, 0x6e, 0x67,
    0x20, 0x65, 0x72, 0x72, 0x6f, 0x72, 0x20, 0x6f, 0x63, 0x63, 0x75, 0x72, 0x73, 0x2e, 0x0a, 0x0a,
    0x62, 0x75, 0x66, 0x66, 0x65, 0x72, 0x69, 0x6e, 0x67, 0x20, 0x68, 0x61, 0x73, 0x20, 0x74, 0x68,
    0x65, 0x20, 0x73, 0x61, 0x6d, 0x65, 0x20, 0x6d, 0x65, 0x61, 0x6e, 0x69, 0x6e, 0x67, 0x20, 0x61,
    0x73, 0x20, 0x66, 0x6f, 0x72, 0x20, 0x74, 0x68, 0x65, 0x20, 0x62, 0x75, 0x69, 0x6c, 0x74, 0x69,
    0x6e, 0x20, 0x6f, 0x70, 0x65, 0x6e, 0x28, 0x29, 0x20, 0x41, 0x50, 0x49, 0x2e, 0x0a, 0x49, 0x74,
    0x20, 0x64, 0x65, 0x66, 0x61, 0x75, 0x6c, 0x74, 0x73, 0x20, 0x74, 0x6f, 0x20, 0x2d, 0x31, 0x20,
    0x77, 0x68, 0x69, 0x63, 0x68, 0x20, 0x6d, 0x65, 0x61, 0x6e, 0x73, 0x20, 0x74, 0x68, 0x61, 0x74,
    0x20, 0x74, 0x68, 0x65, 0x20, 0x64, 0x65, 0x66, 0x61, 0x75, 0x6c, 0x74, 0x20, 0x62, 0x75, 0x66,
    0x66, 0x65, 0x72, 0x20, 0x73, 0x69, 0x7a, 0x65, 0x20, 0x77, 0x69, 0x6c, 0x6c, 0x0a, 0x62, 0x65,
    0x20, 0x75, 0x73, 0x65, 0x64, 0x2e, 0x0a, 0x0a, 0x54, 0x68, 0x65, 0x20, 0x72, 0x65, 0x74, 0x75,
    0x72, 0x6e, 0x65, 0x64, 0x20, 0x77, 0x72, 0x61, 0x70, 0x70, 0x65, 0x64, 0x20, 0x66, 0x69, 0x6c,
    0x65, 0x20, 0x6f, 0x62, 0x6a, 0x65, 0x63, 0x74, 0x20, 0x70, 0x72, 0x6f, 0x76, 0x69, 0x64, 0x65,
    0x73, 0x20, 0x61, 0x6e, 0x20, 0x65, 0x78, 0x74, 0x72, 0x61, 0x20, 0x61, 0x74, 0x74, 0x72, 0x69,
    0x62, 0x75, 0x74, 0x65, 0x0a, 0x2e, 0x65, 0x6e, 0x63, 0x6f, 0x64, 0x69, 0x6e, 0x67, 0x20, 0x77,
    0x68, 0x69, 0x63, 0x68, 0x20, 0x61, 0x6c, 0x6c, 0x6f, 0x77, 0x73, 0x20, 0x71, 0x75, 0x65, 0x72,
    0x79, 0x69, 0x6e, 0x67, 0x20, 0x74, 0x68, 0x65, 0x20, 0x75, 0x73, 0x65, 0x64, 0x20, 0x65, 0x6e,
    0x63, 0x6f, 0x64, 0x69, 0x6e, 0x67, 0x2e, 0x20, 0x54, 0x68, 0x69, 0x73, 0x0a, 0x61, 0x74, 0x74,
    0x72, 0x69, 0x62, 0x75, 0x74, 0x65, 0x20, 0x69, 0x73, 0x20, 0x6f, 0x6e, 0x6c, 0x79, 0x20, 0x61,
    0x76, 0x61, 0x69, 0x6c, 0x61, 0x62, 0x6c, 0x65, 0x20, 0x69, 0x66, 0x20, 0x61, 0x6e, 0x20, 0x65,
    0x6e, 0x63, 0x6f, 0x64, 0x69, 0x6e, 0x67, 0x20, 0x77, 0x61, 0x73, 0x20, 0x73, 0x70, 0x65, 0x63,
    0x69, 0x66, 0x69, 0x65, 0x64, 0x20, 0x61, 0x73, 0x0a, 0x70, 0x61, 0x72, 0x61, 0x6d, 0x65, 0x74,
    0x65, 0x72, 0x2e, 0x0a, 0x0a, 0xda, 0x01, 0x62, 0x29, 0x08, 0xda, 0x08, 0x62, 0x75, 0x69, 0x6c,
    0x74, 0x69, 0x6e, 0x73, 0x72, 0x06, 0x00, 0x00, 0x00, 0x72, 0x05, 0x00, 0x00, 0x00, 0x72, 0x1c,
    0x00, 0x00, 0x00, 0x72, 0x3c, 0x00, 0x00, 0x00, 0x72, 0x3b, 0x00, 0x00, 0x00, 0x72, 0x52, 0x01,
    0x00, 0x00, 0x72, 0xd5, 0x00, 0x00, 0x00, 0x29, 0x08, 0xda, 0x08, 0x66, 0x69, 0x6c, 0x65, 0x6e,
    0x61, 0x6d, 0x65, 0xda, 0x04, 0x6d, 0x6f, 0x64, 0x65, 0x72, 0x52, 0x01, 0x00, 0x00, 0x72, 0x59,
    0x00, 0x00, 0x00, 0xda, 0x09, 0x62, 0x75, 0x66, 0x66, 0x65, 0x72, 0x69, 0x6e, 0x67, 0xda, 0x04,
    0x66, 0x69, 0x6c, 0x65, 0xda, 0x04, 0x69, 0x6e, 0x66, 0x6f, 0xda, 0x03, 0x73, 0x72, 0x77, 0x73,
    0x08, 0x00, 0x00, 0x00, 0x20, 0x20, 0x20, 0x20, 0x20, 0x20, 0x20, 0x20, 0x72, 0x3f, 0x00, 0x00,
    0x00, 0x72, 0x06, 0x00, 0x00, 0x00, 0x72, 0x06, 0x00, 0x00, 0x00, 0x76, 0x03, 0x00, 0x00, 0x73,
    0x7b, 0x00, 0x00, 0x00, 0x80, 0x00, 0xf0, 0x3e, 0x00, 0x08, 0x10, 0xd1, 0x07, 0x1b, 0xd8, 0x07,
    0x0a, 0x90, 0x24, 0x83, 0x7f, 0xe0, 0x0f, 0x13, 0x90, 0x63, 0x89, 0x7a, 0x88, 0x04, 0xdc, 0x0b,
    0x13, 0x8f, 0x3d, 0x8a, 0x3d, 0x98, 0x18, 0xa8, 0x19, 0xd3, 0x0b, 0x33, 0x80, 0x44, 0xd8, 0x07,
    0x0f, 0xd1, 0x07, 0x17, 0xd8, 0x0f, 0x13, 0x88, 0x0b, 0xf0, 0x04, 0x08, 0x05, 0x0e, 0xdc, 0x0f,
    0x15, 0x90, 0x68, 0xd3, 0x0f, 0x1f, 0x88, 0x04, 0xdc, 0x0e, 0x20, 0xa0, 0x14, 0xd7, 0x27, 0x38,
    0xd1, 0x27, 0x38, 0xb8, 0x24, 0xd7, 0x3a, 0x4b, 0xd1, 0x3a, 0x4b, 0xc8, 0x56, 0xd3, 0x0e, 0x54,
    0x88, 0x03, 0xe0, 0x17, 0x1f, 0x8c, 0x0c, 0xd8, 0x0f, 0x12, 0x88, 0x0a, 0xf8, 0xf0, 0x02, 0x02,
    0x05, 0x0e, 0xd8, 0x08, 0x0c, 0x8f, 0x0a, 0x89, 0x0a, 0x8c, 0x0c, 0xd8, 0x08, 0x0d, 0xfa, 0x73,
    0x0b, 0x00, 0x00, 0x00, 0xac, 0x33, 0x41, 0x20, 0x00, 0xc1, 0x20, 0x13, 0x41, 0x33, 0x03, 0x63,
    0x04, 0x00, 0x00, 0x00, 0x00, 0x00, 0x00, 0x00, 0x00, 0x00, 0x00, 0x00, 0x08, 0x00, 0x00, 0x00,
    0x03, 0x00, 0x00, 0x00, 0xf3, 0xc2, 0x00, 0x00, 0x00, 0x95, 0x00, 0x55, 0x02, 0x63, 0x02, 0x00,
    0x00, 0x55, 0x01, 0x6e, 0x02, 0x5b, 0x01, 0x00, 0x00, 0x00, 0x00, 0x00, 0x00, 0x00, 0x00, 0x55,
    0x01, 0x35, 0x01, 0x00, 0x00, 0x00, 0x00, 0x00, 0x00, 0x6e, 0x04, 0x5b, 0x01, 0x00, 0x00, 0x00,
    0x00, 0x00, 0x00, 0x00, 0x00, 0x55, 0x02, 0x35, 0x01, 0x00, 0x00, 0x00, 0x00, 0x00, 0x00, 0x6e,
    0x05, 0x5b, 0x03, 0x00, 0x00, 0x00, 0x00, 0x00, 0x00, 0x00, 0x00, 0x58, 0x04, 0x52, 0x04, 0x00,
    0x00, 0x00, 0x00, 0x00, 0x00, 0x00, 0x00, 0x00, 0x00, 0x00, 0x00, 0x00, 0x00, 0x00, 0x00, 0x00,
    0x00, 0x55, 0x04, 0x52, 0x06, 0x00, 0x00, 0x00, 0x00, 0x00, 0x00, 0x00, 0x00, 0x00, 0x00, 0x00,
    0x00, 0x00, 0x00, 0x00, 0x00, 0x00, 0x00, 0x55, 0x05, 0x52, 0x08, 0x00, 0x00, 0x00, 0x00, 0x00,
    0x00, 0x00, 0x00, 0x00, 0x00, 0x00, 0x00, 0x00, 0x00, 0x00, 0x00, 0x00, 0x00, 0x55, 0x05, 0x52,
    0x0a, 0x00, 0x00, 0x00, 0x00, 0x00, 0x00, 0x00, 0x00, 0x00, 0x00, 0x00, 0x00, 0x00, 0x00, 0x00,
    0x00, 0x00, 0x00, 0x55, 0x03, 0x35, 0x06, 0x00, 0x00, 0x00, 0x00, 0x00, 0x00, 0x6e, 0x06, 0x58,
    0x16, 0x6c, 0x06, 0x00, 0x00, 0x00, 0x00, 0x00, 0x00, 0x00, 0x00, 0x58, 0x26, 0x6c, 0x07, 0x00,
    0x00, 0x00, 0x00, 0x00, 0x00, 0x00, 0x00, 0x55, 0x06, 0x24, 0x00, 0x29, 0x01, 0x61, 0x5d, 0x03,
    0x00, 0x00, 0x52, 0x65, 0x74, 0x75, 0x72, 0x6e, 0x20, 0x61, 0x20, 0x77, 0x72, 0x61, 0x70, 0x70,
    0x65, 0x64, 0x20, 0x76, 0x65, 0x72, 0x73, 0x69, 0x6f, 0x6e, 0x20, 0x6f, 0x66, 0x20, 0x66, 0x69,
    0x6c, 0x65, 0x20, 0x77, 0x68, 0x69, 0x63, 0x68, 0x20, 0x70, 0x72, 0x6f, 0x76, 0x69, 0x64, 0x65,
    0x73, 0x20, 0x74, 0x72, 0x61, 0x6e, 0x73, 0x70, 0x61, 0x72, 0x65, 0x6e, 0x74, 0x0a, 0x65, 0x6e,
    0x63, 0x6f, 0x64, 0x69, 0x6e, 0x67, 0x20, 0x74, 0x72, 0x61, 0x6e, 0x73, 0x6c, 0x61, 0x74, 0x69,
    0x6f, 0x6e, 0x2e, 0x0a, 0x0a, 0x44, 0x61, 0x74, 0x61, 0x20, 0x77, 0x72, 0x69, 0x74, 0x74, 0x65,
    0x6e, 0x20, 0x74, 0x6f, 0x20, 0x74, 0x68, 0x65, 0x20, 0x77, 0x72, 0x61, 0x70, 0x70, 0x65, 0x64,
    0x20, 0x66, 0x69, 0x6c, 0x65, 0x20, 0x69, 0x73, 0x20, 0x64, 0x65, 0x63, 0x6f, 0x64, 0x65, 0x64,
    0x20, 0x61, 0x63, 0x63, 0x6f, 0x72, 0x64, 0x69, 0x6e, 0x67, 0x0a, 0x74, 0x6f, 0x20, 0x74, 0x68,
    0x65, 0x20, 0x67, 0x69, 0x76, 0x65, 0x6e, 0x20, 0x64, 0x61, 0x74, 0x61, 0x5f, 0x65, 0x6e, 0x63,
    0x6f, 0x64, 0x69, 0x6e, 0x67, 0x20, 0x61, 0x6e, 0x64, 0x20, 0x74, 0x68, 0x65, 0x6e, 0x20, 0x65,
    0x6e, 0x63, 0x6f, 0x64, 0x65, 0x64, 0x20, 0x74, 0x6f, 0x20, 0x74, 0x68, 0x65, 0x20, 0x75, 0x6e,
    0x64, 0x65, 0x72, 0x6c, 0x79, 0x69, 0x6e, 0x67, 0x0a, 0x66, 0x69, 0x6c, 0x65, 0x20, 0x75, 0x73,
    0x69, 0x6e, 0x67, 0x20, 0x66, 0x69, 0x6c, 0x65, 0x5f, 0x65, 0x6e, 0x63, 0x6f, 0x64, 0x69, 0x6e,
    0x67, 0x2e, 0x20, 0x54, 0x68, 0x65, 0x20, 0x69, 0x6e, 0x74, 0x65, 0x72, 0x6d, 0x65, 0x64, 0x69,
    0x61, 0x74, 0x65, 0x20, 0x64, 0x61, 0x74, 0x61, 0x20, 0x74, 0x79, 0x70, 0x65, 0x0a, 0x77, 0x69,
    0x6c, 0x6c, 0x20, 0x75, 0x73, 0x75, 0x61, 0x6c, 0x6c, 0x79, 0x20, 0x62, 0x65, 0x20, 0x55, 0x6e,
    0x69, 0x63, 0x6f, 0x64, 0x65, 0x20, 0x62, 0x75, 0x74, 0x20, 0x64, 0x65, 0x70, 0x65, 0x6e, 0x64,
    0x73, 0x20, 0x6f, 0x6e, 0x20, 0x74, 0x68, 0x65, 0x20, 0x73, 0x70, 0x65, 0x63, 0x69, 0x66, 0x69,
    0x65, 0x64, 0x20, 0x63, 0x6f, 0x64, 0x65, 0x63, 0x73, 0x2e, 0x0a, 0x0a, 0x42, 0x79, 0x74, 0x65,
    0x73, 0x20, 0x72, 0x65, 0x61, 0x64, 0x20, 0x66, 0x72, 0x6f, 0x6d, 0x20, 0x74, 0x68, 0x65, 0x20,
    0x66, 0x69, 0x6c, 0x65, 0x20, 0x61, 0x72, 0x65, 0x20, 0x64, 0x65, 0x63, 0x6f, 0x64, 0x65, 0x64,
    0x20, 0x75, 0x73, 0x69, 0x6e, 0x67, 0x20, 0x66, 0x69, 0x6c, 0x65, 0x5f, 0x65, 0x6e, 0x63, 0x6f,
    0x64, 0x69, 0x6e, 0x67, 0x20, 0x61, 0x6e, 0x64, 0x20, 0x74, 0x68, 0x65, 0x6e, 0x0a, 0x70, 0x61,
    0x73, 0x73, 0x65, 0x64, 0x20, 0x62, 0x61, 0x63, 0x6b, 0x20, 0x74, 0x6f, 0x20, 0x74, 0x68, 0x65,
    0x20, 0x63, 0x61, 0x6c, 0x6c, 0x65, 0x72, 0x20, 0x65, 0x6e, 0x63, 0x6f, 0x64, 0x65, 0x64, 0x20,
    0x75, 0x73, 0x69, 0x6e, 0x67, 0x20, 0x64, 0x61, 0x74, 0x61, 0x5f, 0x65, 0x6e, 0x63, 0x6f, 0x64,
    0x69, 0x6e, 0x67, 0x2e, 0x0a, 0x0a, 0x49, 0x66, 0x20, 0x66, 0x69, 0x6c, 0x65, 0x5f, 0x65, 0x6e,
    0x63, 0x6f, 0x64, 0x69, 0x6e, 0x67, 0x20, 0x69, 0x73, 0x20, 0x6e, 0x6f, 0x74, 0x20, 0x67, 0x69,
    0x76, 0x65, 0x6e, 0x2c, 0x20, 0x69, 0x74, 0x20, 0x64, 0x65, 0x66, 0x61, 0x75, 0x6c, 0x74, 0x73,
    0x20, 0x74, 0x6f, 0x20, 0x64, 0x61, 0x74, 0x61, 0x5f, 0x65, 0x6e, 0x63, 0x6f, 0x64, 0x69, 0x6e,
    0x67, 0x2e, 0x0a, 0x0a, 0x65, 0x72, 0x72, 0x6f, 0x72, 0x73, 0x20, 0x6d, 0x61, 0x79, 0x20, 0x62,
    0x65, 0x20, 0x67, 0x69, 0x76, 0x65, 0x6e, 0x20, 0x74, 0x6f, 0x20, 0x64, 0x65, 0x66, 0x69, 0x6e,
    0x65, 0x20, 0x74, 0x68, 0x65, 0x20, 0x65, 0x72, 0x72, 0x6f, 0x72, 0x20, 0x68, 0x61, 0x6e, 0x64,
    0x6c, 0x69, 0x6e, 0x67, 0x2e, 0x20, 0x49, 0x74, 0x20, 0x64, 0x65, 0x66, 0x61, 0x75, 0x6c, 0x74,
    0x73, 0x0a, 0x74, 0x6f, 0x20, 0x27, 0x73, 0x74, 0x72, 0x69, 0x63, 0x74, 0x27, 0x20, 0x77, 0x68,
    0x69, 0x63, 0x68, 0x20, 0x63, 0x61, 0x75, 0x73, 0x65, 0x73, 0x20, 0x56, 0x61, 0x6c, 0x75, 0x65,
    0x45, 0x72, 0x72, 0x6f, 0x72, 0x73, 0x20, 0x74, 0x6f, 0x20, 0x62, 0x65, 0x20, 0x72, 0x61, 0x69,
    0x73, 0x65, 0x64, 0x20, 0x69, 0x6e, 0x20, 0x63, 0x61, 0x73, 0x65, 0x20, 0x61, 0x6e, 0x0a, 0x65,
    0x6e, 0x63, 0x6f, 0x64, 0x69, 0x6e, 0x67, 0x20, 0x65, 0x72, 0x72, 0x6f, 0x72, 0x20, 0x6f, 0x63,
    0x63, 0x75, 0x72, 0x73, 0x2e, 0x0a, 0x0a, 0x54, 0x68, 0x65, 0x20, 0x72, 0x65, 0x74, 0x75, 0x72,
    0x6e, 0x65, 0x64, 0x20, 0x77, 0x72, 0x61, 0x70, 0x70, 0x65, 0x64, 0x20, 0x66, 0x69, 0x6c, 0x65,
    0x20, 0x6f, 0x62, 0x6a, 0x65, 0x63, 0x74, 0x20, 0x70, 0x72, 0x6f, 0x76, 0x69, 0x64, 0x65, 0x73,
    0x20, 0x74, 0x77, 0x6f, 0x20, 0x65, 0x78, 0x74, 0x72, 0x61, 0x20, 0x61, 0x74, 0x74, 0x72, 0x69,
    0x62, 0x75, 0x74, 0x65, 0x73, 0x0a, 0x2e, 0x64, 0x61, 0x74, 0x61, 0x5f, 0x65, 0x6e, 0x63, 0x6f,
    0x64, 0x69, 0x6e, 0x67, 0x20, 0x61, 0x6e, 0x64, 0x20, 0x2e, 0x66, 0x69, 0x6c, 0x65, 0x5f, 0x65,
    0x6e, 0x63, 0x6f, 0x64, 0x69, 0x6e, 0x67, 0x20, 0x77, 0x68, 0x69, 0x63, 0x68, 0x20, 0x72, 0x65,
    0x66, 0x6c, 0x65, 0x63, 0x74, 0x20, 0x74, 0x68, 0x65, 0x20, 0x67, 0x69, 0x76, 0x65, 0x6e, 0x0a,
    0x70, 0x61, 0x72, 0x61, 0x6d, 0x65, 0x74, 0x65, 0x72, 0x73, 0x20, 0x6f, 0x66, 0x20, 0x74, 0x68,
    0x65, 0x20, 0x73, 0x61, 0x6d, 0x65, 0x20, 0x6e, 0x61, 0x6d, 0x65, 0x2e, 0x20, 0x54, 0x68, 0x65,
    0x20, 0x61, 0x74, 0x74, 0x72, 0x69, 0x62, 0x75, 0x74, 0x65, 0x73, 0x20, 0x63, 0x61, 0x6e, 0x20,
    0x62, 0x65, 0x20, 0x75, 0x73, 0x65, 0x64, 0x20, 0x66, 0x6f, 0x72, 0x0a, 0x69, 0x6e, 0x74, 0x72,
    0x6f, 0x73, 0x70, 0x65, 0x63, 0x74, 0x69, 0x6f, 0x6e, 0x20, 0x62, 0x79, 0x20, 0x50, 0x79, 0x74,
    0x68, 0x6f, 0x6e, 0x20, 0x70, 0x72, 0x6f, 0x67, 0x72, 0x61, 0x6d, 0x73, 0x2e, 0x0a, 0x0a, 0x29,
    0x08, 0x72, 0x05, 0x00, 0x00, 0x00, 0x72, 0x1d, 0x00, 0x00, 0x00, 0x72, 0x24, 0x00, 0x00, 0x00,
    0x72, 0x25, 0x00, 0x00, 0x00, 0x72, 0x3c, 0x00, 0x00, 0x00, 0x72, 0x3b, 0x00, 0x00, 0x00, 0x72,
    0x73, 0x01, 0x00, 0x00, 0x72, 0x74, 0x01, 0x00, 0x00, 0x29, 0x07, 0x72, 0x7b, 0x01, 0x00, 0x00,
    0x72, 0x73, 0x01, 0x00, 0x00, 0x72, 0x74, 0x01, 0x00, 0x00, 0x72, 0x59, 0x00, 0x00, 0x00, 0xda,
    0x09, 0x64, 0x61, 0x74, 0x61, 0x5f, 0x69, 0x6e, 0x66, 0x6f, 0xda, 0x09, 0x66, 0x69, 0x6c, 0x65,
    0x5f, 0x69, 0x6e, 0x66, 0x6f, 0xda, 0x02, 0x73, 0x72, 0x73, 0x07, 0x00, 0x00, 0x00, 0x20, 0x20,
    0x20, 0x20, 0x20, 0x20, 0x20, 0x72, 0x3f, 0x00, 0x00, 0x00, 0x72, 0x07, 0x00, 0x00, 0x00, 0x72,
    0x07, 0x00, 0x00, 0x00, 0xa7, 0x03, 0x00, 0x00, 0x73, 0x64, 0x00, 0x00, 0x00, 0x80, 0x00, 0xf0,
    0x32, 0x00, 0x08, 0x15, 0xd1, 0x07, 0x1c, 0xd8, 0x18, 0x25, 0x88, 0x0d, 0xdc, 0x10, 0x16, 0x90,
    0x7d, 0xd3, 0x10, 0x25, 0x80, 0x49, 0xdc, 0x10, 0x16, 0x90, 0x7d, 0xd3, 0x10, 0x25, 0x80, 0x49,
    0xdc, 0x09, 0x16, 0x90, 0x74, 0xd7, 0x1d, 0x2d, 0xd1, 0x1d, 0x2d, 0xa8, 0x79, 0xd7, 0x2f, 0x3f,
    0xd1, 0x2f, 0x3f, 0xd8, 0x17, 0x20, 0xd7, 0x17, 0x2d, 0xd1, 0x17, 0x2d, 0xa8, 0x79, 0xd7, 0x2f,
    0x45, 0xd1, 0x2f, 0x45, 0xc0, 0x76, 0xf3, 0x03, 0x01, 0x0a, 0x4f, 0x01, 0x80, 0x42, 0xf0, 0x06,
    0x00, 0x18, 0x25, 0xd4, 0x04, 0x14, 0xd8, 0x17, 0x24, 0xd4, 0x04, 0x14, 0xd8, 0x0b, 0x0d, 0x80,
    0x49, 0x72, 0x41, 0x00, 0x00, 0x00, 0x63, 0x01, 0x00, 0x00, 0x00, 0x00, 0x00, 0x00, 0x00, 0x00,
    0x00, 0x00, 0x00, 0x03, 0x00, 0x00, 0x00, 0x03, 0x00, 0x00, 0x00, 0xf3, 0x2c, 0x00, 0x00, 0x00,
    0x95, 0x00, 0x5b, 0x01, 0x00, 0x00, 0x00, 0x00, 0x00, 0x00, 0x00, 0x00, 0x55, 0x00, 0x35, 0x01,
    0x00, 0x00, 0x00, 0x00, 0x00, 0x00, 0x52, 0x02, 0x00, 0x00, 0x00, 0x00, 0x00, 0x00, 0x00, 0x00,
    0x00, 0x00, 0x00, 0x00, 0x00, 0x00, 0x00, 0x00, 0x00, 0x00, 0x24, 0x00, 0x29, 0x01, 0x7a, 0x89,
    0x4c, 0x6f, 0x6f, 0x6b, 0x75, 0x70, 0x20, 0x75, 0x70, 0x20, 0x74, 0x68, 0x65, 0x20, 0x63, 0x6f,
    0x64, 0x65, 0x63, 0x20, 0x66, 0x6f, 0x72, 0x20, 0x74, 0x68, 0x65, 0x20, 0x67, 0x69, 0x76, 0x65,
    0x6e, 0x20, 0x65, 0x6e, 0x63, 0x6f, 0x64, 0x69, 0x6e, 0x67, 0x20, 0x61, 0x6e, 0x64, 0x20, 0x72,
    0x65, 0x74, 0x75, 0x72, 0x6e, 0x0a, 0x69, 0x74, 0x73, 0x20, 0x65, 0x6e, 0x63, 0x6f, 0x64, 0x65,
    0x72, 0x20, 0x66, 0x75, 0x6e, 0x63, 0x74, 0x69, 0x6f, 0x6e, 0x2e, 0x0a, 0x0a, 0x52, 0x61, 0x69,
    0x73, 0x65, 0x73, 0x20, 0x61, 0x20, 0x4c, 0x6f, 0x6f, 0x6b, 0x75, 0x70, 0x45, 0x72, 0x72, 0x6f,
    0x72, 0x20, 0x69, 0x6e, 0x20, 0x63, 0x61, 0x73, 0x65, 0x20, 0x74, 0x68, 0x65, 0x20, 0x65, 0x6e,
    0x63, 0x6f, 0x64, 0x69, 0x6e, 0x67, 0x20, 0x63, 0x61, 0x6e, 0x6e, 0x6f, 0x74, 0x20, 0x62, 0x65,
    0x20, 0x66, 0x6f, 0x75, 0x6e, 0x64, 0x2e, 0x0a, 0x0a, 0x29, 0x02, 0x72, 0x05, 0x00, 0x00, 0x00,
    0x72, 0x24, 0x00, 0x00, 0x00, 0xa9, 0x01, 0x72, 0x52, 0x01, 0x00, 0x00, 0x73, 0x01, 0x00, 0x00,
    0x00, 0x20, 0x72, 0x3f, 0x00, 0x00, 0x00, 0x72, 0x1e, 0x00, 0x00, 0x00, 0x72, 0x1e, 0x00, 0x00,
    0x00, 0xcd, 0x03, 0x00, 0x00, 0xf3, 0x15, 0x00, 0x00, 0x00, 0x80, 0x00, 0xf4, 0x10, 0x00, 0x0c,
    0x12, 0x90, 0x28, 0xd3, 0x0b, 0x1b, 0xd7, 0x0b, 0x22, 0xd1, 0x0b, 0x22, 0xd0, 0x04, 0x22, 0x72,
    0x41, 0x00, 0x00, 0x00, 0x63, 0x01, 0x00, 0x00, 0x00, 0x00, 0x00, 0x00, 0x00, 0x00, 0x00, 0x00,
    0x00, 0x03, 0x00, 0x00, 0x00, 0x03, 0x00, 0x00, 0x00, 0xf3, 0x2c, 0x00, 0x00, 0x00, 0x95, 0x00,
    0x5b, 0x01, 0x00, 0x00, 0x00, 0x00, 0x00, 0x00, 0x00, 0x00, 0x55, 0x00, 0x35, 0x01, 0x00, 0x00,
    0x00, 0x00, 0x00, 0x00, 0x52, 0x02, 0x00, 0x00, 0x00, 0x00, 0x00, 0x00, 0x00, 0x00, 0x00, 0x00,
    0x00, 0x00, 0x00, 0x00, 0x00, 0x00, 0x00, 0x00, 0x24, 0x00, 0x29, 0x01, 0x7a, 0x89, 0x4c, 0x6f,
    0x6f, 0x6b, 0x75, 0x70, 0x20, 0x75, 0x70, 0x20, 0x74, 0x68, 0x65, 0x20, 0x63, 0x6f, 0x64, 0x65,
    0x63, 0x20, 0x66, 0x6f, 0x72, 0x20, 0x74, 0x68, 0x65, 0x20, 0x67, 0x69, 0x76, 0x65, 0x6e, 0x20,
    0x65, 0x6e, 0x63, 0x6f, 0x64, 0x69, 0x6e, 0x67, 0x20, 0x61, 0x6e, 0x64, 0x20, 0x72, 0x65, 0x74,
    0x75, 0x72, 0x6e, 0x0a, 0x69, 0x74, 0x73, 0x20, 0x64, 0x65, 0x63, 0x6f, 0x64, 0x65, 0x72, 0x20,
    0x66, 0x75, 0x6e, 0x63, 0x74, 0x69, 0x6f, 0x6e, 0x2e, 0x0a, 0x0a, 0x52, 0x61, 0x69, 0x73, 0x65,
    0x73, 0x20, 0x61, 0x20, 0x4c, 0x6f, 0x6f, 0x6b, 0x75, 0x70, 0x45, 0x72, 0x72, 0x6f, 0x72, 0x20,
    0x69, 0x6e, 0x20, 0x63, 0x61, 0x73, 0x65, 0x20, 0x74, 0x68, 0x65, 0x20, 0x65, 0x6e, 0x63, 0x6f,
    0x64, 0x69, 0x6e, 0x67, 0x20, 0x63, 0x61, 0x6e, 0x6e, 0x6f, 0x74, 0x20, 0x62, 0x65, 0x20, 0x66,
    0x6f, 0x75, 0x6e, 0x64, 0x2e, 0x0a, 0x0a, 0x29, 0x02, 0x72, 0x05, 0x00, 0x00, 0x00, 0x72, 0x25,
    0x00, 0x00, 0x00, 0x72, 0x83, 0x01, 0x00, 0x00, 0x73, 0x01, 0x00, 0x00, 0x00, 0x20, 0x72, 0x3f,
    0x00, 0x00, 0x00, 0x72, 0x1f, 0x00, 0x00, 0x00, 0x72, 0x1f, 0x00, 0x00, 0x00, 0xd7, 0x03, 0x00,
    0x00, 0x72, 0x84, 0x01, 0x00, 0x00, 0x72, 0x41, 0x00, 0x00, 0x00, 0x63, 0x01, 0x00, 0x00, 0x00,
    0x00, 0x00, 0x00, 0x00, 0x00, 0x00, 0x00, 0x00, 0x03, 0x00, 0x00, 0x00, 0x03, 0x00, 0x00, 0x00,
    0xf3, 0x4c, 0x00, 0x00, 0x00, 0x95, 0x00, 0x5b, 0x01, 0x00, 0x00, 0x00, 0x00, 0x00, 0x00, 0x00,
    0x00, 0x55, 0x00, 0x35, 0x01, 0x00, 0x00, 0x00, 0x00, 0x00, 0x00, 0x52, 0x02, 0x00, 0x00, 0x00,
    0x00, 0x00, 0x00, 0x00, 0x00, 0x00, 0x00, 0x00, 0x00, 0x00, 0x00, 0x00, 0x00, 0x00, 0x00, 0x6e,
    0x01, 0x55, 0x01, 0x63, 0x0b, 0x00, 0x00, 0x5b, 0x05, 0x00, 0x00, 0x00, 0x00, 0x00, 0x00, 0x00,
    0x00, 0x55, 0x00, 0x35, 0x01, 0x00, 0x00, 0x00, 0x00, 0x00, 0x00, 0x65, 0x01, 0x55, 0x01, 0x24,
    0x00, 0x29, 0x01, 0x7a, 0xda, 0x4c, 0x6f, 0x6f, 0x6b, 0x75, 0x70, 0x20, 0x75, 0x70, 0x20, 0x74,
    0x68, 0x65, 0x20, 0x63, 0x6f, 0x64, 0x65, 0x63, 0x20, 0x66, 0x6f, 0x72, 0x20, 0x74, 0x68, 0x65,
    0x20, 0x67, 0x69, 0x76, 0x65, 0x6e, 0x20, 0x65, 0x6e, 0x63, 0x6f, 0x64, 0x69, 0x6e, 0x67, 0x20,
    0x61, 0x6e, 0x64, 0x20, 0x72, 0x65, 0x74, 0x75, 0x72, 0x6e, 0x0a, 0x69, 0x74, 0x73, 0x20, 0x49,
    0x6e, 0x63, 0x72, 0x65, 0x6d, 0x65, 0x6e, 0x74, 0x61, 0x6c, 0x45, 0x6e, 0x63, 0x6f, 0x64, 0x65,
    0x72, 0x20, 0x63, 0x6c, 0x61, 0x73, 0x73, 0x20, 0x6f, 0x72, 0x20, 0x66, 0x61, 0x63, 0x74, 0x6f,
    0x72, 0x79, 0x20, 0x66, 0x75, 0x6e, 0x63, 0x74, 0x69, 0x6f, 0x6e, 0x2e, 0x0a, 0x0a, 0x52, 0x61,
    0x69, 0x73, 0x65, 0x73, 0x20, 0x61, 0x20, 0x4c, 0x6f, 0x6f, 0x6b, 0x75, 0x70, 0x45, 0x72, 0x72,
    0x6f, 0x72, 0x20, 0x69, 0x6e, 0x20, 0x63, 0x61, 0x73, 0x65, 0x20, 0x74, 0x68, 0x65, 0x20, 0x65,
    0x6e, 0x63, 0x6f, 0x64, 0x69, 0x6e, 0x67, 0x20, 0x63, 0x61, 0x6e, 0x6e, 0x6f, 0x74, 0x20, 0x62,
    0x65, 0x20, 0x66, 0x6f, 0x75, 0x6e, 0x64, 0x0a, 0x6f, 0x72, 0x20, 0x74, 0x68, 0x65, 0x20, 0x63,
    0x6f, 0x64, 0x65, 0x63, 0x73, 0x20, 0x64, 0x6f, 0x65, 0x73, 0x6e, 0x27, 0x74, 0x20, 0x70, 0x72,
    0x6f, 0x76, 0x69, 0x64, 0x65, 0x20, 0x61, 0x6e, 0x20, 0x69, 0x6e, 0x63, 0x72, 0x65, 0x6d, 0x65,
    0x6e, 0x74, 0x61, 0x6c, 0x20, 0x65, 0x6e, 0x63, 0x6f, 0x64, 0x65, 0x72, 0x2e, 0x0a, 0x0a, 0x29,
    0x03, 0x72, 0x05, 0x00, 0x00, 0x00, 0x72, 0x39, 0x00, 0x00, 0x00, 0xda, 0x0b, 0x4c, 0x6f, 0x6f,
    0x6b, 0x75, 0x70, 0x45, 0x72, 0x72, 0x6f, 0x72, 0x29, 0x02, 0x72, 0x52, 0x01, 0x00, 0x00, 0xda,
    0x07, 0x65, 0x6e, 0x63, 0x6f, 0x64, 0x65, 0x72, 0x73, 0x02, 0x00, 0x00, 0x00, 0x20, 0x20, 0x72,
    0x3f, 0x00, 0x00, 0x00, 0x72, 0x20, 0x00, 0x00, 0x00, 0x72, 0x20, 0x00, 0x00, 0x00, 0xe1, 0x03,
    0x00, 0x00, 0xf3, 0x29, 0x00, 0x00, 0x00, 0x80, 0x00, 0xf4, 0x12, 0x00, 0x0f, 0x15, 0x90, 0x58,
    0xd3, 0x0e, 0x1e, 0xd7, 0x0e, 0x31, 0xd1, 0x0e, 0x31, 0x80, 0x47, 0xd8, 0x07, 0x0e, 0x81, 0x7f,
    0xdc, 0x0e, 0x19, 0x98, 0x28, 0xd3, 0x0e, 0x23, 0xd0, 0x08, 0x23, 0xd8, 0x0b, 0x12, 0x80, 0x4e,
    0x72, 0x41, 0x00, 0x00, 0x00, 0x63, 0x01, 0x00, 0x00, 0x00, 0x00, 0x00, 0x00, 0x00, 0x00, 0x00,
    0x00, 0x00, 0x03, 0x00, 0x00, 0x00, 0x03, 0x00, 0x00, 0x00, 0xf3, 0x4c, 0x00, 0x00, 0x00, 0x95,
    0x00, 0x5b, 0x01, 0x00, 0x00, 0x00, 0x00, 0x00, 0x00, 0x00, 0x00, 0x55, 0x00, 0x35, 0x01, 0x00,
    0x00, 0x00, 0x00, 0x00, 0x00, 0x52, 0x02, 0x00, 0x00, 0x00, 0x00, 0x00, 0x00, 0x00, 0x00, 0x00,
    0x00, 0x00, 0x00, 0x00, 0x00, 0x00, 0x00, 0x00, 0x00, 0x6e, 0x01, 0x55, 0x01, 0x63, 0x0b, 0x00,
    0x00, 0x5b, 0x05, 0x00, 0x00, 0x00, 0x00, 0x00, 0x00, 0x00, 0x00, 0x55, 0x00, 0x35, 0x01, 0x00,
    0x00, 0x00, 0x00, 0x00, 0x00, 0x65, 0x01, 0x55, 0x01, 0x24, 0x00, 0x29, 0x01, 0x7a, 0xda, 0x4c,
    0x6f, 0x6f, 0x6b, 0x75, 0x70, 0x20, 0x75, 0x70, 0x20, 0x74, 0x68, 0x65, 0x20, 0x63, 0x6f, 0x64,
    0x65, 0x63, 0x20, 0x66, 0x6f, 0x72, 0x20, 0x74, 0x68, 0x65, 0x20, 0x67, 0x69, 0x76, 0x65, 0x6e,
    0x20, 0x65, 0x6e, 0x63, 0x6f, 0x64, 0x69, 0x6e, 0x67, 0x20, 0x61, 0x6e, 0x64, 0x20, 0x72, 0x65,
    0x74, 0x75, 0x72, 0x6e, 0x0a, 0x69, 0x74, 0x73, 0x20, 0x49, 0x6e, 0x63, 0x72, 0x65, 0x6d, 0x65,
    0x6e, 0x74, 0x61, 0x6c, 0x44, 0x65, 0x63, 0x6f, 0x64, 0x65, 0x72, 0x20, 0x63, 0x6c, 0x61, 0x73,
    0x73, 0x20, 0x6f, 0x72, 0x20, 0x66, 0x61, 0x63, 0x74, 0x6f, 0x72, 0x79, 0x20, 0x66, 0x75, 0x6e,
    0x63, 0x74, 0x69, 0x6f, 0x6e, 0x2e, 0x0a, 0x0a, 0x52, 0x61, 0x69, 0x73, 0x65, 0x73, 0x20, 0x61,
    0x20, 0x4c, 0x6f, 0x6f, 0x6b, 0x75, 0x70, 0x45, 0x72, 0x72, 0x6f, 0x72, 0x20, 0x69, 0x6e, 0x20,
    0x63, 0x61, 0x73, 0x65, 0x20, 0x74, 0x68, 0x65, 0x20, 0x65, 0x6e, 0x63, 0x6f, 0x64, 0x69, 0x6e,
    0x67, 0x20, 0x63, 0x61, 0x6e, 0x6e, 0x6f, 0x74, 0x20, 0x62, 0x65, 0x20, 0x66, 0x6f, 0x75, 0x6e,
    0x64, 0x0a, 0x6f, 0x72, 0x20, 0x74, 0x68, 0x65, 0x20, 0x63, 0x6f, 0x64, 0x65, 0x63, 0x73, 0x20,
    0x64, 0x6f, 0x65, 0x73, 0x6e, 0x27, 0x74, 0x20, 0x70, 0x72, 0x6f, 0x76, 0x69, 0x64, 0x65, 0x20,
    0x61, 0x6e, 0x20, 0x69, 0x6e, 0x63, 0x72, 0x65, 0x6d, 0x65, 0x6e, 0x74, 0x61, 0x6c, 0x20, 0x64,
    0x65, 0x63, 0x6f, 0x64, 0x65, 0x72, 0x2e, 0x0a, 0x0a, 0x29, 0x03, 0x72, 0x05, 0x00, 0x00, 0x00,
    0x72, 0x3a, 0x00, 0x00, 0x00, 0x72, 0x87, 0x01, 0x00, 0x00, 0x29, 0x02, 0x72, 0x52, 0x01, 0x00,
    0x00, 0xda, 0x07, 0x64, 0x65, 0x63, 0x6f, 0x64, 0x65, 0x72, 0x73, 0x02, 0x00, 0x00, 0x00, 0x20,
    0x20, 0x72, 0x3f, 0x00, 0x00, 0x00, 0x72, 0x21, 0x00, 0x00, 0x00, 0x72, 0x21, 0x00, 0x00, 0x00,
    0xef, 0x03, 0x00, 0x00, 0x72, 0x89, 0x01, 0x00, 0x00, 0x72, 0x41, 0x00, 0x00, 0x00, 0x63, 0x01,
    0x00, 0x00, 0x00, 0x00, 0x00, 0x00, 0x00, 0x00, 0x00, 0x00, 0x00, 0x03, 0x00, 0x00, 0x00, 0x03,
    0x00, 0x00, 0x00, 0xf3, 0x2c, 0x00, 0x00, 0x00, 0x95, 0x00, 0x5b, 0x01, 0x00, 0x00, 0x00, 0x00,
    0x00, 0x00, 0x00, 0x00, 0x55, 0x00, 0x35, 0x01, 0x00, 0x00, 0x00, 0x00, 0x00, 0x00, 0x52, 0x02,
    0x00, 0x00, 0x00, 0x00, 0x00, 0x00, 0x00, 0x00, 0x00, 0x00, 0x00, 0x00, 0x00, 0x00, 0x00, 0x00,
    0x00, 0x00, 0x24, 0x00, 0x29, 0x01, 0x7a, 0x9f, 0x4c, 0x6f, 0x6f, 0x6b, 0x75, 0x70, 0x20, 0x75,
    0x70, 0x20, 0x74, 0x68, 0x65, 0x20, 0x63, 0x6f, 0x64, 0x65, 0x63, 0x20, 0x66, 0x6f, 0x72, 0x20,
    0x74, 0x68, 0x65, 0x20, 0x67, 0x69, 0x76, 0x65, 0x6e, 0x20, 0x65, 0x6e, 0x63, 0x6f, 0x64, 0x69,
    0x6e, 0x67, 0x20, 0x61, 0x6e, 0x64, 0x20, 0x72, 0x65, 0x74, 0x75, 0x72, 0x6e, 0x0a, 0x69, 0x74,
    0x73, 0x20, 0x53, 0x74, 0x72, 0x65, 0x61, 0x6d, 0x52, 0x65, 0x61, 0x64, 0x65, 0x72, 0x20, 0x63,
    0x6c, 0x61, 0x73, 0x73, 0x20, 0x6f, 0x72, 0x20, 0x66, 0x61, 0x63, 0x74, 0x6f, 0x72, 0x79, 0x20,
    0x66, 0x75, 0x6e, 0x63, 0x74, 0x69, 0x6f, 0x6e, 0x2e, 0x0a, 0x0a, 0x52, 0x61, 0x69, 0x73, 0x65,
    0x73, 0x20, 0x61, 0x20, 0x4c, 0x6f, 0x6f, 0x6b, 0x75, 0x70, 0x45, 0x72, 0x72, 0x6f, 0x72, 0x20,
    0x69, 0x6e, 0x20, 0x63, 0x61, 0x73, 0x65, 0x20, 0x74, 0x68, 0x65, 0x20, 0x65, 0x6e, 0x63, 0x6f,
    0x64, 0x69, 0x6e, 0x67, 0x20, 0x63, 0x61, 0x6e, 0x6e, 0x6f, 0x74, 0x20, 0x62, 0x65, 0x20, 0x66,
    0x6f, 0x75, 0x6e, 0x64, 0x2e, 0x0a, 0x0a, 0x29, 0x02, 0x72, 0x05, 0x00, 0x00, 0x00, 0x72, 0x3c,
    0x00, 0x00, 0x00, 0x72, 0x83, 0x01, 0x00, 0x00, 0x73, 0x01, 0x00, 0x00, 0x00, 0x20, 0x72, 0x3f,
    0x00, 0x00, 0x00, 0x72, 0x22, 0x00, 0x00, 0x00, 0x72, 0x22, 0x00, 0x00, 0x00, 0xfd, 0x03, 0x00,
    0x00, 0xf3, 0x15, 0x00, 0x00, 0x00, 0x80, 0x00, 0xf4, 0x10, 0x00, 0x0c, 0x12, 0x90, 0x28, 0xd3,
    0x0b, 0x1b, 0xd7, 0x0b, 0x28, 0xd1, 0x0b, 0x28, 0xd0, 0x04, 0x28, 0x72, 0x41, 0x00, 0x00, 0x00,
    0x63, 0x01, 0x00, 0x00, 0x00, 0x00, 0x00, 0x00, 0x00, 0x00, 0x00, 0x00, 0x00, 0x03, 0x00, 0x00,
    0x00, 0x03, 0x00, 0x00, 0x00, 0xf3, 0x2c, 0x00, 0x00, 0x00, 0x95, 0x00, 0x5b, 0x01, 0x00, 0x00,
    0x00, 0x00, 0x00, 0x00, 0x00, 0x00, 0x55, 0x00, 0x35, 0x01, 0x00, 0x00, 0x00, 0x00, 0x00, 0x00,
    0x52, 0x02, 0x00, 0x00, 0x00, 0x00, 0x00, 0x00, 0x00, 0x00, 0x00, 0x00, 0x00, 0x00, 0x00, 0x00,
    0x00, 0x00, 0x00, 0x00, 0x24, 0x00, 0x29, 0x01, 0x7a, 0x9f, 0x4c, 0x6f, 0x6f, 0x6b, 0x75, 0x70,
    0x20, 0x75, 0x70, 0x20, 0x74, 0x68, 0x65, 0x20, 0x63, 0x6f, 0x64, 0x65, 0x63, 0x20, 0x66, 0x6f,
    0x72, 0x20, 0x74, 0x68, 0x65, 0x20, 0x67, 0x69, 0x76, 0x65, 0x6e, 0x20, 0x65, 0x6e, 0x63, 0x6f,
    0x64, 0x69, 0x6e, 0x67, 0x20, 0x61, 0x6e, 0x64, 0x20, 0x72, 0x65, 0x74, 0x75, 0x72, 0x6e, 0x0a,
    0x69, 0x74, 0x73, 0x20, 0x53, 0x74, 0x72, 0x65, 0x61, 0x6d, 0x57, 0x72, 0x69, 0x74, 0x65, 0x72,
    0x20, 0x63, 0x6c, 0x61, 0x73, 0x73, 0x20, 0x6f, 0x72, 0x20, 0x66, 0x61, 0x63, 0x74, 0x6f, 0x72,
    0x79, 0x20, 0x66, 0x75, 0x6e, 0x63, 0x74, 0x69, 0x6f, 0x6e, 0x2e, 0x0a, 0x0a, 0x52, 0x61, 0x69,
    0x73, 0x65, 0x73, 0x20, 0x61, 0x20, 0x4c, 0x6f, 0x6f, 0x6b, 0x75, 0x70, 0x45, 0x72, 0x72, 0x6f,
    0x72, 0x20, 0x69, 0x6e, 0x20, 0x63, 0x61, 0x73, 0x65, 0x20, 0x74, 0x68, 0x65, 0x20, 0x65, 0x6e,
    0x63, 0x6f, 0x64, 0x69, 0x6e, 0x67, 0x20, 0x63, 0x61, 0x6e, 0x6e, 0x6f, 0x74, 0x20, 0x62, 0x65,
    0x20, 0x66, 0x6f, 0x75, 0x6e, 0x64, 0x2e, 0x0a, 0x0a, 0x29, 0x02, 0x72, 0x05, 0x00, 0x00, 0x00,
    0x72, 0x3b, 0x00, 0x00, 0x00, 0x72, 0x83, 0x01, 0x00, 0x00, 0x73, 0x01, 0x00, 0x00, 0x00, 0x20,
    0x72, 0x3f, 0x00, 0x00, 0x00, 0x72, 0x23, 0x00, 0x00, 0x00, 0x72, 0x23, 0x00, 0x00, 0x00, 0x07,
    0x04, 0x00, 0x00, 0x72, 0x8d, 0x01, 0x00, 0x00, 0x72, 0x41, 0x00, 0x00, 0x00, 0x63, 0x03, 0x00,
    0x00, 0x00, 0x00, 0x00, 0x00, 0x00, 0x00, 0x00, 0x00, 0x00, 0x05, 0x00, 0x00, 0x00, 0x2b, 0x00,
    0x00, 0x00, 0xf3, 0xba, 0x00, 0x00, 0x00, 0x23, 0x00, 0x20, 0x00, 0x95, 0x00, 0x5b, 0x01, 0x00,
    0x00, 0x00, 0x00, 0x00, 0x00, 0x00, 0x00, 0x55, 0x01, 0x35, 0x01, 0x00, 0x00, 0x00, 0x00, 0x00,
    0x00, 0x22, 0x00, 0x55, 0x02, 0x34, 0x01, 0x30, 0x00, 0x55, 0x03, 0x44, 0x01, 0x36, 0x01, 0x6e,
    0x04, 0x55, 0x00, 0x13, 0x00, 0x48, 0x21, 0x00, 0x00, 0x6e, 0x05, 0x55, 0x04, 0x52, 0x03, 0x00,
    0x00, 0x00, 0x00, 0x00, 0x00, 0x00, 0x00, 0x00, 0x00, 0x00, 0x00, 0x00, 0x00, 0x00, 0x00, 0x00,
    0x00, 0x55, 0x05, 0x35, 0x01, 0x00, 0x00, 0x00, 0x00, 0x00, 0x00, 0x6e, 0x06, 0x55, 0x06, 0x28,
    0x00, 0x00, 0x00, 0x00, 0x00, 0x00, 0x00, 0x64, 0x02, 0x00, 0x00, 0x4d, 0x1d, 0x00, 0x00, 0x55,
    0x06, 0x76, 0x00, 0x95, 0x05, 0x20, 0x00, 0x4d, 0x23, 0x00, 0x00, 0x0b, 0x00, 0x20, 0x00, 0x55,
    0x04, 0x52, 0x03, 0x00, 0x00, 0x00, 0x00, 0x00, 0x00, 0x00, 0x00, 0x00, 0x00, 0x00, 0x00, 0x00,
    0x00, 0x00, 0x00, 0x00, 0x00, 0x53, 0x01, 0x53, 0x02, 0x35, 0x02, 0x00, 0x00, 0x00, 0x00, 0x00,
    0x00, 0x6e, 0x06, 0x55, 0x06, 0x28, 0x00, 0x00, 0x00, 0x00, 0x00, 0x00, 0x00, 0x61, 0x05, 0x00,
    0x00, 0x55, 0x06, 0x76, 0x00, 0x95, 0x05, 0x20, 0x00, 0x67, 0x03, 0x67, 0x03, 0x37, 0x03, 0x66,
    0x01, 0x29, 0x04, 0x7a, 0xab, 0x0a, 0x45, 0x6e, 0x63, 0x6f, 0x64, 0x69, 0x6e, 0x67, 0x20, 0x69,
    0x74, 0x65, 0x72, 0x61, 0x74, 0x6f, 0x72, 0x2e, 0x0a, 0x0a, 0x45, 0x6e, 0x63, 0x6f, 0x64, 0x65,
    0x73, 0x20, 0x74, 0x68, 0x65, 0x20, 0x69, 0x6e, 0x70, 0x75, 0x74, 0x20, 0x73, 0x74, 0x72, 0x69,
    0x6e, 0x67, 0x73, 0x20, 0x66, 0x72, 0x6f, 0x6d, 0x20, 0x74, 0x68, 0x65, 0x20, 0x69, 0x74, 0x65,
    0x72, 0x61, 0x74, 0x6f, 0x72, 0x20, 0x75, 0x73, 0x69, 0x6e, 0x67, 0x20, 0x61, 0x6e, 0x20, 0x49,
    0x6e, 0x63, 0x72, 0x65, 0x6d, 0x65, 0x6e, 0x74, 0x61, 0x6c, 0x45, 0x6e, 0x63, 0x6f, 0x64, 0x65,
    0x72, 0x2e, 0x0a, 0x0a, 0x65, 0x72, 0x72, 0x6f, 0x72, 0x73, 0x20, 0x61, 0x6e, 0x64, 0x20, 0x6b,
    0x77, 0x61, 0x72, 0x67, 0x73, 0x20, 0x61, 0x72, 0x65, 0x20, 0x70, 0x61, 0x73, 0x73, 0x65, 0x64,
    0x20, 0x74, 0x68, 0x72, 0x6f, 0x75, 0x67, 0x68, 0x20, 0x74, 0x6f, 0x20, 0x74, 0x68, 0x65, 0x20,
    0x49, 0x6e, 0x63, 0x72, 0x65, 0x6d, 0x65, 0x6e, 0x74, 0x61, 0x6c, 0x45, 0x6e, 0x63, 0x6f, 0x64,
    0x65, 0x72, 0x0a, 0x63, 0x6f, 0x6e, 0x73, 0x74, 0x72, 0x75, 0x63, 0x74, 0x6f, 0x72, 0x2e, 0x0a,
    0x72, 0x62, 0x00, 0x00, 0x00, 0x54, 0x4e, 0x29, 0x02, 0x72, 0x20, 0x00, 0x00, 0x00, 0x72, 0x24,
    0x00, 0x00, 0x00, 0x29, 0x07, 0xda, 0x08, 0x69, 0x74, 0x65, 0x72, 0x61, 0x74, 0x6f, 0x72, 0x72,
    0x52, 0x01, 0x00, 0x00, 0x72, 0x59, 0x00, 0x00, 0x00, 0xda, 0x06, 0x6b, 0x77, 0x61, 0x72, 0x67,
    0x73, 0x72, 0x88, 0x01, 0x00, 0x00, 0x72, 0x58, 0x00, 0x00, 0x00, 0xda, 0x06, 0x6f, 0x75, 0x74,
    0x70, 0x75, 0x74, 0x73, 0x07, 0x00, 0x00, 0x00, 0x20, 0x20, 0x20, 0x20, 0x20, 0x20, 0x20, 0x72,
    0x3f, 0x00, 0x00, 0x00, 0x72, 0x26, 0x00, 0x00, 0x00, 0x72, 0x26, 0x00, 0x00, 0x00, 0x11, 0x04,
    0x00, 0x00, 0x73, 0x5c, 0x00, 0x00, 0x00, 0xe9, 0x00, 0x80, 0x00, 0xf4, 0x12, 0x00, 0x0f, 0x24,
    0xa0, 0x48, 0xd4, 0x0e, 0x2d, 0xa8, 0x66, 0xd1, 0x0e, 0x3f, 0xb8, 0x06, 0xd1, 0x0e, 0x3f, 0x80,
    0x47, 0xdb, 0x11, 0x19, 0x88, 0x05, 0xd8, 0x11, 0x18, 0x97, 0x1e, 0x91, 0x1e, 0xa0, 0x05, 0xd3,
    0x11, 0x26, 0x88, 0x06, 0xdf, 0x0b, 0x11, 0x88, 0x36, 0xd8, 0x12, 0x18, 0x8c, 0x4c, 0xf1, 0x07,
    0x00, 0x12, 0x1a, 0xf0, 0x08, 0x00, 0x0e, 0x15, 0x8f, 0x5e, 0x89, 0x5e, 0x98, 0x42, 0xa0, 0x04,
    0xd3, 0x0d, 0x25, 0x80, 0x46, 0xde, 0x07, 0x0d, 0xd8, 0x0e, 0x14, 0x8b, 0x0c, 0xf0, 0x03, 0x00,
    0x08, 0x0e, 0xf9, 0xf3, 0x0a, 0x00, 0x00, 0x00, 0x82, 0x2e, 0x41, 0x1b, 0x01, 0xb4, 0x27, 0x41,
    0x1b, 0x01, 0x63, 0x03, 0x00, 0x00, 0x00, 0x00, 0x00, 0x00, 0x00, 0x00, 0x00, 0x00, 0x00, 0x05,
    0x00, 0x00, 0x00, 0x2b, 0x00, 0x00, 0x00, 0xf3, 0xba, 0x00, 0x00, 0x00, 0x23, 0x00, 0x20, 0x00,
    0x95, 0x00, 0x5b, 0x01, 0x00, 0x00, 0x00, 0x00, 0x00, 0x00, 0x00, 0x00, 0x55, 0x01, 0x35, 0x01,
    0x00, 0x00, 0x00, 0x00, 0x00, 0x00, 0x22, 0x00, 0x55, 0x02, 0x34, 0x01, 0x30, 0x00, 0x55, 0x03,
    0x44, 0x01, 0x36, 0x01, 0x6e, 0x04, 0x55, 0x00, 0x13, 0x00, 0x48, 0x21, 0x00, 0x00, 0x6e, 0x05,
    0x55, 0x04, 0x52, 0x03, 0x00, 0x00, 0x00, 0x00, 0x00, 0x00, 0x00, 0x00, 0x00, 0x00, 0x00, 0x00,
    0x00, 0x00, 0x00, 0x00, 0x00, 0x00, 0x55, 0x05, 0x35, 0x01, 0x00, 0x00, 0x00, 0x00, 0x00, 0x00,
    0x6e, 0x06, 0x55, 0x06, 0x28, 0x00, 0x00, 0x00, 0x00, 0x00, 0x00, 0x00, 0x64, 0x02, 0x00, 0x00,
    0x4d, 0x1d, 0x00, 0x00, 0x55, 0x06, 0x76, 0x00, 0x95, 0x05, 0x20, 0x00, 0x4d, 0x23, 0x00, 0x00,
    0x0b, 0x00, 0x20, 0x00, 0x55, 0x04, 0x52, 0x03, 0x00, 0x00, 0x00, 0x00, 0x00, 0x00, 0x00, 0x00,
    0x00, 0x00, 0x00, 0x00, 0x00, 0x00, 0x00, 0x00, 0x00, 0x00, 0x53, 0x01, 0x53, 0x02, 0x35, 0x02,
    0x00, 0x00, 0x00, 0x00, 0x00, 0x00, 0x6e, 0x06, 0x55, 0x06, 0x28, 0x00, 0x00, 0x00, 0x00, 0x00,
    0x00, 0x00, 0x61, 0x05, 0x00, 0x00, 0x55, 0x06, 0x76, 0x00, 0x95, 0x05, 0x20, 0x00, 0x67, 0x03,
    0x67, 0x03, 0x37, 0x03, 0x66, 0x01, 0x29, 0x04, 0x7a, 0xab, 0x0a, 0x44, 0x65, 0x63, 0x6f, 0x64,
    0x69, 0x6e, 0x67, 0x20, 0x69, 0x74, 0x65, 0x72, 0x61, 0x74, 0x6f, 0x72, 0x2e, 0x0a, 0x0a, 0x44,
    0x65, 0x63, 0x6f, 0x64, 0x65, 0x73, 0x20, 0x74, 0x68, 0x65, 0x20, 0x69, 0x6e, 0x70, 0x75, 0x74,
    0x20, 0x73, 0x74, 0x72, 0x69, 0x6e, 0x67, 0x73, 0x20, 0x66, 0x72, 0x6f, 0x6d, 0x20, 0x74, 0x68,
    0x65, 0x20, 0x69, 0x74, 0x65, 0x72, 0x61, 0x74, 0x6f, 0x72, 0x20, 0x75, 0x73, 0x69, 0x6e, 0x67,
    0x20, 0x61, 0x6e, 0x20, 0x49, 0x6e, 0x63, 0x72, 0x65, 0x6d, 0x65, 0x6e, 0x74, 0x61, 0x6c, 0x44,
    0x65, 0x63, 0x6f, 0x64, 0x65, 0x72, 0x2e, 0x0a, 0x0a, 0x65, 0x72, 0x72, 0x6f, 0x72, 0x73, 0x20,
    0x61, 0x6e, 0x64, 0x20, 0x6b, 0x77, 0x61, 0x72, 0x67, 0x73, 0x20, 0x61, 0x72, 0x65, 0x20, 0x70,
    0x61, 0x73, 0x73, 0x65, 0x64, 0x20, 0x74, 0x68, 0x72, 0x6f, 0x75, 0x67, 0x68, 0x20, 0x74, 0x6f,
    0x20, 0x74, 0x68, 0x65, 0x20, 0x49, 0x6e, 0x63, 0x72, 0x65, 0x6d, 0x65, 0x6e, 0x74, 0x61, 0x6c,
    0x44, 0x65, 0x63, 0x6f, 0x64, 0x65, 0x72, 0x0a, 0x63, 0x6f, 0x6e, 0x73, 0x74, 0x72, 0x75, 0x63,
    0x74, 0x6f, 0x72, 0x2e, 0x0a, 0x72, 0x41, 0x00, 0x00, 0x00, 0x54, 0x4e, 0x29, 0x02, 0x72, 0x21,
    0x00, 0x00, 0x00, 0x72, 0x25, 0x00, 0x00, 0x00, 0x29, 0x07, 0x72, 0x90, 0x01, 0x00, 0x00, 0x72,
    0x52, 0x01, 0x00, 0x00, 0x72, 0x59, 0x00, 0x00, 0x00, 0x72, 0x91, 0x01, 0x00, 0x00, 0x72, 0x8b,
    0x01, 0x00, 0x00, 0x72, 0x58, 0x00, 0x00, 0x00, 0x72, 0x92, 0x01, 0x00, 0x00, 0x73, 0x07, 0x00,
    0x00, 0x00, 0x20, 0x20, 0x20, 0x20, 0x20, 0x20, 0x20, 0x72, 0x3f, 0x00, 0x00, 0x00, 0x72, 0x27,
    0x00, 0x00, 0x00, 0x72, 0x27, 0x00, 0x00, 0x00, 0x23, 0x04, 0x00, 0x00, 0x73, 0x5c, 0x00, 0x00,
    0x00, 0xe9, 0x00, 0x80, 0x00, 0xf4, 0x12, 0x00, 0x0f, 0x24, 0xa0, 0x48, 0xd4, 0x0e, 0x2d, 0xa8,
    0x66, 0xd1, 0x0e, 0x3f, 0xb8, 0x06, 0xd1, 0x0e, 0x3f, 0x80, 0x47, 0xdb, 0x11, 0x19, 0x88, 0x05,
    0xd8, 0x11, 0x18, 0x97, 0x1e, 0x91, 0x1e, 0xa0, 0x05, 0xd3, 0x11, 0x26, 0x88, 0x06, 0xdf, 0x0b,
    0x11, 0x88, 0x36, 0xd8, 0x12, 0x18, 0x8c, 0x4c, 0xf1, 0x07, 0x00, 0x12, 0x1a, 0xf0, 0x08, 0x00,
    0x0e, 0x15, 0x8f, 0x5e, 0x89, 0x5e, 0x98, 0x43, 0xa0, 0x14, 0xd3, 0x0d, 0x26, 0x80, 0x46, 0xde,
    0x07, 0x0d, 0xd8, 0x0e, 0x14, 0x8b, 0x0c, 0xf0, 0x03, 0x00, 0x08, 0x0e, 0xf9, 0x72, 0x93, 0x01,
    0x00, 0x00, 0x63, 0x01, 0x00, 0x00, 0x00, 0x00, 0x00, 0x00, 0x00, 0x00, 0x00, 0x00, 0x00, 0x05,
    0x00, 0x00, 0x00, 0x03, 0x00, 0x00, 0x00, 0xf3, 0x32, 0x00, 0x00, 0x00, 0x95, 0x00, 0x55, 0x00,
    0x13, 0x00, 0x56, 0x01, 0x73, 0x02, 0x30, 0x00, 0x73, 0x02, 0x13, 0x00, 0x48, 0x05, 0x00, 0x00,
    0x6f, 0x11, 0x55, 0x01, 0x5f, 0x02, 0x4d, 0x07, 0x00, 0x00, 0x0b, 0x00, 0x20, 0x00, 0x73, 0x02,
    0x6e, 0x01, 0x24, 0x00, 0x73, 0x02, 0x20, 0x00, 0x73, 0x02, 0x6e, 0x01, 0x66, 0x00, 0x29, 0x01,
    0x7a, 0x73, 0x6d, 0x61, 0x6b, 0x65, 0x5f, 0x69, 0x64, 0x65, 0x6e, 0x74, 0x69, 0x74, 0x79, 0x5f,
    0x64, 0x69, 0x63, 0x74, 0x28, 0x72, 0x6e, 0x67, 0x29, 0x20, 0x2d, 0x3e, 0x20, 0x64, 0x69, 0x63,
    0x74, 0x0a, 0x0a, 0x52, 0x65, 0x74, 0x75, 0x72, 0x6e, 0x20, 0x61, 0x20, 0x64, 0x69, 0x63, 0x74,
    0x69, 0x6f, 0x6e, 0x61, 0x72, 0x79, 0x20, 0x77, 0x68, 0x65, 0x72, 0x65, 0x20, 0x65, 0x6c, 0x65,
    0x6d, 0x65, 0x6e, 0x74, 0x73, 0x20, 0x6f, 0x66, 0x20, 0x74, 0x68, 0x65, 0x20, 0x72, 0x6e, 0x67,
    0x20, 0x73, 0x65, 0x71, 0x75, 0x65, 0x6e, 0x63, 0x65, 0x20, 0x61, 0x72, 0x65, 0x0a, 0x6d, 0x61,
    0x70, 0x70, 0x65, 0x64, 0x20, 0x74, 0x6f, 0x20, 0x74, 0x68, 0x65, 0x6d, 0x73, 0x65, 0x6c, 0x76,
    0x65, 0x73, 0x2e, 0x0a, 0x0a, 0x72, 0x51, 0x00, 0x00, 0x00, 0x29, 0x02, 0xda, 0x03, 0x72, 0x6e,
    0x67, 0xda, 0x01, 0x69, 0x73, 0x02, 0x00, 0x00, 0x00, 0x20, 0x20, 0x72, 0x3f, 0x00, 0x00, 0x00,
    0xda, 0x12, 0x6d, 0x61, 0x6b, 0x65, 0x5f, 0x69, 0x64, 0x65, 0x6e, 0x74, 0x69, 0x74, 0x79, 0x5f,
    0x64, 0x69, 0x63, 0x74, 0x72, 0x98, 0x01, 0x00, 0x00, 0x37, 0x04, 0x00, 0x00, 0x73, 0x1e, 0x00,
    0x00, 0x00, 0x80, 0x00, 0xf1, 0x10, 0x00, 0x1a, 0x1d, 0xd3, 0x0b, 0x1d, 0x9a, 0x13, 0x90, 0x41,
    0x88, 0x61, 0x8a, 0x43, 0x99, 0x13, 0xd1, 0x0b, 0x1d, 0xd0, 0x04, 0x1d, 0xf9, 0xd2, 0x0b, 0x1d,
    0x73, 0x04, 0x00, 0x00, 0x00, 0x85, 0x0c, 0x14, 0x04, 0x63, 0x01, 0x00, 0x00, 0x00, 0x00, 0x00,
    0x00, 0x00, 0x00, 0x00, 0x00, 0x00, 0x04, 0x00, 0x00, 0x00, 0x03, 0x00, 0x00, 0x00, 0xf3, 0x5a,
    0x00, 0x00, 0x00, 0x95, 0x00, 0x30, 0x00, 0x6e, 0x01, 0x55, 0x00, 0x52, 0x01, 0x00, 0x00, 0x00,
    0x00, 0x00, 0x00, 0x00, 0x00, 0x00, 0x00, 0x00, 0x00, 0x00, 0x00, 0x00, 0x00, 0x00, 0x00, 0x35,
    0x00, 0x00, 0x00, 0x00, 0x00, 0x00, 0x00, 0x13, 0x00, 0x48, 0x14, 0x00, 0x00, 0x75, 0x02, 0x00,
    0x00, 0x70, 0x23, 0x58, 0x31, 0x3b, 0x01, 0x00, 0x00, 0x61, 0x06, 0x00, 0x00, 0x58, 0x21, 0x55,
    0x03, 0x27, 0x00, 0x00, 0x00, 0x4d, 0x10, 0x00, 0x00, 0x53, 0x01, 0x58, 0x13, 0x27, 0x00, 0x00,
    0x00, 0x4d, 0x16, 0x00, 0x00, 0x0b, 0x00, 0x20, 0x00, 0x55, 0x01, 0x24, 0x00, 0x29, 0x02, 0x61,
    0x4d, 0x01, 0x00, 0x00, 0x43, 0x72, 0x65, 0x61, 0x74, 0x65, 0x73, 0x20, 0x61, 0x6e, 0x20, 0x65,
    0x6e, 0x63, 0x6f, 0x64, 0x69, 0x6e, 0x67, 0x20, 0x6d, 0x61, 0x70, 0x20, 0x66, 0x72, 0x6f, 0x6d,
    0x20, 0x61, 0x20, 0x64, 0x65, 0x63, 0x6f, 0x64, 0x69, 0x6e, 0x67, 0x20, 0x6d, 0x61, 0x70, 0x2e,
    0x0a, 0x0a, 0x49, 0x66, 0x20, 0x61, 0x20, 0x74, 0x61, 0x72, 0x67, 0x65, 0x74, 0x20, 0x6d, 0x61,
    0x70, 0x70, 0x69, 0x6e, 0x67, 0x20, 0x69, 0x6e, 0x20, 0x74, 0x68, 0x65, 0x20, 0x64, 0x65, 0x63,
    0x6f, 0x64, 0x69, 0x6e, 0x67, 0x20, 0x6d, 0x61, 0x70, 0x20, 0x6f, 0x63, 0x63, 0x75, 0x72, 0x73,
    0x20, 0x6d, 0x75, 0x6c, 0x74, 0x69, 0x70, 0x6c, 0x65, 0x0a, 0x74, 0x69, 0x6d, 0x65, 0x73, 0x2c,
    0x20, 0x74, 0x68, 0x65, 0x6e, 0x20, 0x74, 0x68, 0x61, 0x74, 0x20, 0x74, 0x61, 0x72, 0x67, 0x65,
    0x74, 0x20, 0x69, 0x73, 0x20, 0x6d, 0x61, 0x70, 0x70, 0x65, 0x64, 0x20, 0x74, 0x6f, 0x20, 0x4e,
    0x6f, 0x6e, 0x65, 0x20, 0x28, 0x75, 0x6e, 0x64, 0x65, 0x66, 0x69, 0x6e, 0x65, 0x64, 0x20, 0x6d,
    0x61, 0x70, 0x70, 0x69, 0x6e, 0x67, 0x29, 0x2c, 0x0a, 0x63, 0x61, 0x75, 0x73, 0x69, 0x6e, 0x67,
    0x20, 0x61, 0x6e, 0x20, 0x65, 0x78, 0x63, 0x65, 0x70, 0x74, 0x69, 0x6f, 0x6e, 0x20, 0x77, 0x68,
    0x65, 0x6e, 0x20, 0x65, 0x6e, 0x63, 0x6f, 0x75, 0x6e, 0x74, 0x65, 0x72, 0x65, 0x64, 0x20, 0x62,
    0x79, 0x20, 0x74, 0x68, 0x65, 0x20, 0x63, 0x68, 0x61, 0x72, 0x6d, 0x61, 0x70, 0x20, 0x63, 0x6f,
    0x64, 0x65, 0x63, 0x0a, 0x64, 0x75, 0x72, 0x69, 0x6e, 0x67, 0x20, 0x74, 0x72, 0x61, 0x6e, 0x73,
    0x6c, 0x61, 0x74, 0x69, 0x6f, 0x6e, 0x2e, 0x0a, 0x0a, 0x4f, 0x6e, 0x65, 0x20, 0x65, 0x78, 0x61,
    0x6d, 0x70, 0x6c, 0x65, 0x20, 0x77, 0x68, 0x65, 0x72, 0x65, 0x20, 0x74, 0x68, 0x69, 0x73, 0x20,
    0x68, 0x61, 0x70, 0x70, 0x65, 0x6e, 0x73, 0x20, 0x69, 0x73, 0x20, 0x63, 0x70, 0x38, 0x37, 0x35,
    0x2e, 0x70, 0x79, 0x20, 0x77, 0x68, 0x69, 0x63, 0x68, 0x20, 0x64, 0x65, 0x63, 0x6f, 0x64, 0x65,
    0x73, 0x0a, 0x6d, 0x75, 0x6c, 0x74, 0x69, 0x70, 0x6c, 0x65, 0x20, 0x63, 0x68, 0x61, 0x72, 0x61,
    0x63, 0x74, 0x65, 0x72, 0x20, 0x74, 0x6f, 0x20, 0x5c, 0x75, 0x30, 0x30, 0x31, 0x61, 0x2e, 0x0a,
    0x0a, 0x4e, 0x29, 0x01, 0xda, 0x05, 0x69, 0x74, 0x65, 0x6d, 0x73, 0x29, 0x04, 0xda, 0x0c, 0x64,
    0x65, 0x63, 0x6f, 0x64, 0x69, 0x6e, 0x67, 0x5f, 0x6d, 0x61, 0x70, 0xda, 0x01, 0x6d, 0xda, 0x01,
    0x6b, 0xda, 0x01, 0x76, 0x73, 0x04, 0x00, 0x00, 0x00, 0x20, 0x20, 0x20, 0x20, 0x72, 0x3f, 0x00,
    0x00, 0x00, 0xda, 0x11, 0x6d, 0x61, 0x6b, 0x65, 0x5f, 0x65, 0x6e, 0x63, 0x6f, 0x64, 0x69, 0x6e,
    0x67, 0x5f, 0x6d, 0x61, 0x70, 0x72, 0x9f, 0x01, 0x00, 0x00, 0x41, 0x04, 0x00, 0x00, 0x73, 0x38,
    0x00, 0x00, 0x00, 0x80, 0x00, 0xf0, 0x1a, 0x00, 0x09, 0x0b, 0x80, 0x41, 0xd8, 0x0f, 0x1b, 0xd7,
    0x0f, 0x21, 0xd1, 0x0f, 0x21, 0xd6, 0x0f, 0x23, 0x89, 0x03, 0x88, 0x01, 0xd8, 0x0f, 0x10, 0x8b,
    0x76, 0xd8, 0x13, 0x14, 0x88, 0x61, 0x8b, 0x44, 0xe0, 0x13, 0x17, 0x88, 0x41, 0x8b, 0x44, 0xf1,
    0x09, 0x00, 0x10, 0x24, 0xf0, 0x0a, 0x00, 0x0c, 0x0d, 0x80, 0x48, 0x72, 0x41, 0x00, 0x00, 0x00,
    0xda, 0x06, 0x69, 0x67, 0x6e, 0x6f, 0x72, 0x65, 0xda, 0x07, 0x72, 0x65, 0x70, 0x6c, 0x61, 0x63,
    0x65, 0xda, 0x11, 0x78, 0x6d, 0x6c, 0x63, 0x68, 0x61, 0x72, 0x72, 0x65, 0x66, 0x72, 0x65, 0x70,
    0x6c, 0x61, 0x63, 0x65, 0xda, 0x10, 0x62, 0x61, 0x63, 0x6b, 0x73, 0x6c, 0x61, 0x73, 0x68, 0x72,
    0x65, 0x70, 0x6c, 0x61, 0x63, 0x65, 0xda, 0x0b, 0x6e, 0x61, 0x6d, 0x65, 0x72, 0x65, 0x70, 0x6c,
    0x61, 0x63, 0x65, 0x29, 0x04, 0xda, 0x01, 0x72, 0x4e, 0x72, 0x5e, 0x00, 0x00, 0x00, 0x72, 0x07,
    0x01, 0x00, 0x00, 0x29, 0x02, 0x4e, 0x72, 0x5e, 0x00, 0x00, 0x00, 0x72, 0x5d, 0x00, 0x00, 0x00,
    0x29, 0x39, 0x72, 0x4f, 0x00, 0x00, 0x00, 0x72, 0x77, 0x01, 0x00, 0x00, 0xda, 0x03, 0x73, 0x79,
    0x73, 0xda, 0x07, 0x5f, 0x63, 0x6f, 0x64, 0x65, 0x63, 0x73, 0xda, 0x0b, 0x49, 0x6d, 0x70, 0x6f,
    0x72, 0x74, 0x45, 0x72, 0x72, 0x6f, 0x72, 0xda, 0x03, 0x77, 0x68, 0x79, 0xda, 0x0b, 0x53, 0x79,
    0x73, 0x74, 0x65, 0x6d, 0x45, 0x72, 0x72, 0x6f, 0x72, 0xda, 0x07, 0x5f, 0x5f, 0x61, 0x6c, 0x6c,
    0x5f, 0x5f, 0x72, 0x0f, 0x00, 0x00, 0x00, 0x72, 0x0a, 0x00, 0x00, 0x00, 0x72, 0x11, 0x00, 0x00,
    0x00, 0x72, 0x09, 0x00, 0x00, 0x00, 0x72, 0x12, 0x00, 0x00, 0x00, 0x72, 0x14, 0x00, 0x00, 0x00,
    0x72, 0x15, 0x00, 0x00, 0x00, 0xda, 0x09, 0x62, 0x79, 0x74, 0x65, 0x6f, 0x72, 0x64, 0x65, 0x72,
    0x72, 0x08, 0x00, 0x00, 0x00, 0x72, 0x10, 0x00, 0x00, 0x00, 0x72, 0x13, 0x00, 0x00, 0x00, 0x72,
    0x0c, 0x00, 0x00, 0x00, 0x72, 0x0b, 0x00, 0x00, 0x00, 0x72, 0x0e, 0x00, 0x00, 0x00, 0x72, 0x0d,
    0x00, 0x00, 0x00, 0x72, 0x36, 0x00, 0x00, 0x00, 0x72, 0x16, 0x00, 0x00, 0x00, 0x72, 0x17, 0x00,
    0x00, 0x00, 0x72, 0xb6, 0x00, 0x00, 0x00, 0x72, 0x18, 0x00, 0x00, 0x00, 0x72, 0x7a, 0x00, 0x00,
    0x00, 0x72, 0x19, 0x00, 0x00, 0x00, 0x72, 0xa0, 0x00, 0x00, 0x00, 0x72, 0x1b, 0x00, 0x00, 0x00,
    0x72, 0x1a, 0x00, 0x00, 0x00, 0x72, 0x1c, 0x00, 0x00, 0x00, 0x72, 0x1d, 0x00, 0x00, 0x00, 0x72,
    0x06, 0x00, 0x00, 0x00, 0x72, 0x07, 0x00, 0x00, 0x00, 0x72, 0x1e, 0x00, 0x00, 0x00, 0x72, 0x1f,
    0x00, 0x00, 0x00, 0x72, 0x20, 0x00, 0x00, 0x00, 0x72, 0x21, 0x00, 0x00, 0x00, 0x72, 0x22, 0x00,
    0x00, 0x00, 0x72, 0x23, 0x00, 0x00, 0x00, 0x72, 0x26, 0x00, 0x00, 0x00, 0x72, 0x27, 0x00, 0x00,
    0x00, 0x72, 0x98, 0x01, 0x00, 0x00, 0x72, 0x9f, 0x01, 0x00, 0x00, 0x72, 0x2f, 0x00, 0x00, 0x00,
    0x72, 0x28, 0x00, 0x00, 0x00, 0x72, 0x29, 0x00, 0x00, 0x00, 0x72, 0x2a, 0x00, 0x00, 0x00, 0x72,
    0x2b, 0x00, 0x00, 0x00, 0x72, 0x2c, 0x00, 0x00, 0x00, 0x72, 0x2d, 0x00, 0x00, 0x00, 0x72, 0x87,
    0x01, 0x00, 0x00, 0xda, 0x06, 0x5f, 0x66, 0x61, 0x6c, 0x73, 0x65, 0xda, 0x09, 0x65, 0x6e, 0x63,
    0x6f, 0x64, 0x69, 0x6e, 0x67, 0x73, 0x72, 0x51, 0x00, 0x00, 0x00, 0x72, 0x41, 0x00, 0x00, 0x00,
    0x72, 0x3f, 0x00, 0x00, 0x00, 0xda, 0x08, 0x3c, 0x6d, 0x6f, 0x64, 0x75, 0x6c, 0x65, 0x3e, 0x72,
    0xaf, 0x01, 0x00, 0x00, 0x01, 0x00, 0x00, 0x00, 0x73, 0x15, 0x02, 0x00, 0x00, 0xf0, 0x03, 0x01,
    0x01, 0x01, 0xf1, 0x02, 0x07, 0x01, 0x04, 0xf3, 0x12, 0x00, 0x01, 0x10, 0xdb, 0x00, 0x0a, 0xf0,
    0x08, 0x03, 0x01, 0x45, 0x01, 0xdc, 0x04, 0x19, 0xf2, 0x08, 0x0d, 0x0b, 0x2d, 0x80, 0x07, 0xf0,
    0x30, 0x00, 0x0c, 0x1b, 0x80, 0x08, 0xf0, 0x06, 0x00, 0x19, 0x24, 0xd0, 0x00, 0x23, 0x80, 0x06,
    0x88, 0x1c, 0xf0, 0x06, 0x00, 0x19, 0x24, 0xd0, 0x00, 0x23, 0x80, 0x06, 0x88, 0x1c, 0xf0, 0x06,
    0x00, 0x10, 0x23, 0x80, 0x0c, 0xf0, 0x06, 0x00, 0x10, 0x23, 0x80, 0x0c, 0xe0, 0x03, 0x06, 0x87,
    0x3d, 0x81, 0x3d, 0x90, 0x48, 0xd3, 0x03, 0x1c, 0xf0, 0x06, 0x00, 0x17, 0x23, 0xd0, 0x04, 0x22,
    0x80, 0x43, 0x88, 0x29, 0xf0, 0x06, 0x00, 0x11, 0x1d, 0x81, 0x49, 0xf0, 0x0a, 0x00, 0x17, 0x23,
    0xd0, 0x04, 0x22, 0x80, 0x43, 0x88, 0x29, 0xf0, 0x06, 0x00, 0x11, 0x1d, 0x80, 0x49, 0xf0, 0x06,
    0x00, 0x0c, 0x18, 0x80, 0x08, 0xd8, 0x0b, 0x17, 0x80, 0x08, 0xd8, 0x0b, 0x17, 0x80, 0x08, 0xd8,
    0x0b, 0x17, 0x80, 0x08, 0xf4, 0x0a, 0x20, 0x01, 0x1b, 0x90, 0x05, 0xf4, 0x00, 0x20, 0x01, 0x1b,
    0xf7, 0x44, 0x01, 0x40, 0x01, 0x01, 0x22, 0xf1, 0x00, 0x40, 0x01, 0x01, 0x22, 0xf4, 0x44, 0x02,
    0x26, 0x01, 0x0c, 0x98, 0x16, 0xf4, 0x00, 0x26, 0x01, 0x0c, 0xf4, 0x50, 0x01, 0x20, 0x01, 0x22,
    0xd0, 0x21, 0x33, 0xf4, 0x00, 0x20, 0x01, 0x22, 0xf4, 0x44, 0x01, 0x2f, 0x01, 0x0c, 0x98, 0x16,
    0xf4, 0x00, 0x2f, 0x01, 0x0c, 0xf4, 0x62, 0x01, 0x22, 0x01, 0x1f, 0xd0, 0x21, 0x33, 0xf4, 0x00,
    0x22, 0x01, 0x1f, 0xf4, 0x56, 0x01, 0x48, 0x01, 0x01, 0x48, 0x01, 0x90, 0x35, 0xf4, 0x00, 0x48,
    0x01, 0x01, 0x48, 0x01, 0xf4, 0x58, 0x02, 0x78, 0x03, 0x01, 0x48, 0x01, 0x90, 0x35, 0xf4, 0x00,
    0x78, 0x03, 0x01, 0x48, 0x01, 0xf7, 0x78, 0x07, 0x56, 0x01, 0x01, 0x48, 0x01, 0xf1, 0x00, 0x56,
    0x01, 0x01, 0x48, 0x01, 0xf7, 0x74, 0x02, 0x73, 0x01, 0x01, 0x48, 0x01, 0xf1, 0x00, 0x73, 0x01,
    0x01, 0x48, 0x01, 0xf4, 0x6e, 0x03, 0x2f, 0x01, 0x0e, 0xf4, 0x62, 0x01, 0x22, 0x01, 0x0e, 0xf2,
    0x4c, 0x01, 0x08, 0x01, 0x23, 0xf2, 0x14, 0x08, 0x01, 0x23, 0xf2, 0x14, 0x0c, 0x01, 0x13, 0xf2,
    0x1c, 0x0c, 0x01, 0x13, 0xf2, 0x1c, 0x08, 0x01, 0x29, 0xf2, 0x14, 0x08, 0x01, 0x29, 0xf4, 0x14,
    0x10, 0x01, 0x15, 0xf4, 0x24, 0x10, 0x01, 0x15, 0xf2, 0x28, 0x08, 0x01, 0x1e, 0xf2, 0x14, 0x13,
    0x01, 0x0d, 0xf0, 0x2e, 0x0e, 0x01, 0x1e, 0xd9, 0x14, 0x20, 0xa0, 0x18, 0xd3, 0x14, 0x2a, 0x80,
    0x4d, 0xd9, 0x14, 0x20, 0xa0, 0x18, 0xd3, 0x14, 0x2a, 0x80, 0x4d, 0xd9, 0x15, 0x21, 0xa0, 0x29,
    0xd3, 0x15, 0x2c, 0x80, 0x4e, 0xd9, 0x1f, 0x2b, 0xd0, 0x2c, 0x3f, 0xd3, 0x1f, 0x40, 0xd0, 0x04,
    0x1c, 0xd9, 0x1e, 0x2a, 0xd0, 0x2b, 0x3d, 0xd3, 0x1e, 0x3e, 0xd0, 0x04, 0x1b, 0xd9, 0x19, 0x25,
    0xa0, 0x6d, 0xd3, 0x19, 0x34, 0xd0, 0x04, 0x16, 0xf0, 0x18, 0x00, 0x0a, 0x0b, 0x80, 0x06, 0xde,
    0x03, 0x09, 0xdc, 0x04, 0x14, 0xf0, 0x03, 0x00, 0x04, 0x0a, 0xf8, 0xf0, 0x75, 0x22, 0x00, 0x08,
    0x13, 0xf3, 0x00, 0x01, 0x01, 0x45, 0x01, 0xd9, 0x0a, 0x15, 0xd0, 0x16, 0x3d, 0xc0, 0x03, 0xd1,
    0x16, 0x43, 0xd3, 0x0a, 0x44, 0xd0, 0x04, 0x44, 0xfb, 0xf0, 0x03, 0x01, 0x01, 0x45, 0x01, 0xfb,
    0xf0, 0x5c, 0x22, 0x00, 0x08, 0x13, 0xf3, 0x00, 0x07, 0x01, 0x1e, 0xe0, 0x14, 0x18, 0x80, 0x4d,
    0xd8, 0x14, 0x18, 0x80, 0x4d, 0xd8, 0x15, 0x19, 0x80, 0x4e, 0xd8, 0x1f, 0x23, 0xd0, 0x04, 0x1c,
    0xd8, 0x1e, 0x22, 0xd0, 0x04, 0x1b, 0xd8, 0x19, 0x1d, 0xd2, 0x04, 0x16, 0xf0, 0x0f, 0x07, 0x01,
    0x1e, 0xfa, 0x73, 0x29, 0x00, 0x00, 0x00, 0x8c, 0x05, 0x44, 0x1f, 0x00, 0xc3, 0x20, 0x30, 0x44,
    0x38, 0x00, 0xc4, 0x1f, 0x06, 0x44, 0x35, 0x03, 0xc4, 0x25, 0x0b, 0x44, 0x30, 0x03, 0xc4, 0x30,
    0x05, 0x44, 0x35, 0x03, 0xc4, 0x38, 0x12, 0x45, 0x0d, 0x03, 0xc5, 0x0c, 0x01, 0x45, 0x0d, 0x03,
};
/* codecs: 40528 bytes, is_package=0 */

static unsigned char frozen__collections_abc[] = {
    0xe3, 0x00, 0x00, 0x00, 0x00, 0x00, 0x00, 0x00, 0x00, 0x00, 0x00, 0x00, 0x00, 0x08, 0x00, 0x00,
    0x00, 0x00, 0x00, 0x00, 0x00, 0xf3, 0x5c, 0x0a, 0x00, 0x00, 0x95, 0x00, 0x53, 0x00, 0x72, 0x00,
    0x53, 0x01, 0x53, 0x02, 0x4b, 0x01, 0x4a, 0x02, 0x72, 0x02, 0x4a, 0x03, 0x72, 0x03, 0x20, 0x00,
    0x53, 0x01, 0x53, 0x03, 0x4b, 0x04, 0x72, 0x04, 0x5c, 0x05, 0x22, 0x00, 0x5c, 0x06, 0x5c, 0x07,
    0x05, 0x00, 0x00, 0x00, 0x35, 0x01, 0x00, 0x00, 0x00, 0x00, 0x00, 0x00, 0x72, 0x08, 0x5c, 0x05,
    0x22, 0x00, 0x53, 0x04, 0x35, 0x01, 0x00, 0x00, 0x00, 0x00, 0x00, 0x00, 0x72, 0x09, 0x53, 0x05,
    0x1a, 0x00, 0x72, 0x0a, 0x5c, 0x05, 0x22, 0x00, 0x5c, 0x0a, 0x35, 0x01, 0x00, 0x00, 0x00, 0x00,
    0x00, 0x00, 0x72, 0x0b, 0x43, 0x0a, 0x2f, 0x00, 0x53, 0x06, 0x51, 0x01, 0x72, 0x0c, 0x53, 0x07,
    0x72, 0x0d, 0x5c, 0x05, 0x22, 0x00, 0x5c, 0x0e, 0x22, 0x00, 0x53, 0x08, 0x35, 0x01, 0x00, 0x00,
    0x00, 0x00, 0x00, 0x00, 0x35, 0x01, 0x00, 0x00, 0x00, 0x00, 0x00, 0x00, 0x72, 0x0f, 0x5c, 0x05,
    0x22, 0x00, 0x5c, 0x0e, 0x22, 0x00, 0x5c, 0x10, 0x22, 0x00, 0x35, 0x00, 0x00, 0x00, 0x00, 0x00,
    0x00, 0x00, 0x35, 0x01, 0x00, 0x00, 0x00, 0x00, 0x00, 0x00, 0x35, 0x01, 0x00, 0x00, 0x00, 0x00,
    0x00, 0x00, 0x72, 0x11, 0x5c, 0x05, 0x22, 0x00, 0x5c, 0x0e, 0x22, 0x00, 0x30, 0x00, 0x52, 0x25,
    0x00, 0x00, 0x00, 0x00, 0x00, 0x00, 0x00, 0x00, 0x00, 0x00, 0x00, 0x00, 0x00, 0x00, 0x00, 0x00,
    0x00, 0x00, 0x35, 0x00, 0x00, 0x00, 0x00, 0x00, 0x00, 0x00, 0x35, 0x01, 0x00, 0x00, 0x00, 0x00,
    0x00, 0x00, 0x35, 0x01, 0x00, 0x00, 0x00, 0x00, 0x00, 0x00, 0x72, 0x13, 0x5c, 0x05, 0x22, 0x00,
    0x5c, 0x0e, 0x22, 0x00, 0x30, 0x00, 0x52, 0x29, 0x00, 0x00, 0x00, 0x00, 0x00, 0x00, 0x00, 0x00,
    0x00, 0x00, 0x00, 0x00, 0x00, 0x00, 0x00, 0x00, 0x00, 0x00, 0x35, 0x00, 0x00, 0x00, 0x00, 0x00,
    0x00, 0x00, 0x35, 0x01, 0x00, 0x00, 0x00, 0x00, 0x00, 0x00, 0x35, 0x01, 0x00, 0x00, 0x00, 0x00,
    0x00, 0x00, 0x72, 0x15, 0x5c, 0x05, 0x22, 0x00, 0x5c, 0x0e, 0x22, 0x00, 0x30, 0x00, 0x52, 0x2d,
    0x00, 0x00, 0x00, 0x00, 0x00, 0x00, 0x00, 0x00, 0x00, 0x00, 0x00, 0x00, 0x00, 0x00, 0x00, 0x00,
    0x00, 0x00, 0x35, 0x00, 0x00, 0x00, 0x00, 0x00, 0x00, 0x00, 0x35, 0x01, 0x00, 0x00, 0x00, 0x00,
    0x00, 0x00, 0x35, 0x01, 0x00, 0x00, 0x00, 0x00, 0x00, 0x00, 0x72, 0x17, 0x5c, 0x05, 0x22, 0x00,
    0x5c, 0x0e, 0x22, 0x00, 0x2f, 0x00, 0x35, 0x01, 0x00, 0x00, 0x00, 0x00, 0x00, 0x00, 0x35, 0x01,
    0x00, 0x00, 0x00, 0x00, 0x00, 0x00, 0x72, 0x18, 0x5c, 0x05, 0x22, 0x00, 0x5c, 0x0e, 0x22, 0x00,
    0x5c, 0x19, 0x22, 0x00, 0x2f, 0x00, 0x35, 0x01, 0x00, 0x00, 0x00, 0x00, 0x00, 0x00, 0x35, 0x01,
    0x00, 0x00, 0x00, 0x00, 0x00, 0x00, 0x35, 0x01, 0x00, 0x00, 0x00, 0x00, 0x00, 0x00, 0x72, 0x1a,
    0x5c, 0x05, 0x22, 0x00, 0x5c, 0x0e, 0x22, 0x00, 0x5c, 0x1b, 0x22, 0x00, 0x53, 0x01, 0x35, 0x01,
    0x00, 0x00, 0x00, 0x00, 0x00, 0x00, 0x35, 0x01, 0x00, 0x00, 0x00, 0x00, 0x00, 0x00, 0x35, 0x01,
    0x00, 0x00, 0x00, 0x00, 0x00, 0x00, 0x72, 0x1c, 0x5c, 0x05, 0x22, 0x00, 0x5c, 0x0e, 0x22, 0x00,
    0x5c, 0x1b, 0x22, 0x00, 0x53, 0x09, 0x53, 0x0a, 0x2d, 0x03, 0x00, 0x00, 0x35, 0x01, 0x00, 0x00,
    0x00, 0x00, 0x00, 0x00, 0x35, 0x01, 0x00, 0x00, 0x00, 0x00, 0x00, 0x00, 0x35, 0x01, 0x00, 0x00,
    0x00, 0x00, 0x00, 0x00, 0x72, 0x1d, 0x5c, 0x05, 0x22, 0x00, 0x5c, 0x0e, 0x22, 0x00, 0x5c, 0x1e,
    0x22, 0x00, 0x35, 0x00, 0x00, 0x00, 0x00, 0x00, 0x00, 0x00, 0x35, 0x01, 0x00, 0x00, 0x00, 0x00,
    0x00, 0x00, 0x35, 0x01, 0x00, 0x00, 0x00, 0x00, 0x00, 0x00, 0x72, 0x1f, 0x5c, 0x05, 0x22, 0x00,
    0x5c, 0x0e, 0x22, 0x00, 0x53, 0x0b, 0x35, 0x01, 0x00, 0x00, 0x00, 0x00, 0x00, 0x00, 0x35, 0x01,
    0x00, 0x00, 0x00, 0x00, 0x00, 0x00, 0x72, 0x20, 0x5c, 0x05, 0x22, 0x00, 0x5c, 0x0e, 0x22, 0x00,
    0x53, 0x0c, 0x35, 0x01, 0x00, 0x00, 0x00, 0x00, 0x00, 0x00, 0x35, 0x01, 0x00, 0x00, 0x00, 0x00,
    0x00, 0x00, 0x72, 0x21, 0x5c, 0x05, 0x22, 0x00, 0x5c, 0x0e, 0x22, 0x00, 0x5c, 0x22, 0x22, 0x00,
    0x35, 0x00, 0x00, 0x00, 0x00, 0x00, 0x00, 0x00, 0x35, 0x01, 0x00, 0x00, 0x00, 0x00, 0x00, 0x00,
    0x35, 0x01, 0x00, 0x00, 0x00, 0x00, 0x00, 0x00, 0x72, 0x23, 0x5c, 0x05, 0x22, 0x00, 0x30, 0x00,
    0x52, 0x25, 0x00, 0x00, 0x00, 0x00, 0x00, 0x00, 0x00, 0x00, 0x00, 0x00, 0x00, 0x00, 0x00, 0x00,
    0x00, 0x00, 0x00, 0x00, 0x35, 0x00, 0x00, 0x00, 0x00, 0x00, 0x00, 0x00, 0x35, 0x01, 0x00, 0x00,
    0x00, 0x00, 0x00, 0x00, 0x72, 0x24, 0x5c, 0x05, 0x22, 0x00, 0x30, 0x00, 0x52, 0x29, 0x00, 0x00,
    0x00, 0x00, 0x00, 0x00, 0x00, 0x00, 0x00, 0x00, 0x00, 0x00, 0x00, 0x00, 0x00, 0x00, 0x00, 0x00,
    0x35, 0x00, 0x00, 0x00, 0x00, 0x00, 0x00, 0x00, 0x35, 0x01, 0x00, 0x00, 0x00, 0x00, 0x00, 0x00,
    0x72, 0x25, 0x5c, 0x05, 0x22, 0x00, 0x30, 0x00, 0x52, 0x2d, 0x00, 0x00, 0x00, 0x00, 0x00, 0x00,
    0x00, 0x00, 0x00, 0x00, 0x00, 0x00, 0x00, 0x00, 0x00, 0x00, 0x00, 0x00, 0x35, 0x00, 0x00, 0x00,
    0x00, 0x00, 0x00, 0x00, 0x35, 0x01, 0x00, 0x00, 0x00, 0x00, 0x00, 0x00, 0x72, 0x26, 0x5c, 0x05,
    0x22, 0x00, 0x5c, 0x05, 0x52, 0x4e, 0x00, 0x00, 0x00, 0x00, 0x00, 0x00, 0x00, 0x00, 0x00, 0x00,
    0x00, 0x00, 0x00, 0x00, 0x00, 0x00, 0x00, 0x00, 0x35, 0x01, 0x00, 0x00, 0x00, 0x00, 0x00, 0x00,
    0x72, 0x28, 0x53, 0x0d, 0x1a, 0x00, 0x72, 0x29, 0x5c, 0x29, 0x22, 0x00, 0x35, 0x00, 0x00, 0x00,
    0x00, 0x00, 0x00, 0x00, 0x72, 0x2a, 0x43, 0x29, 0x5c, 0x05, 0x22, 0x00, 0x53, 0x0e, 0x1a, 0x00,
    0x22, 0x00, 0x35, 0x00, 0x00, 0x00, 0x00, 0x00, 0x00, 0x00, 0x35, 0x01, 0x00, 0x00, 0x00, 0x00,
    0x00, 0x00, 0x72, 0x2b, 0x53, 0x0f, 0x1a, 0x00, 0x72, 0x2c, 0x5c, 0x2c, 0x22, 0x00, 0x35, 0x00,
    0x00, 0x00, 0x00, 0x00, 0x00, 0x00, 0x72, 0x2c, 0x5c, 0x05, 0x22, 0x00, 0x5c, 0x2c, 0x35, 0x01,
    0x00, 0x00, 0x00, 0x00, 0x00, 0x00, 0x72, 0x2d, 0x5c, 0x2c, 0x52, 0x5d, 0x00, 0x00, 0x00, 0x00,
    0x00, 0x00, 0x00, 0x00, 0x00, 0x00, 0x00, 0x00, 0x00, 0x00, 0x00, 0x00, 0x00, 0x00, 0x35, 0x00,
    0x00, 0x00, 0x00, 0x00, 0x00, 0x00, 0x20, 0x00, 0x43, 0x2c, 0x53, 0x10, 0x1a, 0x00, 0x72, 0x2f,
    0x5c, 0x2f, 0x22, 0x00, 0x35, 0x00, 0x00, 0x00, 0x00, 0x00, 0x00, 0x00, 0x72, 0x2f, 0x5c, 0x05,
    0x22, 0x00, 0x5c, 0x2f, 0x35, 0x01, 0x00, 0x00, 0x00, 0x00, 0x00, 0x00, 0x72, 0x30, 0x43, 0x2f,
    0x53, 0x11, 0x1a, 0x00, 0x72, 0x31, 0x18, 0x00, 0x22, 0x00, 0x53, 0x12, 0x1a, 0x00, 0x53, 0x13,
    0x5c, 0x02, 0x53, 0x14, 0x39, 0x03, 0x72, 0x32, 0x18, 0x00, 0x22, 0x00, 0x53, 0x15, 0x1a, 0x00,
    0x53, 0x16, 0x5c, 0x02, 0x53, 0x14, 0x39, 0x03, 0x72, 0x33, 0x18, 0x00, 0x22, 0x00, 0x53, 0x17,
    0x1a, 0x00, 0x53, 0x18, 0x5c, 0x33, 0x35, 0x03, 0x00, 0x00, 0x00, 0x00, 0x00, 0x00, 0x72, 0x34,
    0x5c, 0x34, 0x52, 0x6b, 0x00, 0x00, 0x00, 0x00, 0x00, 0x00, 0x00, 0x00, 0x00, 0x00, 0x00, 0x00,
    0x00, 0x00, 0x00, 0x00, 0x00, 0x00, 0x5c, 0x2d, 0x35, 0x01, 0x00, 0x00, 0x00, 0x00, 0x00, 0x00,
    0x20, 0x00, 0x18, 0x00, 0x22, 0x00, 0x53, 0x19, 0x1a, 0x00, 0x53, 0x1a, 0x5c, 0x02, 0x53, 0x14,
    0x39, 0x03, 0x72, 0x36, 0x18, 0x00, 0x22, 0x00, 0x53, 0x1b, 0x1a, 0x00, 0x53, 0x1c, 0x5c, 0x36,
    0x35, 0x03, 0x00, 0x00, 0x00, 0x00, 0x00, 0x00, 0x72, 0x37, 0x18, 0x00, 0x22, 0x00, 0x53, 0x1d,
    0x1a, 0x00, 0x53, 0x1e, 0x5c, 0x37, 0x35, 0x03, 0x00, 0x00, 0x00, 0x00, 0x00, 0x00, 0x72, 0x38,
    0x5c, 0x38, 0x52, 0x6b, 0x00, 0x00, 0x00, 0x00, 0x00, 0x00, 0x00, 0x00, 0x00, 0x00, 0x00, 0x00,
    0x00, 0x00, 0x00, 0x00, 0x00, 0x00, 0x5c, 0x30, 0x35, 0x01, 0x00, 0x00, 0x00, 0x00, 0x00, 0x00,
    0x20, 0x00, 0x18, 0x00, 0x22, 0x00, 0x53, 0x1f, 0x1a, 0x00, 0x53, 0x20, 0x5c, 0x02, 0x53, 0x14,
    0x39, 0x03, 0x72, 0x39, 0x18, 0x00, 0x22, 0x00, 0x53, 0x21, 0x1a, 0x00, 0x53, 0x22, 0x5c, 0x39,
    0x35, 0x03, 0x00, 0x00, 0x00, 0x00, 0x00, 0x00, 0x72, 0x3a, 0x5c, 0x3a, 0x52, 0x6b, 0x00, 0x00,
    0x00, 0x00, 0x00, 0x00, 0x00, 0x00, 0x00, 0x00, 0x00, 0x00, 0x00, 0x00, 0x00, 0x00, 0x00, 0x00,
    0x5c, 0x0f, 0x35, 0x01, 0x00, 0x00, 0x00, 0x00, 0x00, 0x00, 0x20, 0x00, 0x5c, 0x3a, 0x52, 0x6b,
    0x00, 0x00, 0x00, 0x00, 0x00, 0x00, 0x00, 0x00, 0x00, 0x00, 0x00, 0x00, 0x00, 0x00, 0x00, 0x00,
    0x00, 0x00, 0x5c, 0x11, 0x35, 0x01, 0x00, 0x00, 0x00, 0x00, 0x00, 0x00, 0x20, 0x00, 0x5c, 0x3a,
    0x52, 0x6b, 0x00, 0x00, 0x00, 0x00, 0x00, 0x00, 0x00, 0x00, 0x00, 0x00, 0x00, 0x00, 0x00, 0x00,
    0x00, 0x00, 0x00, 0x00, 0x5c, 0x13, 0x35, 0x01, 0x00, 0x00, 0x00, 0x00, 0x00, 0x00, 0x20, 0x00,
    0x5c, 0x3a, 0x52, 0x6b, 0x00, 0x00, 0x00, 0x00, 0x00, 0x00, 0x00, 0x00, 0x00, 0x00, 0x00, 0x00,
    0x00, 0x00, 0x00, 0x00, 0x00, 0x00, 0x5c, 0x15, 0x35, 0x01, 0x00, 0x00, 0x00, 0x00, 0x00, 0x00,
    0x20, 0x00, 0x5c, 0x3a, 0x52, 0x6b, 0x00, 0x00, 0x00, 0x00, 0x00, 0x00, 0x00, 0x00, 0x00, 0x00,
    0x00, 0x00, 0x00, 0x00, 0x00, 0x00, 0x00, 0x00, 0x5c, 0x17, 0x35, 0x01, 0x00, 0x00, 0x00, 0x00,
    0x00, 0x00, 0x20, 0x00, 0x5c, 0x3a, 0x52, 0x6b, 0x00, 0x00, 0x00, 0x00, 0x00, 0x00, 0x00, 0x00,
    0x00, 0x00, 0x00, 0x00, 0x00, 0x00, 0x00, 0x00, 0x00, 0x00, 0x5c, 0x18, 0x35, 0x01, 0x00, 0x00,
    0x00, 0x00, 0x00, 0x00, 0x20, 0x00, 0x5c, 0x3a, 0x52, 0x6b, 0x00, 0x00, 0x00, 0x00, 0x00, 0x00,
    0x00, 0x00, 0x00, 0x00, 0x00, 0x00, 0x00, 0x00, 0x00, 0x00, 0x00, 0x00, 0x5c, 0x1a, 0x35, 0x01,
    0x00, 0x00, 0x00, 0x00, 0x00, 0x00, 0x20, 0x00, 0x5c, 0x3a, 0x52, 0x6b, 0x00, 0x00, 0x00, 0x00,
    0x00, 0x00, 0x00, 0x00, 0x00, 0x00, 0x00, 0x00, 0x00, 0x00, 0x00, 0x00, 0x00, 0x00, 0x5c, 0x1c,
    0x35, 0x01, 0x00, 0x00, 0x00, 0x00, 0x00, 0x00, 0x20, 0x00, 0x5c, 0x3a, 0x52, 0x6b, 0x00, 0x00,
    0x00, 0x00, 0x00, 0x00, 0x00, 0x00, 0x00, 0x00, 0x00, 0x00, 0x00, 0x00, 0x00, 0x00, 0x00, 0x00,
    0x5c, 0x1d, 0x35, 0x01, 0x00, 0x00, 0x00, 0x00, 0x00, 0x00, 0x20, 0x00, 0x5c, 0x3a, 0x52, 0x6b,
    0x00, 0x00, 0x00, 0x00, 0x00, 0x00, 0x00, 0x00, 0x00, 0x00, 0x00, 0x00, 0x00, 0x00, 0x00, 0x00,
    0x00, 0x00, 0x5c, 0x1f, 0x35, 0x01, 0x00, 0x00, 0x00, 0x00, 0x00, 0x00, 0x20, 0x00, 0x5c, 0x3a,
    0x52, 0x6b, 0x00, 0x00, 0x00, 0x00, 0x00, 0x00, 0x00, 0x00, 0x00, 0x00, 0x00, 0x00, 0x00, 0x00,
    0x00, 0x00, 0x00, 0x00, 0x5c, 0x20, 0x35, 0x01, 0x00, 0x00, 0x00, 0x00, 0x00, 0x00, 0x20, 0x00,
    0x5c, 0x3a, 0x52, 0x6b, 0x00, 0x00, 0x00, 0x00, 0x00, 0x00, 0x00, 0x00, 0x00, 0x00, 0x00, 0x00,
    0x00, 0x00, 0x00, 0x00, 0x00, 0x00, 0x5c, 0x21, 0x35, 0x01, 0x00, 0x00, 0x00, 0x00, 0x00, 0x00,
    0x20, 0x00, 0x5c, 0x3a, 0x52, 0x6b, 0x00, 0x00, 0x00, 0x00, 0x00, 0x00, 0x00, 0x00, 0x00, 0x00,
    0x00, 0x00, 0x00, 0x00, 0x00, 0x00, 0x00, 0x00, 0x5c, 0x23, 0x35, 0x01, 0x00, 0x00, 0x00, 0x00,
    0x00, 0x00, 0x20, 0x00, 0x18, 0x00, 0x22, 0x00, 0x53, 0x23, 0x1a, 0x00, 0x53, 0x24, 0x5c, 0x39,
    0x35, 0x03, 0x00, 0x00, 0x00, 0x00, 0x00, 0x00, 0x72, 0x3b, 0x18, 0x00, 0x22, 0x00, 0x53, 0x25,
    0x1a, 0x00, 0x53, 0x26, 0x5c, 0x3a, 0x35, 0x03, 0x00, 0x00, 0x00, 0x00, 0x00, 0x00, 0x72, 0x3c,
    0x5c, 0x3c, 0x52, 0x6b, 0x00, 0x00, 0x00, 0x00, 0x00, 0x00, 0x00, 0x00, 0x00, 0x00, 0x00, 0x00,
    0x00, 0x00, 0x00, 0x00, 0x00, 0x00, 0x5c, 0x2b, 0x35, 0x01, 0x00, 0x00, 0x00, 0x00, 0x00, 0x00,
    0x20, 0x00, 0x18, 0x00, 0x22, 0x00, 0x53, 0x27, 0x1a, 0x00, 0x53, 0x28, 0x5c, 0x02, 0x53, 0x14,
    0x39, 0x03, 0x72, 0x3d, 0x18, 0x00, 0x22, 0x00, 0x53, 0x29, 0x1a, 0x00, 0x53, 0x2a, 0x5c, 0x02,
    0x53, 0x14, 0x39, 0x03, 0x72, 0x3e, 0x18, 0x00, 0x22, 0x00, 0x53, 0x2b, 0x1a, 0x00, 0x53, 0x2c,
    0x5c, 0x3d, 0x5c, 0x39, 0x5c, 0x3e, 0x35, 0x05, 0x00, 0x00, 0x00, 0x00, 0x00, 0x00, 0x72, 0x3f,
    0x18, 0x00, 0x22, 0x00, 0x53, 0x2d, 0x1a, 0x00, 0x53, 0x2e, 0x5c, 0x02, 0x53, 0x14, 0x39, 0x03,
    0x72, 0x40, 0x18, 0x00, 0x22, 0x00, 0x53, 0x2f, 0x1a, 0x00, 0x53, 0x30, 0x5c, 0x08, 0x35, 0x03,
    0x00, 0x00, 0x00, 0x00, 0x00, 0x00, 0x72, 0x41, 0x53, 0x31, 0x1a, 0x00, 0x72, 0x42, 0x53, 0x32,
    0x1a, 0x00, 0x72, 0x43, 0x18, 0x00, 0x22, 0x00, 0x53, 0x33, 0x1a, 0x00, 0x53, 0x34, 0x5c, 0x02,
    0x53, 0x14, 0x39, 0x03, 0x72, 0x44, 0x18, 0x00, 0x22, 0x00, 0x53, 0x35, 0x1a, 0x00, 0x53, 0x36,
    0x5c, 0x3f, 0x35, 0x03, 0x00, 0x00, 0x00, 0x00, 0x00, 0x00, 0x72, 0x45, 0x5c, 0x45, 0x52, 0x6b,
    0x00, 0x00, 0x00, 0x00, 0x00, 0x00, 0x00, 0x00, 0x00, 0x00, 0x00, 0x00, 0x00, 0x00, 0x00, 0x00,
    0x00, 0x00, 0x5c, 0x46, 0x35, 0x01, 0x00, 0x00, 0x00, 0x00, 0x00, 0x00, 0x20, 0x00, 0x18, 0x00,
    0x22, 0x00, 0x53, 0x37, 0x1a, 0x00, 0x53, 0x38, 0x5c, 0x45, 0x35, 0x03, 0x00, 0x00, 0x00, 0x00,
    0x00, 0x00, 0x72, 0x47, 0x5c, 0x47, 0x52, 0x6b, 0x00, 0x00, 0x00, 0x00, 0x00, 0x00, 0x00, 0x00,
    0x00, 0x00, 0x00, 0x00, 0x00, 0x00, 0x00, 0x00, 0x00, 0x00, 0x5c, 0x1e, 0x35, 0x01, 0x00, 0x00,
    0x00, 0x00, 0x00, 0x00, 0x20, 0x00, 0x18, 0x00, 0x22, 0x00, 0x53, 0x39, 0x1a, 0x00, 0x53, 0x3a,
    0x5c, 0x3f, 0x35, 0x03, 0x00, 0x00, 0x00, 0x00, 0x00, 0x00, 0x72, 0x48, 0x5c, 0x48, 0x52, 0x6b,
    0x00, 0x00, 0x00, 0x00, 0x00, 0x00, 0x00, 0x00, 0x00, 0x00, 0x00, 0x00, 0x00, 0x00, 0x00, 0x00,
    0x00, 0x00, 0x5c, 0x28, 0x35, 0x01, 0x00, 0x00, 0x00, 0x00, 0x00, 0x00, 0x20, 0x00, 0x5c, 0x48,
    0x52, 0x6b, 0x00, 0x00, 0x00, 0x00, 0x00, 0x00, 0x00, 0x00, 0x00, 0x00, 0x00, 0x00, 0x00, 0x00,
    0x00, 0x00, 0x00, 0x00, 0x5c, 0x2a, 0x35, 0x01, 0x00, 0x00, 0x00, 0x00, 0x00, 0x00, 0x20, 0x00,
    0x18, 0x00, 0x22, 0x00, 0x53, 0x3b, 0x1a, 0x00, 0x53, 0x3c, 0x5c, 0x3d, 0x35, 0x03, 0x00, 0x00,
    0x00, 0x00, 0x00, 0x00, 0x72, 0x49, 0x18, 0x00, 0x22, 0x00, 0x53, 0x3d, 0x1a, 0x00, 0x53, 0x3e,
    0x5c, 0x49, 0x5c, 0x45, 0x35, 0x04, 0x00, 0x00, 0x00, 0x00, 0x00, 0x00, 0x72, 0x4a, 0x5c, 0x4a,
    0x52, 0x6b, 0x00, 0x00, 0x00, 0x00, 0x00, 0x00, 0x00, 0x00, 0x00, 0x00, 0x00, 0x00, 0x00, 0x00,
    0x00, 0x00, 0x00, 0x00, 0x5c, 0x24, 0x35, 0x01, 0x00, 0x00, 0x00, 0x00, 0x00, 0x00, 0x20, 0x00,
    0x18, 0x00, 0x22, 0x00, 0x53, 0x3f, 0x1a, 0x00, 0x53, 0x40, 0x5c, 0x49, 0x5c, 0x45, 0x35, 0x04,
    0x00, 0x00, 0x00, 0x00, 0x00, 0x00, 0x72, 0x4b, 0x5c, 0x4b, 0x52, 0x6b, 0x00, 0x00, 0x00, 0x00,
    0x00, 0x00, 0x00, 0x00, 0x00, 0x00, 0x00, 0x00, 0x00, 0x00, 0x00, 0x00, 0x00, 0x00, 0x5c, 0x26,
    0x35, 0x01, 0x00, 0x00, 0x00, 0x00, 0x00, 0x00, 0x20, 0x00, 0x18, 0x00, 0x22, 0x00, 0x53, 0x41,
    0x1a, 0x00, 0x53, 0x42, 0x5c, 0x49, 0x5c, 0x3f, 0x35, 0x04, 0x00, 0x00, 0x00, 0x00, 0x00, 0x00,
    0x72, 0x4c, 0x5c, 0x4c, 0x52, 0x6b, 0x00, 0x00, 0x00, 0x00, 0x00, 0x00, 0x00, 0x00, 0x00, 0x00,
    0x00, 0x00, 0x00, 0x00, 0x00, 0x00, 0x00, 0x00, 0x5c, 0x25, 0x35, 0x01, 0x00, 0x00, 0x00, 0x00,
    0x00, 0x00, 0x20, 0x00, 0x18, 0x00, 0x22, 0x00, 0x53, 0x43, 0x1a, 0x00, 0x53, 0x44, 0x5c, 0x48,
    0x35, 0x03, 0x00, 0x00, 0x00, 0x00, 0x00, 0x00, 0x72, 0x4d, 0x5c, 0x4d, 0x52, 0x6b, 0x00, 0x00,
    0x00, 0x00, 0x00, 0x00, 0x00, 0x00, 0x00, 0x00, 0x00, 0x00, 0x00, 0x00, 0x00, 0x00, 0x00, 0x00,
    0x5c, 0x4e, 0x35, 0x01, 0x00, 0x00, 0x00, 0x00, 0x00, 0x00, 0x20, 0x00, 0x18, 0x00, 0x22, 0x00,
    0x53, 0x45, 0x1a, 0x00, 0x53, 0x46, 0x5c, 0x3b, 0x5c, 0x3f, 0x35, 0x04, 0x00, 0x00, 0x00, 0x00,
    0x00, 0x00, 0x72, 0x4f, 0x5c, 0x4f, 0x52, 0x6b, 0x00, 0x00, 0x00, 0x00, 0x00, 0x00, 0x00, 0x00,
    0x00, 0x00, 0x00, 0x00, 0x00, 0x00, 0x00, 0x00, 0x00, 0x00, 0x5c, 0x50, 0x35, 0x01, 0x00, 0x00,
    0x00, 0x00, 0x00, 0x00, 0x20, 0x00, 0x5c, 0x4f, 0x52, 0x6b, 0x00, 0x00, 0x00, 0x00, 0x00, 0x00,
    0x00, 0x00, 0x00, 0x00, 0x00, 0x00, 0x00, 0x00, 0x00, 0x00, 0x00, 0x00, 0x5c, 0x51, 0x35, 0x01,
    0x00, 0x00, 0x00, 0x00, 0x00, 0x00, 0x20, 0x00, 0x5c, 0x4f, 0x52, 0x6b, 0x00, 0x00, 0x00, 0x00,
    0x00, 0x00, 0x00, 0x00, 0x00, 0x00, 0x00, 0x00, 0x00, 0x00, 0x00, 0x00, 0x00, 0x00, 0x5c, 0x1b,
    0x35, 0x01, 0x00, 0x00, 0x00, 0x00, 0x00, 0x00, 0x20, 0x00, 0x5c, 0x4f, 0x52, 0x6b, 0x00, 0x00,
    0x00, 0x00, 0x00, 0x00, 0x00, 0x00, 0x00, 0x00, 0x00, 0x00, 0x00, 0x00, 0x00, 0x00, 0x00, 0x00,
    0x5c, 0x52, 0x35, 0x01, 0x00, 0x00, 0x00, 0x00, 0x00, 0x00, 0x20, 0x00, 0x18, 0x00, 0x22, 0x00,
    0x53, 0x47, 0x1a, 0x00, 0x53, 0x48, 0x5c, 0x02, 0x35, 0x03, 0x00, 0x00, 0x00, 0x00, 0x00, 0x00,
    0x72, 0x53, 0x18, 0x00, 0x22, 0x00, 0x53, 0x49, 0x1a, 0x00, 0x53, 0x4a, 0x5c, 0x4f, 0x5c, 0x53,
    0x53, 0x14, 0x39, 0x04, 0x72, 0x54, 0x5c, 0x54, 0x52, 0x6b, 0x00, 0x00, 0x00, 0x00, 0x00, 0x00,
    0x00, 0x00, 0x00, 0x00, 0x00, 0x00, 0x00, 0x00, 0x00, 0x00, 0x00, 0x00, 0x5c, 0x55, 0x35, 0x01,
    0x00, 0x00, 0x00, 0x00, 0x00, 0x00, 0x20, 0x00, 0x5c, 0x54, 0x52, 0x6b, 0x00, 0x00, 0x00, 0x00,
    0x00, 0x00, 0x00, 0x00, 0x00, 0x00, 0x00, 0x00, 0x00, 0x00, 0x00, 0x00, 0x00, 0x00, 0x5c, 0x10,
    0x35, 0x01, 0x00, 0x00, 0x00, 0x00, 0x00, 0x00, 0x20, 0x00, 0x18, 0x00, 0x22, 0x00, 0x53, 0x4b,
    0x1a, 0x00, 0x53, 0x4c, 0x5c, 0x4f, 0x35, 0x03, 0x00, 0x00, 0x00, 0x00, 0x00, 0x00, 0x72, 0x56,
    0x5c, 0x56, 0x52, 0x6b, 0x00, 0x00, 0x00, 0x00, 0x00, 0x00, 0x00, 0x00, 0x00, 0x00, 0x00, 0x00,
    0x00, 0x00, 0x00, 0x00, 0x00, 0x00, 0x5c, 0x06, 0x35, 0x01, 0x00, 0x00, 0x00, 0x00, 0x00, 0x00,
    0x20, 0x00, 0x5c, 0x56, 0x52, 0x6b, 0x00, 0x00, 0x00, 0x00, 0x00, 0x00, 0x00, 0x00, 0x00, 0x00,
    0x00, 0x00, 0x00, 0x00, 0x00, 0x00, 0x00, 0x00, 0x5c, 0x10, 0x35, 0x01, 0x00, 0x00, 0x00, 0x00,
    0x00, 0x00, 0x20, 0x00, 0x67, 0x03, 0x29, 0x4d, 0x7a, 0x6a, 0x41, 0x62, 0x73, 0x74, 0x72, 0x61,
    0x63, 0x74, 0x20, 0x42, 0x61, 0x73, 0x65, 0x20, 0x43, 0x6c, 0x61, 0x73, 0x73, 0x65, 0x73, 0x20,
    0x28, 0x41, 0x42, 0x43, 0x73, 0x29, 0x20, 0x66, 0x6f, 0x72, 0x20, 0x63, 0x6f, 0x6c, 0x6c, 0x65,
    0x63, 0x74, 0x69, 0x6f, 0x6e, 0x73, 0x2c, 0x20, 0x61, 0x63, 0x63, 0x6f, 0x72, 0x64, 0x69, 0x6e,
    0x67, 0x20, 0x74, 0x6f, 0x20, 0x50, 0x45, 0x50, 0x20, 0x33, 0x31, 0x31, 0x39, 0x2e, 0x0a, 0x0a,
    0x55, 0x6e, 0x69, 0x74, 0x20, 0x74, 0x65, 0x73, 0x74, 0x73, 0x20, 0x61, 0x72, 0x65, 0x20, 0x69,
    0x6e, 0x20, 0x74, 0x65, 0x73, 0x74, 0x5f, 0x63, 0x6f, 0x6c, 0x6c, 0x65, 0x63, 0x74, 0x69, 0x6f,
    0x6e, 0x73, 0x2e, 0x0a, 0xe9, 0x00, 0x00, 0x00, 0x00, 0x29, 0x02, 0xda, 0x07, 0x41, 0x42, 0x43,
    0x4d, 0x65, 0x74, 0x61, 0xda, 0x0e, 0x61, 0x62, 0x73, 0x74, 0x72, 0x61, 0x63, 0x74, 0x6d, 0x65,
    0x74, 0x68, 0x6f, 0x64, 0x4e, 0x2e, 0x63, 0x00, 0x00, 0x00, 0x00, 0x00, 0x00, 0x00, 0x00, 0x00,
    0x00, 0x00, 0x00, 0x01, 0x00, 0x00, 0x00, 0x03, 0x00, 0x00, 0x00, 0xf3, 0x04, 0x00, 0x00, 0x00,
    0x95, 0x00, 0x67, 0x00, 0xa9, 0x01, 0x4e, 0xa9, 0x00, 0x72, 0x07, 0x00, 0x00, 0x00, 0xf3, 0x00,
    0x00, 0x00, 0x00, 0xda, 0x1a, 0x73, 0x74, 0x64, 0x6c, 0x69, 0x62, 0x2f, 0x5f, 0x63, 0x6f, 0x6c,
    0x6c, 0x65, 0x63, 0x74, 0x69, 0x6f, 0x6e, 0x73, 0x5f, 0x61, 0x62, 0x63, 0x2e, 0x70, 0x79, 0xda,
    0x02, 0x5f, 0x66, 0x72, 0x0a, 0x00, 0x00, 0x00, 0x28, 0x00, 0x00, 0x00, 0x73, 0x04, 0x00, 0x00,
    0x00, 0x80, 0x00, 0x88, 0x24, 0x72, 0x08, 0x00, 0x00, 0x00, 0x29, 0x1a, 0xda, 0x09, 0x41, 0x77,
    0x61, 0x69, 0x74, 0x61, 0x62, 0x6c, 0x65, 0xda, 0x09, 0x43, 0x6f, 0x72, 0x6f, 0x75, 0x74, 0x69,
    0x6e, 0x65, 0xda, 0x0d, 0x41, 0x73, 0x79, 0x6e, 0x63, 0x49, 0x74, 0x65, 0x72, 0x61, 0x62, 0x6c,
    0x65, 0xda, 0x0d, 0x41, 0x73, 0x79, 0x6e, 0x63, 0x49, 0x74, 0x65, 0x72, 0x61, 0x74, 0x6f, 0x72,
    0xda, 0x0e, 0x41, 0x73, 0x79, 0x6e, 0x63, 0x47, 0x65, 0x6e, 0x65, 0x72, 0x61, 0x74, 0x6f, 0x72,
    0xda, 0x08, 0x48, 0x61, 0x73, 0x68, 0x61, 0x62, 0x6c, 0x65, 0xda, 0x08, 0x49, 0x74, 0x65, 0x72,
    0x61, 0x62, 0x6c, 0x65, 0xda, 0x08, 0x49, 0x74, 0x65, 0x72, 0x61, 0x74, 0x6f, 0x72, 0xda, 0x09,
    0x47, 0x65, 0x6e, 0x65, 0x72, 0x61, 0x74, 0x6f, 0x72, 0xda, 0x0a, 0x52, 0x65, 0x76, 0x65, 0x72,
    0x73, 0x69, 0x62, 0x6c, 0x65, 0xda, 0x05, 0x53, 0x69, 0x7a, 0x65, 0x64, 0xda, 0x09, 0x43, 0x6f,
    0x6e, 0x74, 0x61, 0x69, 0x6e, 0x65, 0x72, 0xda, 0x08, 0x43, 0x61, 0x6c, 0x6c, 0x61, 0x62, 0x6c,
    0x65, 0xda, 0x0a, 0x43, 0x6f, 0x6c, 0x6c, 0x65, 0x63, 0x74, 0x69, 0x6f, 0x6e, 0xda, 0x03, 0x53,
    0x65, 0x74, 0xda, 0x0a, 0x4d, 0x75, 0x74, 0x61, 0x62, 0x6c, 0x65, 0x53, 0x65, 0x74, 0xda, 0x07,
    0x4d, 0x61, 0x70, 0x70, 0x69, 0x6e, 0x67, 0xda, 0x0e, 0x4d, 0x75, 0x74, 0x61, 0x62, 0x6c, 0x65,
    0x4d, 0x61, 0x70, 0x70, 0x69, 0x6e, 0x67, 0xda, 0x0b, 0x4d, 0x61, 0x70, 0x70, 0x69, 0x6e, 0x67,
    0x56, 0x69, 0x65, 0x77, 0xda, 0x08, 0x4b, 0x65, 0x79, 0x73, 0x56, 0x69, 0x65, 0x77, 0xda, 0x09,
    0x49, 0x74, 0x65, 0x6d, 0x73, 0x56, 0x69, 0x65, 0x77, 0xda, 0x0a, 0x56, 0x61, 0x6c, 0x75, 0x65,
    0x73, 0x56, 0x69, 0x65, 0x77, 0xda, 0x08, 0x53, 0x65, 0x71, 0x75, 0x65, 0x6e, 0x63, 0x65, 0xda,
    0x0f, 0x4d, 0x75, 0x74, 0x61, 0x62, 0x6c, 0x65, 0x53, 0x65, 0x71, 0x75, 0x65, 0x6e, 0x63, 0x65,
    0xda, 0x0a, 0x42, 0x79, 0x74, 0x65, 0x53, 0x74, 0x72, 0x69, 0x6e, 0x67, 0xda, 0x06, 0x42, 0x75,
    0x66, 0x66, 0x65, 0x72, 0x7a, 0x0f, 0x63, 0x6f, 0x6c, 0x6c, 0x65, 0x63, 0x74, 0x69, 0x6f, 0x6e,
    0x73, 0x2e, 0x61, 0x62, 0x63, 0x72, 0x08, 0x00, 0x00, 0x00, 0xe9, 0x01, 0x00, 0x00, 0x00, 0x69,
    0xe8, 0x03, 0x00, 0x00, 0xda, 0x00, 0x72, 0x07, 0x00, 0x00, 0x00, 0x63, 0x00, 0x00, 0x00, 0x00,
    0x00, 0x00, 0x00, 0x00, 0x00, 0x00, 0x00, 0x00, 0x04, 0x00, 0x00, 0x00, 0x03, 0x00, 0x00, 0x00,
    0xf3, 0x52, 0x00, 0x00, 0x00, 0x95, 0x00, 0x5b, 0x01, 0x00, 0x00, 0x00, 0x00, 0x00, 0x00, 0x00,
    0x00, 0x5b, 0x02, 0x00, 0x00, 0x00, 0x00, 0x00, 0x00, 0x00, 0x00, 0x52, 0x04, 0x00, 0x00, 0x00,
    0x00, 0x00, 0x00, 0x00, 0x00, 0x00, 0x00, 0x00, 0x00, 0x00, 0x00, 0x00, 0x00, 0x00, 0x00, 0x22,
    0x00, 0x35, 0x00, 0x00, 0x00, 0x00, 0x00, 0x00, 0x00, 0x52, 0x06, 0x00, 0x00, 0x00, 0x00, 0x00,
    0x00, 0x00, 0x00, 0x00, 0x00, 0x00, 0x00, 0x00, 0x00, 0x00, 0x00, 0x00, 0x00, 0x35, 0x01, 0x00,
    0x00, 0x00, 0x00, 0x00, 0x00, 0x24, 0x00, 0x72, 0x06, 0x00, 0x00, 0x00, 0x29, 0x04, 0xda, 0x04,
    0x74, 0x79, 0x70, 0x65, 0xda, 0x03, 0x73, 0x79, 0x73, 0xda, 0x09, 0x5f, 0x67, 0x65, 0x74, 0x66,
    0x72, 0x61, 0x6d, 0x65, 0xda, 0x08, 0x66, 0x5f, 0x6c, 0x6f, 0x63, 0x61, 0x6c, 0x73, 0x72, 0x07,
    0x00, 0x00, 0x00, 0x72, 0x08, 0x00, 0x00, 0x00, 0x72, 0x09, 0x00, 0x00, 0x00, 0xda, 0x15, 0x5f,
    0x67, 0x65, 0x74, 0x5f, 0x66, 0x72, 0x61, 0x6d, 0x65, 0x6c, 0x6f, 0x63, 0x61, 0x6c, 0x73, 0x70,
    0x72, 0x6f, 0x78, 0x79, 0x72, 0x2c, 0x00, 0x00, 0x00, 0x58, 0x00, 0x00, 0x00, 0x73, 0x19, 0x00,
    0x00, 0x00, 0x80, 0x00, 0xdc, 0x0b, 0x0f, 0x94, 0x03, 0x97, 0x0d, 0x92, 0x0d, 0x93, 0x0f, 0xd7,
    0x10, 0x28, 0xd1, 0x10, 0x28, 0xd3, 0x0b, 0x29, 0xd0, 0x04, 0x29, 0x72, 0x08, 0x00, 0x00, 0x00,
    0x63, 0x00, 0x00, 0x00, 0x00, 0x00, 0x00, 0x00, 0x00, 0x00, 0x00, 0x00, 0x00, 0x01, 0x00, 0x00,
    0x00, 0x23, 0x00, 0x00, 0x00, 0xf3, 0x0e, 0x00, 0x00, 0x00, 0x23, 0x00, 0x20, 0x00, 0x95, 0x00,
    0x53, 0x00, 0x76, 0x00, 0x95, 0x01, 0x24, 0x00, 0x72, 0x06, 0x00, 0x00, 0x00, 0x72, 0x07, 0x00,
    0x00, 0x00, 0x72, 0x07, 0x00, 0x00, 0x00, 0x72, 0x08, 0x00, 0x00, 0x00, 0x72, 0x09, 0x00, 0x00,
    0x00, 0xda, 0x08, 0x3c, 0x6c, 0x61, 0x6d, 0x62, 0x64, 0x61, 0x3e, 0x72, 0x2e, 0x00, 0x00, 0x00,
    0x5c, 0x00, 0x00, 0x00, 0x73, 0x06, 0x00, 0x00, 0x00, 0xe9, 0x00, 0x80, 0x00, 0x9b, 0x35, 0x72,
    0x08, 0x00, 0x00, 0x00, 0x63, 0x00, 0x00, 0x00, 0x00, 0x00, 0x00, 0x00, 0x00, 0x00, 0x00, 0x00,
    0x00, 0x02, 0x00, 0x00, 0x00, 0x83, 0x00, 0x00, 0x00, 0xf3, 0x0c, 0x00, 0x00, 0x00, 0x23, 0x00,
    0x20, 0x00, 0x95, 0x00, 0x67, 0x00, 0x37, 0x03, 0x66, 0x01, 0x72, 0x06, 0x00, 0x00, 0x00, 0x72,
    0x07, 0x00, 0x00, 0x00, 0x72, 0x07, 0x00, 0x00, 0x00, 0x72, 0x08, 0x00, 0x00, 0x00, 0x72, 0x09,
    0x00, 0x00, 0x00, 0xda, 0x05, 0x5f, 0x63, 0x6f, 0x72, 0x6f, 0x72, 0x30, 0x00, 0x00, 0x00, 0x5e,
    0x00, 0x00, 0x00, 0x73, 0x07, 0x00, 0x00, 0x00, 0xe9, 0x00, 0x80, 0x00, 0x90, 0x34, 0xf9, 0xf3,
    0x04, 0x00, 0x00, 0x00, 0x82, 0x02, 0x04, 0x01, 0x63, 0x00, 0x00, 0x00, 0x00, 0x00, 0x00, 0x00,
    0x00, 0x00, 0x00, 0x00, 0x00, 0x02, 0x00, 0x00, 0x00, 0x03, 0x02, 0x00, 0x00, 0xf3, 0x16, 0x00,
    0x00, 0x00, 0x23, 0x00, 0x20, 0x00, 0x95, 0x00, 0x53, 0x00, 0x37, 0x04, 0x76, 0x00, 0x95, 0x05,
    0x20, 0x00, 0x67, 0x00, 0x37, 0x03, 0x66, 0x01, 0x72, 0x06, 0x00, 0x00, 0x00, 0x72, 0x07, 0x00,
    0x00, 0x00, 0x72, 0x07, 0x00, 0x00, 0x00, 0x72, 0x08, 0x00, 0x00, 0x00, 0x72, 0x09, 0x00, 0x00,
    0x00, 0xda, 0x03, 0x5f, 0x61, 0x67, 0x72, 0x33, 0x00, 0x00, 0x00, 0x64, 0x00, 0x00, 0x00, 0x73,
    0x07, 0x00, 0x00, 0x00, 0xe9, 0x00, 0x80, 0x00, 0x95, 0x15, 0xf9, 0xf3, 0x04, 0x00, 0x00, 0x00,
    0x82, 0x07, 0x09, 0x01, 0x63, 0x01, 0x00, 0x00, 0x00, 0x00, 0x00, 0x00, 0x00, 0x00, 0x00, 0x00,
    0x00, 0x04, 0x00, 0x00, 0x00, 0x07, 0x00, 0x00, 0x00, 0xf3, 0xa4, 0x00, 0x00, 0x00, 0x95, 0x00,
    0x55, 0x00, 0x52, 0x00, 0x00, 0x00, 0x00, 0x00, 0x00, 0x00, 0x00, 0x00, 0x00, 0x00, 0x00, 0x00,
    0x00, 0x00, 0x00, 0x00, 0x00, 0x00, 0x6e, 0x02, 0x55, 0x01, 0x13, 0x00, 0x48, 0x3e, 0x00, 0x00,
    0x6e, 0x03, 0x55, 0x02, 0x13, 0x00, 0x48, 0x2f, 0x00, 0x00, 0x6e, 0x04, 0x58, 0x34, 0x52, 0x02,
    0x00, 0x00, 0x00, 0x00, 0x00, 0x00, 0x00, 0x00, 0x00, 0x00, 0x00, 0x00, 0x00, 0x00, 0x00, 0x00,
    0x00, 0x00, 0x3b, 0x00, 0x00, 0x00, 0x64, 0x02, 0x00, 0x00, 0x4d, 0x14, 0x00, 0x00, 0x55, 0x04,
    0x52, 0x02, 0x00, 0x00, 0x00, 0x00, 0x00, 0x00, 0x00, 0x00, 0x00, 0x00, 0x00, 0x00, 0x00, 0x00,
    0x00, 0x00, 0x00, 0x00, 0x55, 0x03, 0x05, 0x00, 0x00, 0x00, 0x63, 0x0a, 0x00, 0x00, 0x5b, 0x04,
    0x00, 0x00, 0x00, 0x00, 0x00, 0x00, 0x00, 0x00, 0x73, 0x02, 0x20, 0x00, 0x73, 0x02, 0x20, 0x00,
    0x24, 0x00, 0x20, 0x00, 0x4d, 0x36, 0x00, 0x00, 0x0b, 0x00, 0x20, 0x00, 0x5b, 0x04, 0x00, 0x00,
    0x00, 0x00, 0x00, 0x00, 0x00, 0x00, 0x73, 0x02, 0x20, 0x00, 0x24, 0x00, 0x0b, 0x00, 0x20, 0x00,
    0x67, 0x01, 0x29, 0x02, 0x4e, 0x54, 0x29, 0x03, 0xda, 0x07, 0x5f, 0x5f, 0x6d, 0x72, 0x6f, 0x5f,
    0x5f, 0xda, 0x08, 0x5f, 0x5f, 0x64, 0x69, 0x63, 0x74, 0x5f, 0x5f, 0xda, 0x0e, 0x4e, 0x6f, 0x74,
    0x49, 0x6d, 0x70, 0x6c, 0x65, 0x6d, 0x65, 0x6e, 0x74, 0x65, 0x64, 0x29, 0x05, 0xda, 0x01, 0x43,
    0xda, 0x07, 0x6d, 0x65, 0x74, 0x68, 0x6f, 0x64, 0x73, 0xda, 0x03, 0x6d, 0x72, 0x6f, 0xda, 0x06,
    0x6d, 0x65, 0x74, 0x68, 0x6f, 0x64, 0xda, 0x01, 0x42, 0x73, 0x05, 0x00, 0x00, 0x00, 0x20, 0x20,
    0x20, 0x20, 0x20, 0x72, 0x09, 0x00, 0x00, 0x00, 0xda, 0x0e, 0x5f, 0x63, 0x68, 0x65, 0x63, 0x6b,
    0x5f, 0x6d, 0x65, 0x74, 0x68, 0x6f, 0x64, 0x73, 0x72, 0x3e, 0x00, 0x00, 0x00, 0x6c, 0x00, 0x00,
    0x00, 0x73, 0x4e, 0x00, 0x00, 0x00, 0x80, 0x00, 0xd8, 0x0a, 0x0b, 0x8f, 0x29, 0x89, 0x29, 0x80,
    0x43, 0xdb, 0x12, 0x19, 0x88, 0x06, 0xdb, 0x11, 0x14, 0x88, 0x41, 0xd8, 0x0f, 0x15, 0x9f, 0x1a,
    0x99, 0x1a, 0xd5, 0x0f, 0x23, 0xd8, 0x13, 0x14, 0x97, 0x3a, 0x91, 0x3a, 0x98, 0x66, 0xd1, 0x13,
    0x25, 0xd1, 0x13, 0x2d, 0xdc, 0x1b, 0x29, 0xd4, 0x14, 0x29, 0xda, 0x10, 0x15, 0xf1, 0x09, 0x00,
    0x12, 0x15, 0xf4, 0x0c, 0x00, 0x14, 0x22, 0xd2, 0x0c, 0x21, 0xf1, 0x0f, 0x00, 0x13, 0x1a, 0xf0,
    0x10, 0x00, 0x0c, 0x10, 0x72, 0x08, 0x00, 0x00, 0x00, 0x63, 0x00, 0x00, 0x00, 0x00, 0x00, 0x00,
    0x00, 0x00, 0x00, 0x00, 0x00, 0x00, 0x02, 0x00, 0x00, 0x00, 0x00, 0x00, 0x00, 0x00, 0xf3, 0x38,
    0x00, 0x00, 0x00, 0x95, 0x00, 0x5c, 0x00, 0x72, 0x01, 0x53, 0x00, 0x72, 0x02, 0x53, 0x01, 0x72,
    0x03, 0x53, 0x02, 0x72, 0x04, 0x5c, 0x05, 0x53, 0x03, 0x1a, 0x00, 0x35, 0x00, 0x00, 0x00, 0x00,
    0x00, 0x00, 0x00, 0x72, 0x06, 0x5c, 0x07, 0x53, 0x04, 0x1a, 0x00, 0x35, 0x00, 0x00, 0x00, 0x00,
    0x00, 0x00, 0x00, 0x72, 0x08, 0x53, 0x02, 0x72, 0x09, 0x67, 0x05, 0x29, 0x06, 0x72, 0x10, 0x00,
    0x00, 0x00, 0xe9, 0x78, 0x00, 0x00, 0x00, 0x72, 0x07, 0x00, 0x00, 0x00, 0x63, 0x01, 0x00, 0x00,
    0x00, 0x00, 0x00, 0x00, 0x00, 0x00, 0x00, 0x00, 0x00, 0x01, 0x00, 0x00, 0x00, 0x03, 0x00, 0x00,
    0x00, 0xf3, 0x04, 0x00, 0x00, 0x00, 0x95, 0x00, 0x67, 0x01, 0xa9, 0x02, 0x4e, 0x72, 0x02, 0x00,
    0x00, 0x00, 0x72, 0x07, 0x00, 0x00, 0x00, 0xa9, 0x01, 0xda, 0x04, 0x73, 0x65, 0x6c, 0x66, 0x73,
    0x01, 0x00, 0x00, 0x00, 0x20, 0x72, 0x09, 0x00, 0x00, 0x00, 0xda, 0x08, 0x5f, 0x5f, 0x68, 0x61,
    0x73, 0x68, 0x5f, 0x5f, 0xda, 0x11, 0x48, 0x61, 0x73, 0x68, 0x61, 0x62, 0x6c, 0x65, 0x2e, 0x5f,
    0x5f, 0x68, 0x61, 0x73, 0x68, 0x5f, 0x5f, 0x7c, 0x00, 0x00, 0x00, 0xf3, 0x05, 0x00, 0x00, 0x00,
    0x80, 0x00, 0xe0, 0x0f, 0x10, 0x72, 0x08, 0x00, 0x00, 0x00, 0x63, 0x02, 0x00, 0x00, 0x00, 0x00,
    0x00, 0x00, 0x00, 0x00, 0x00, 0x00, 0x00, 0x04, 0x00, 0x00, 0x00, 0x03, 0x00, 0x00, 0x00, 0xf3,
    0x38, 0x00, 0x00, 0x00, 0x95, 0x00, 0x55, 0x00, 0x5b, 0x00, 0x00, 0x00, 0x00, 0x00, 0x00, 0x00,
    0x00, 0x00, 0x4c, 0x00, 0x61, 0x0c, 0x00, 0x00, 0x5b, 0x03, 0x00, 0x00, 0x00, 0x00, 0x00, 0x00,
    0x00, 0x00, 0x55, 0x01, 0x53, 0x01, 0x35, 0x02, 0x00, 0x00, 0x00, 0x00, 0x00, 0x00, 0x24, 0x00,
    0x5b, 0x04, 0x00, 0x00, 0x00, 0x00, 0x00, 0x00, 0x00, 0x00, 0x24, 0x00, 0x29, 0x02, 0x4e, 0x72,
    0x45, 0x00, 0x00, 0x00, 0x29, 0x03, 0x72, 0x10, 0x00, 0x00, 0x00, 0x72, 0x3e, 0x00, 0x00, 0x00,
    0x72, 0x38, 0x00, 0x00, 0x00, 0xa9, 0x02, 0xda, 0x03, 0x63, 0x6c, 0x73, 0x72, 0x39, 0x00, 0x00,
    0x00, 0x73, 0x02, 0x00, 0x00, 0x00, 0x20, 0x20, 0x72, 0x09, 0x00, 0x00, 0x00, 0xda, 0x10, 0x5f,
    0x5f, 0x73, 0x75, 0x62, 0x63, 0x6c, 0x61, 0x73, 0x73, 0x68, 0x6f, 0x6f, 0x6b, 0x5f, 0x5f, 0xda,
    0x19, 0x48, 0x61, 0x73, 0x68, 0x61, 0x62, 0x6c, 0x65, 0x2e, 0x5f, 0x5f, 0x73, 0x75, 0x62, 0x63,
    0x6c, 0x61, 0x73, 0x73, 0x68, 0x6f, 0x6f, 0x6b, 0x5f, 0x5f, 0x80, 0x00, 0x00, 0x00, 0xf3, 0x1c,
    0x00, 0x00, 0x00, 0x80, 0x00, 0xe0, 0x0b, 0x0e, 0x94, 0x28, 0x8a, 0x3f, 0xdc, 0x13, 0x21, 0xa0,
    0x21, 0xa0, 0x5a, 0xd3, 0x13, 0x30, 0xd0, 0x0c, 0x30, 0xdc, 0x0f, 0x1d, 0xd0, 0x08, 0x1d, 0x72,
    0x08, 0x00, 0x00, 0x00, 0x4e, 0x29, 0x0a, 0xda, 0x08, 0x5f, 0x5f, 0x6e, 0x61, 0x6d, 0x65, 0x5f,
    0x5f, 0xda, 0x0a, 0x5f, 0x5f, 0x6d, 0x6f, 0x64, 0x75, 0x6c, 0x65, 0x5f, 0x5f, 0xda, 0x0c, 0x5f,
    0x5f, 0x71, 0x75, 0x61, 0x6c, 0x6e, 0x61, 0x6d, 0x65, 0x5f, 0x5f, 0xda, 0x0f, 0x5f, 0x5f, 0x66,
    0x69, 0x72, 0x73, 0x74, 0x6c, 0x69, 0x6e, 0x65, 0x6e, 0x6f, 0x5f, 0x5f, 0xda, 0x09, 0x5f, 0x5f,
    0x73, 0x6c, 0x6f, 0x74, 0x73, 0x5f, 0x5f, 0x72, 0x04, 0x00, 0x00, 0x00, 0x72, 0x45, 0x00, 0x00,
    0x00, 0xda, 0x0b, 0x63, 0x6c, 0x61, 0x73, 0x73, 0x6d, 0x65, 0x74, 0x68, 0x6f, 0x64, 0x72, 0x4b,
    0x00, 0x00, 0x00, 0xda, 0x15, 0x5f, 0x5f, 0x73, 0x74, 0x61, 0x74, 0x69, 0x63, 0x5f, 0x61, 0x74,
    0x74, 0x72, 0x69, 0x62, 0x75, 0x74, 0x65, 0x73, 0x5f, 0x5f, 0x72, 0x07, 0x00, 0x00, 0x00, 0x72,
    0x08, 0x00, 0x00, 0x00, 0x72, 0x09, 0x00, 0x00, 0x00, 0x72, 0x10, 0x00, 0x00, 0x00, 0x72, 0x10,
    0x00, 0x00, 0x00, 0x78, 0x00, 0x00, 0x00, 0xf3, 0x2d, 0x00, 0x00, 0x00, 0x86, 0x00, 0xe0, 0x10,
    0x12, 0x80, 0x49, 0xe0, 0x05, 0x13, 0xf1, 0x02, 0x01, 0x05, 0x11, 0xf3, 0x03, 0x00, 0x06, 0x14,
    0xf0, 0x02, 0x01, 0x05, 0x11, 0xf0, 0x06, 0x00, 0x06, 0x11, 0xf1, 0x02, 0x03, 0x05, 0x1e, 0xf3,
    0x03, 0x00, 0x06, 0x11, 0xf3, 0x02, 0x03, 0x05, 0x1e, 0x72, 0x08, 0x00, 0x00, 0x00, 0x72, 0x10,
    0x00, 0x00, 0x00, 0x29, 0x01, 0xda, 0x09, 0x6d, 0x65, 0x74, 0x61, 0x63, 0x6c, 0x61, 0x73, 0x73,
    0x63, 0x00, 0x00, 0x00, 0x00, 0x00, 0x00, 0x00, 0x00, 0x00, 0x00, 0x00, 0x00, 0x03, 0x00, 0x00,
    0x00, 0x00, 0x00, 0x00, 0x00, 0xf3, 0x48, 0x00, 0x00, 0x00, 0x95, 0x00, 0x5c, 0x00, 0x72, 0x01,
    0x53, 0x00, 0x72, 0x02, 0x53, 0x01, 0x72, 0x03, 0x53, 0x02, 0x72, 0x04, 0x5c, 0x05, 0x53, 0x03,
    0x1a, 0x00, 0x35, 0x00, 0x00, 0x00, 0x00, 0x00, 0x00, 0x00, 0x72, 0x06, 0x5c, 0x07, 0x53, 0x04,
    0x1a, 0x00, 0x35, 0x00, 0x00, 0x00, 0x00, 0x00, 0x00, 0x00, 0x72, 0x08, 0x5c, 0x07, 0x22, 0x00,
    0x5c, 0x09, 0x35, 0x01, 0x00, 0x00, 0x00, 0x00, 0x00, 0x00, 0x72, 0x0a, 0x53, 0x02, 0x72, 0x0b,
    0x67, 0x05, 0x29, 0x06, 0x72, 0x0b, 0x00, 0x00, 0x00, 0xe9, 0x87, 0x00, 0x00, 0x00, 0x72, 0x07,
    0x00, 0x00, 0x00, 0x63, 0x01, 0x00, 0x00, 0x00, 0x00, 0x00, 0x00, 0x00, 0x00, 0x00, 0x00, 0x00,
    0x02, 0x00, 0x00, 0x00, 0x23, 0x00, 0x00, 0x00, 0xf3, 0x14, 0x00, 0x00, 0x00, 0x23, 0x00, 0x20,
    0x00, 0x95, 0x00, 0x53, 0x00, 0x76, 0x00, 0x95, 0x05, 0x20, 0x00, 0x67, 0x00, 0x37, 0x03, 0x66,
    0x01, 0x72, 0x06, 0x00, 0x00, 0x00, 0x72, 0x07, 0x00, 0x00, 0x00, 0x72, 0x43, 0x00, 0x00, 0x00,
    0x73, 0x01, 0x00, 0x00, 0x00, 0x20, 0x72, 0x09, 0x00, 0x00, 0x00, 0xda, 0x09, 0x5f, 0x5f, 0x61,
    0x77, 0x61, 0x69, 0x74, 0x5f, 0x5f, 0xda, 0x13, 0x41, 0x77, 0x61, 0x69, 0x74, 0x61, 0x62, 0x6c,
    0x65, 0x2e, 0x5f, 0x5f, 0x61, 0x77, 0x61, 0x69, 0x74, 0x5f, 0x5f, 0x8b, 0x00, 0x00, 0x00, 0x73,
    0x08, 0x00, 0x00, 0x00, 0xe9, 0x00, 0x80, 0x00, 0xe4, 0x08, 0x0d, 0xf9, 0x73, 0x04, 0x00, 0x00,
    0x00, 0x82, 0x06, 0x08, 0x01, 0x63, 0x02, 0x00, 0x00, 0x00, 0x00, 0x00, 0x00, 0x00, 0x00, 0x00,
    0x00, 0x00, 0x04, 0x00, 0x00, 0x00, 0x03, 0x00, 0x00, 0x00, 0xf3, 0x38, 0x00, 0x00, 0x00, 0x95,
    0x00, 0x55, 0x00, 0x5b, 0x00, 0x00, 0x00, 0x00, 0x00, 0x00, 0x00, 0x00, 0x00, 0x4c, 0x00, 0x61,
    0x0c, 0x00, 0x00, 0x5b, 0x03, 0x00, 0x00, 0x00, 0x00, 0x00, 0x00, 0x00, 0x00, 0x55, 0x01, 0x53,
    0x01, 0x35, 0x02, 0x00, 0x00, 0x00, 0x00, 0x00, 0x00, 0x24, 0x00, 0x5b, 0x04, 0x00, 0x00, 0x00,
    0x00, 0x00, 0x00, 0x00, 0x00, 0x24, 0x00, 0x29, 0x02, 0x4e, 0x72, 0x5a, 0x00, 0x00, 0x00, 0x29,
    0x03, 0x72, 0x0b, 0x00, 0x00, 0x00, 0x72, 0x3e, 0x00, 0x00, 0x00, 0x72, 0x38, 0x00, 0x00, 0x00,
    0x72, 0x49, 0x00, 0x00, 0x00, 0x73, 0x02, 0x00, 0x00, 0x00, 0x20, 0x20, 0x72, 0x09, 0x00, 0x00,
    0x00, 0x72, 0x4b, 0x00, 0x00, 0x00, 0xda, 0x1a, 0x41, 0x77, 0x61, 0x69, 0x74, 0x61, 0x62, 0x6c,
    0x65, 0x2e, 0x5f, 0x5f, 0x73, 0x75, 0x62, 0x63, 0x6c, 0x61, 0x73, 0x73, 0x68, 0x6f, 0x6f, 0x6b,
    0x5f, 0x5f, 0x8f, 0x00, 0x00, 0x00, 0x73, 0x1d, 0x00, 0x00, 0x00, 0x80, 0x00, 0xe0, 0x0b, 0x0e,
    0x94, 0x29, 0xd2, 0x0b, 0x1b, 0xdc, 0x13, 0x21, 0xa0, 0x21, 0xa0, 0x5b, 0xd3, 0x13, 0x31, 0xd0,
    0x0c, 0x31, 0xdc, 0x0f, 0x1d, 0xd0, 0x08, 0x1d, 0x72, 0x08, 0x00, 0x00, 0x00, 0x4e, 0x29, 0x0c,
    0x72, 0x4e, 0x00, 0x00, 0x00, 0x72, 0x4f, 0x00, 0x00, 0x00, 0x72, 0x50, 0x00, 0x00, 0x00, 0x72,
    0x51, 0x00, 0x00, 0x00, 0x72, 0x52, 0x00, 0x00, 0x00, 0x72, 0x04, 0x00, 0x00, 0x00, 0x72, 0x5a,
    0x00, 0x00, 0x00, 0x72, 0x53, 0x00, 0x00, 0x00, 0x72, 0x4b, 0x00, 0x00, 0x00, 0xda, 0x0c, 0x47,
    0x65, 0x6e, 0x65, 0x72, 0x69, 0x63, 0x41, 0x6c, 0x69, 0x61, 0x73, 0xda, 0x11, 0x5f, 0x5f, 0x63,
    0x6c, 0x61, 0x73, 0x73, 0x5f, 0x67, 0x65, 0x74, 0x69, 0x74, 0x65, 0x6d, 0x5f, 0x5f, 0x72, 0x54,
    0x00, 0x00, 0x00, 0x72, 0x07, 0x00, 0x00, 0x00, 0x72, 0x08, 0x00, 0x00, 0x00, 0x72, 0x09, 0x00,
    0x00, 0x00, 0x72, 0x0b, 0x00, 0x00, 0x00, 0x72, 0x0b, 0x00, 0x00, 0x00, 0x87, 0x00, 0x00, 0x00,
    0x73, 0x3a, 0x00, 0x00, 0x00, 0x86, 0x00, 0xe0, 0x10, 0x12, 0x80, 0x49, 0xe0, 0x05, 0x13, 0xf1,
    0x02, 0x01, 0x05, 0x0e, 0xf3, 0x03, 0x00, 0x06, 0x14, 0xf0, 0x02, 0x01, 0x05, 0x0e, 0xf0, 0x06,
    0x00, 0x06, 0x11, 0xf1, 0x02, 0x03, 0x05, 0x1e, 0xf3, 0x03, 0x00, 0x06, 0x11, 0xf0, 0x02, 0x03,
    0x05, 0x1e, 0xf1, 0x0a, 0x00, 0x19, 0x24, 0xa0, 0x4c, 0xd3, 0x18, 0x31, 0xd3, 0x04, 0x15, 0x72,
    0x08, 0x00, 0x00, 0x00, 0x72, 0x0b, 0x00, 0x00, 0x00, 0x63, 0x00, 0x00, 0x00, 0x00, 0x00, 0x00,
    0x00, 0x00, 0x00, 0x00, 0x00, 0x00, 0x03, 0x00, 0x00, 0x00, 0x00, 0x00, 0x00, 0x00, 0xf3, 0x52,
    0x00, 0x00, 0x00, 0x95, 0x00, 0x5c, 0x00, 0x72, 0x01, 0x53, 0x00, 0x72, 0x02, 0x53, 0x01, 0x72,
    0x03, 0x53, 0x02, 0x72, 0x04, 0x5c, 0x05, 0x53, 0x03, 0x1a, 0x00, 0x35, 0x00, 0x00, 0x00, 0x00,
    0x00, 0x00, 0x00, 0x72, 0x06, 0x5c, 0x05, 0x53, 0x08, 0x53, 0x05, 0x1a, 0x00, 0x6a, 0x01, 0x35,
    0x00, 0x00, 0x00, 0x00, 0x00, 0x00, 0x00, 0x72, 0x07, 0x53, 0x06, 0x1a, 0x00, 0x72, 0x08, 0x5c,
    0x09, 0x53, 0x07, 0x1a, 0x00, 0x35, 0x00, 0x00, 0x00, 0x00, 0x00, 0x00, 0x00, 0x72, 0x0a, 0x53,
    0x02, 0x72, 0x0b, 0x67, 0x04, 0x29, 0x09, 0x72, 0x0c, 0x00, 0x00, 0x00, 0xe9, 0x98, 0x00, 0x00,
    0x00, 0x72, 0x07, 0x00, 0x00, 0x00, 0x63, 0x02, 0x00, 0x00, 0x00, 0x00, 0x00, 0x00, 0x00, 0x00,
    0x00, 0x00, 0x00, 0x01, 0x00, 0x00, 0x00, 0x03, 0x00, 0x00, 0x00, 0xf3, 0x0e, 0x00, 0x00, 0x00,
    0x95, 0x00, 0x5b, 0x00, 0x00, 0x00, 0x00, 0x00, 0x00, 0x00, 0x00, 0x00, 0x65, 0x01, 0x29, 0x01,
    0x7a, 0x53, 0x53, 0x65, 0x6e, 0x64, 0x20, 0x61, 0x20, 0x76, 0x61, 0x6c, 0x75, 0x65, 0x20, 0x69,
    0x6e, 0x74, 0x6f, 0x20, 0x74, 0x68, 0x65, 0x20, 0x63, 0x6f, 0x72, 0x6f, 0x75, 0x74, 0x69, 0x6e,
    0x65, 0x2e, 0x0a, 0x52, 0x65, 0x74, 0x75, 0x72, 0x6e, 0x20, 0x6e, 0x65, 0x78, 0x74, 0x20, 0x79,
    0x69, 0x65, 0x6c, 0x64, 0x65, 0x64, 0x20, 0x76, 0x61, 0x6c, 0x75, 0x65, 0x20, 0x6f, 0x72, 0x20,
    0x72, 0x61, 0x69, 0x73, 0x65, 0x20, 0x53, 0x74, 0x6f, 0x70, 0x49, 0x74, 0x65, 0x72, 0x61, 0x74,
    0x69, 0x6f, 0x6e, 0x2e, 0x0a, 0xa9, 0x01, 0xda, 0x0d, 0x53, 0x74, 0x6f, 0x70, 0x49, 0x74, 0x65,
    0x72, 0x61, 0x74, 0x69, 0x6f, 0x6e, 0xa9, 0x02, 0x72, 0x44, 0x00, 0x00, 0x00, 0xda, 0x05, 0x76,
    0x61, 0x6c, 0x75, 0x65, 0x73, 0x02, 0x00, 0x00, 0x00, 0x20, 0x20, 0x72, 0x09, 0x00, 0x00, 0x00,
    0xda, 0x04, 0x73, 0x65, 0x6e, 0x64, 0xda, 0x0e, 0x43, 0x6f, 0x72, 0x6f, 0x75, 0x74, 0x69, 0x6e,
    0x65, 0x2e, 0x73, 0x65, 0x6e, 0x64, 0x9c, 0x00, 0x00, 0x00, 0xf3, 0x0a, 0x00, 0x00, 0x00, 0x80,
    0x00, 0xf4, 0x0a, 0x00, 0x0f, 0x1c, 0xd0, 0x08, 0x1b, 0x72, 0x08, 0x00, 0x00, 0x00, 0x4e, 0x63,
    0x04, 0x00, 0x00, 0x00, 0x00, 0x00, 0x00, 0x00, 0x00, 0x00, 0x00, 0x00, 0x03, 0x00, 0x00, 0x00,
    0x03, 0x00, 0x00, 0x00, 0xf3, 0x4c, 0x00, 0x00, 0x00, 0x95, 0x00, 0x55, 0x02, 0x63, 0x0c, 0x00,
    0x00, 0x55, 0x03, 0x63, 0x02, 0x00, 0x00, 0x55, 0x01, 0x65, 0x01, 0x55, 0x01, 0x22, 0x00, 0x35,
    0x00, 0x00, 0x00, 0x00, 0x00, 0x00, 0x00, 0x6e, 0x02, 0x55, 0x03, 0x62, 0x11, 0x00, 0x00, 0x55,
    0x02, 0x52, 0x01, 0x00, 0x00, 0x00, 0x00, 0x00, 0x00, 0x00, 0x00, 0x00, 0x00, 0x00, 0x00, 0x00,
    0x00, 0x00, 0x00, 0x00, 0x00, 0x55, 0x03, 0x35, 0x01, 0x00, 0x00, 0x00, 0x00, 0x00, 0x00, 0x6e,
    0x02, 0x55, 0x02, 0x65, 0x01, 0x29, 0x01, 0x7a, 0x57, 0x52, 0x61, 0x69, 0x73, 0x65, 0x20, 0x61,
    0x6e, 0x20, 0x65, 0x78, 0x63, 0x65, 0x70, 0x74, 0x69, 0x6f, 0x6e, 0x20, 0x69, 0x6e, 0x20, 0x74,
    0x68, 0x65, 0x20, 0x63, 0x6f, 0x72, 0x6f, 0x75, 0x74, 0x69, 0x6e, 0x65, 0x2e, 0x0a, 0x52, 0x65,
    0x74, 0x75, 0x72, 0x6e, 0x20, 0x6e, 0x65, 0x78, 0x74, 0x20, 0x79, 0x69, 0x65, 0x6c, 0x64, 0x65,
    0x64, 0x20, 0x76, 0x61, 0x6c, 0x75, 0x65, 0x20, 0x6f, 0x72, 0x20, 0x72, 0x61, 0x69, 0x73, 0x65,
    0x20, 0x53, 0x74, 0x6f, 0x70, 0x49, 0x74, 0x65, 0x72, 0x61, 0x74, 0x69, 0x6f, 0x6e, 0x2e, 0x0a,
    0xa9, 0x01, 0xda, 0x0e, 0x77, 0x69, 0x74, 0x68, 0x5f, 0x74, 0x72, 0x61, 0x63, 0x65, 0x62, 0x61,
    0x63, 0x6b, 0xa9, 0x04, 0x72, 0x44, 0x00, 0x00, 0x00, 0xda, 0x03, 0x74, 0x79, 0x70, 0xda, 0x03,
    0x76, 0x61, 0x6c, 0xda, 0x02, 0x74, 0x62, 0x73, 0x04, 0x00, 0x00, 0x00, 0x20, 0x20, 0x20, 0x20,
    0x72, 0x09, 0x00, 0x00, 0x00, 0xda, 0x05, 0x74, 0x68, 0x72, 0x6f, 0x77, 0xda, 0x0f, 0x43, 0x6f,
    0x72, 0x6f, 0x75, 0x74, 0x69, 0x6e, 0x65, 0x2e, 0x74, 0x68, 0x72, 0x6f, 0x77, 0xa3, 0x00, 0x00,
    0x00, 0xf3, 0x34, 0x00, 0x00, 0x00, 0x80, 0x00, 0xf0, 0x0a, 0x00, 0x0c, 0x0f, 0x89, 0x3b, 0xd8,
    0x0f, 0x11, 0x89, 0x7a, 0xd8, 0x16, 0x19, 0x90, 0x09, 0xd9, 0x12, 0x15, 0x93, 0x25, 0x88, 0x43,
    0xd8, 0x0b, 0x0d, 0x89, 0x3e, 0xd8, 0x12, 0x15, 0xd7, 0x12, 0x24, 0xd1, 0x12, 0x24, 0xa0, 0x52,
    0xd3, 0x12, 0x28, 0x88, 0x43, 0xd8, 0x0e, 0x11, 0x88, 0x09, 0x72, 0x08, 0x00, 0x00, 0x00, 0x63,
    0x01, 0x00, 0x00, 0x00, 0x00, 0x00, 0x00, 0x00, 0x00, 0x00, 0x00, 0x00, 0x04, 0x00, 0x00, 0x00,
    0x03, 0x00, 0x00, 0x00, 0xf3, 0x70, 0x00, 0x00, 0x00, 0x95, 0x00, 0x1e, 0x00, 0x55, 0x00, 0x52,
    0x01, 0x00, 0x00, 0x00, 0x00, 0x00, 0x00, 0x00, 0x00, 0x00, 0x00, 0x00, 0x00, 0x00, 0x00, 0x00,
    0x00, 0x00, 0x00, 0x5b, 0x02, 0x00, 0x00, 0x00, 0x00, 0x00, 0x00, 0x00, 0x00, 0x35, 0x01, 0x00,
    0x00, 0x00, 0x00, 0x00, 0x00, 0x20, 0x00, 0x5b, 0x05, 0x00, 0x00, 0x00, 0x00, 0x00, 0x00, 0x00,
    0x00, 0x53, 0x01, 0x35, 0x01, 0x00, 0x00, 0x00, 0x00, 0x00, 0x00, 0x65, 0x01, 0x21, 0x00, 0x5b,
    0x02, 0x00, 0x00, 0x00, 0x00, 0x00, 0x00, 0x00, 0x00, 0x5b, 0x06, 0x00, 0x00, 0x00, 0x00, 0x00,
    0x00, 0x00, 0x00, 0x34, 0x02, 0x07, 0x00, 0x61, 0x03, 0x00, 0x00, 0x20, 0x00, 0x1f, 0x00, 0x67,
    0x02, 0x66, 0x00, 0x3d, 0x03, 0x1f, 0x00, 0x66, 0x01, 0x29, 0x03, 0xfa, 0x2e, 0x52, 0x61, 0x69,
    0x73, 0x65, 0x20, 0x47, 0x65, 0x6e, 0x65, 0x72, 0x61, 0x74, 0x6f, 0x72, 0x45, 0x78, 0x69, 0x74,
    0x20, 0x69, 0x6e, 0x73, 0x69, 0x64, 0x65, 0x20, 0x63, 0x6f, 0x72, 0x6f, 0x75, 0x74, 0x69, 0x6e,
    0x65, 0x2e, 0x0a, 0x20, 0x20, 0x20, 0x20, 0x20, 0x20, 0x20, 0x20, 0x7a, 0x1f, 0x63, 0x6f, 0x72,
    0x6f, 0x75, 0x74, 0x69, 0x6e, 0x65, 0x20, 0x69, 0x67, 0x6e, 0x6f, 0x72, 0x65, 0x64, 0x20, 0x47,
    0x65, 0x6e, 0x65, 0x72, 0x61, 0x74, 0x6f, 0x72, 0x45, 0x78, 0x69, 0x74, 0x4e, 0xa9, 0x04, 0x72,
    0x71, 0x00, 0x00, 0x00, 0xda, 0x0d, 0x47, 0x65, 0x6e, 0x65, 0x72, 0x61, 0x74, 0x6f, 0x72, 0x45,
    0x78, 0x69, 0x74, 0xda, 0x0c, 0x52, 0x75, 0x6e, 0x74, 0x69, 0x6d, 0x65, 0x45, 0x72, 0x72, 0x6f,
    0x72, 0x72, 0x64, 0x00, 0x00, 0x00, 0x72, 0x43, 0x00, 0x00, 0x00, 0x73, 0x01, 0x00, 0x00, 0x00,
    0x20, 0x72, 0x09, 0x00, 0x00, 0x00, 0xda, 0x05, 0x63, 0x6c, 0x6f, 0x73, 0x65, 0xda, 0x0f, 0x43,
    0x6f, 0x72, 0x6f, 0x75, 0x74, 0x69, 0x6e, 0x65, 0x2e, 0x63, 0x6c, 0x6f, 0x73, 0x65, 0xb0, 0x00,
    0x00, 0x00, 0xf3, 0x3b, 0x00, 0x00, 0x00, 0x80, 0x00, 0xf0, 0x06, 0x05, 0x09, 0x42, 0x01, 0xd8,
    0x0c, 0x10, 0x8f, 0x4a, 0x89, 0x4a, 0x94, 0x7d, 0xd4, 0x0c, 0x25, 0xf4, 0x08, 0x00, 0x13, 0x1f,
    0xd0, 0x1f, 0x40, 0xd3, 0x12, 0x41, 0xd0, 0x0c, 0x41, 0xf8, 0xf4, 0x07, 0x00, 0x11, 0x1e, 0x9c,
    0x7d, 0xd0, 0x0f, 0x2d, 0xf3, 0x00, 0x01, 0x09, 0x11, 0xd9, 0x0c, 0x10, 0xf0, 0x03, 0x01, 0x09,
    0x11, 0xfa, 0xf3, 0x0c, 0x00, 0x00, 0x00, 0x82, 0x15, 0x22, 0x00, 0xa2, 0x10, 0x35, 0x03, 0xb4,
    0x01, 0x35, 0x03, 0x63, 0x02, 0x00, 0x00, 0x00, 0x00, 0x00, 0x00, 0x00, 0x00, 0x00, 0x00, 0x00,
    0x07, 0x00, 0x00, 0x00, 0x03, 0x00, 0x00, 0x00, 0xf3, 0x3e, 0x00, 0x00, 0x00, 0x95, 0x00, 0x55,
    0x00, 0x5b, 0x00, 0x00, 0x00, 0x00, 0x00, 0x00, 0x00, 0x00, 0x00, 0x4c, 0x00, 0x61, 0x0f, 0x00,
    0x00, 0x5b, 0x03, 0x00, 0x00, 0x00, 0x00, 0x00, 0x00, 0x00, 0x00, 0x55, 0x01, 0x53, 0x01, 0x53,
    0x02, 0x53, 0x03, 0x53, 0x04, 0x35, 0x05, 0x00, 0x00, 0x00, 0x00, 0x00, 0x00, 0x24, 0x00, 0x5b,
    0x04, 0x00, 0x00, 0x00, 0x00, 0x00, 0x00, 0x00, 0x00, 0x24, 0x00, 0x29, 0x05, 0x4e, 0x72, 0x5a,
    0x00, 0x00, 0x00, 0x72, 0x67, 0x00, 0x00, 0x00, 0x72, 0x71, 0x00, 0x00, 0x00, 0x72, 0x79, 0x00,
    0x00, 0x00, 0x29, 0x03, 0x72, 0x0c, 0x00, 0x00, 0x00, 0x72, 0x3e, 0x00, 0x00, 0x00, 0x72, 0x38,
    0x00, 0x00, 0x00, 0x72, 0x49, 0x00, 0x00, 0x00, 0x73, 0x02, 0x00, 0x00, 0x00, 0x20, 0x20, 0x72,
    0x09, 0x00, 0x00, 0x00, 0x72, 0x4b, 0x00, 0x00, 0x00, 0xda, 0x1a, 0x43, 0x6f, 0x72, 0x6f, 0x75,
    0x74, 0x69, 0x6e, 0x65, 0x2e, 0x5f, 0x5f, 0x73, 0x75, 0x62, 0x63, 0x6c, 0x61, 0x73, 0x73, 0x68,
    0x6f, 0x6f, 0x6b, 0x5f, 0x5f, 0xba, 0x00, 0x00, 0x00, 0x73, 0x23, 0x00, 0x00, 0x00, 0x80, 0x00,
    0xe0, 0x0b, 0x0e, 0x94, 0x29, 0xd2, 0x0b, 0x1b, 0xdc, 0x13, 0x21, 0xa0, 0x21, 0xa0, 0x5b, 0xb0,
    0x26, 0xb8, 0x27, 0xc0, 0x37, 0xd3, 0x13, 0x4b, 0xd0, 0x0c, 0x4b, 0xdc, 0x0f, 0x1d, 0xd0, 0x08,
    0x1d, 0x72, 0x08, 0x00, 0x00, 0x00, 0xa9, 0x02, 0x4e, 0x4e, 0x29, 0x0c, 0x72, 0x4e, 0x00, 0x00,
    0x00, 0x72, 0x4f, 0x00, 0x00, 0x00, 0x72, 0x50, 0x00, 0x00, 0x00, 0x72, 0x51, 0x00, 0x00, 0x00,
    0x72, 0x52, 0x00, 0x00, 0x00, 0x72, 0x04, 0x00, 0x00, 0x00, 0x72, 0x67, 0x00, 0x00, 0x00, 0x72,
    0x71, 0x00, 0x00, 0x00, 0x72, 0x79, 0x00, 0x00, 0x00, 0x72, 0x53, 0x00, 0x00, 0x00, 0x72, 0x4b,
    0x00, 0x00, 0x00, 0x72, 0x54, 0x00, 0x00, 0x00, 0x72, 0x07, 0x00, 0x00, 0x00, 0x72, 0x08, 0x00,
    0x00, 0x00, 0x72, 0x09, 0x00, 0x00, 0x00, 0x72, 0x0c, 0x00, 0x00, 0x00, 0x72, 0x0c, 0x00, 0x00,
    0x00, 0x98, 0x00, 0x00, 0x00, 0x73, 0x47, 0x00, 0x00, 0x00, 0x86, 0x00, 0xe0, 0x10, 0x12, 0x80,
    0x49, 0xe0, 0x05, 0x13, 0xf1, 0x02, 0x04, 0x05, 0x1c, 0xf3, 0x03, 0x00, 0x06, 0x14, 0xf0, 0x02,
    0x04, 0x05, 0x1c, 0xf0, 0x0c, 0x00, 0x06, 0x14, 0xf3, 0x02, 0x0a, 0x05, 0x12, 0xf3, 0x03, 0x00,
    0x06, 0x14, 0xf0, 0x02, 0x0a, 0x05, 0x12, 0xf2, 0x18, 0x08, 0x05, 0x42, 0x01, 0xf0, 0x14, 0x00,
    0x06, 0x11, 0xf1, 0x02, 0x03, 0x05, 0x1e, 0xf3, 0x03, 0x00, 0x06, 0x11, 0xf3, 0x02, 0x03, 0x05,
    0x1e, 0x72, 0x08, 0x00, 0x00, 0x00, 0x72, 0x0c, 0x00, 0x00, 0x00, 0x63, 0x00, 0x00, 0x00, 0x00,
    0x00, 0x00, 0x00, 0x00, 0x00, 0x00, 0x00, 0x00, 0x03, 0x00, 0x00, 0x00, 0x00, 0x00, 0x00, 0x00,
    0xf3, 0x48, 0x00, 0x00, 0x00, 0x95, 0x00, 0x5c, 0x00, 0x72, 0x01, 0x53, 0x00, 0x72, 0x02, 0x53,
    0x01, 0x72, 0x03, 0x53, 0x02, 0x72, 0x04, 0x5c, 0x05, 0x53, 0x03, 0x1a, 0x00, 0x35, 0x00, 0x00,
    0x00, 0x00, 0x00, 0x00, 0x00, 0x72, 0x06, 0x5c, 0x07, 0x53, 0x04, 0x1a, 0x00, 0x35, 0x00, 0x00,
    0x00, 0x00, 0x00, 0x00, 0x00, 0x72, 0x08, 0x5c, 0x07, 0x22, 0x00, 0x5c, 0x09, 0x35, 0x01, 0x00,
    0x00, 0x00, 0x00, 0x00, 0x00, 0x72, 0x0a, 0x53, 0x02, 0x72, 0x0b, 0x67, 0x05, 0x29, 0x06, 0x72,
    0x0d, 0x00, 0x00, 0x00, 0xe9, 0xc4, 0x00, 0x00, 0x00, 0x72, 0x07, 0x00, 0x00, 0x00, 0x63, 0x01,
    0x00, 0x00, 0x00, 0x00, 0x00, 0x00, 0x00, 0x00, 0x00, 0x00, 0x00, 0x02, 0x00, 0x00, 0x00, 0x03,
    0x00, 0x00, 0x00, 0xf3, 0x16, 0x00, 0x00, 0x00, 0x95, 0x00, 0x5b, 0x01, 0x00, 0x00, 0x00, 0x00,
    0x00, 0x00, 0x00, 0x00, 0x35, 0x00, 0x00, 0x00, 0x00, 0x00, 0x00, 0x00, 0x24, 0x00, 0x72, 0x06,
    0x00, 0x00, 0x00, 0x29, 0x01, 0x72, 0x0e, 0x00, 0x00, 0x00, 0x72, 0x43, 0x00, 0x00, 0x00, 0x73,
    0x01, 0x00, 0x00, 0x00, 0x20, 0x72, 0x09, 0x00, 0x00, 0x00, 0xda, 0x09, 0x5f, 0x5f, 0x61, 0x69,
    0x74, 0x65, 0x72, 0x5f, 0x5f, 0xda, 0x17, 0x41, 0x73, 0x79, 0x6e, 0x63, 0x49, 0x74, 0x65, 0x72,
    0x61, 0x62, 0x6c, 0x65, 0x2e, 0x5f, 0x5f, 0x61, 0x69, 0x74, 0x65, 0x72, 0x5f, 0x5f, 0xc8, 0x00,
    0x00, 0x00, 0x73, 0x0a, 0x00, 0x00, 0x00, 0x80, 0x00, 0xe4, 0x0f, 0x1c, 0x8b, 0x7f, 0xd0, 0x08,
    0x1e, 0x72, 0x08, 0x00, 0x00, 0x00, 0x63, 0x02, 0x00, 0x00, 0x00, 0x00, 0x00, 0x00, 0x00, 0x00,
    0x00, 0x00, 0x00, 0x04, 0x00, 0x00, 0x00, 0x03, 0x00, 0x00, 0x00, 0xf3, 0x38, 0x00, 0x00, 0x00,
    0x95, 0x00, 0x55, 0x00, 0x5b, 0x00, 0x00, 0x00, 0x00, 0x00, 0x00, 0x00, 0x00, 0x00, 0x4c, 0x00,
    0x61, 0x0c, 0x00, 0x00, 0x5b, 0x03, 0x00, 0x00, 0x00, 0x00, 0x00, 0x00, 0x00, 0x00, 0x55, 0x01,
    0x53, 0x01, 0x35, 0x02, 0x00, 0x00, 0x00, 0x00, 0x00, 0x00, 0x24, 0x00, 0x5b, 0x04, 0x00, 0x00,
    0x00, 0x00, 0x00, 0x00, 0x00, 0x00, 0x24, 0x00, 0x29, 0x02, 0x4e, 0x72, 0x83, 0x00, 0x00, 0x00,
    0x29, 0x03, 0x72, 0x0d, 0x00, 0x00, 0x00, 0x72, 0x3e, 0x00, 0x00, 0x00, 0x72, 0x38, 0x00, 0x00,
    0x00, 0x72, 0x49, 0x00, 0x00, 0x00, 0x73, 0x02, 0x00, 0x00, 0x00, 0x20, 0x20, 0x72, 0x09, 0x00,
    0x00, 0x00, 0x72, 0x4b, 0x00, 0x00, 0x00, 0xda, 0x1e, 0x41, 0x73, 0x79, 0x6e, 0x63, 0x49, 0x74,
    0x65, 0x72, 0x61, 0x62, 0x6c, 0x65, 0x2e, 0x5f, 0x5f, 0x73, 0x75, 0x62, 0x63, 0x6c, 0x61, 0x73,
    0x73, 0x68, 0x6f, 0x6f, 0x6b, 0x5f, 0x5f, 0xcc, 0x00, 0x00, 0x00, 0x73, 0x1d, 0x00, 0x00, 0x00,
    0x80, 0x00, 0xe0, 0x0b, 0x0e, 0x94, 0x2d, 0xd2, 0x0b, 0x1f, 0xdc, 0x13, 0x21, 0xa0, 0x21, 0xa0,
    0x5b, 0xd3, 0x13, 0x31, 0xd0, 0x0c, 0x31, 0xdc, 0x0f, 0x1d, 0xd0, 0x08, 0x1d, 0x72, 0x08, 0x00,
    0x00, 0x00, 0x4e, 0x29, 0x0c, 0x72, 0x4e, 0x00, 0x00, 0x00, 0x72, 0x4f, 0x00, 0x00, 0x00, 0x72,
    0x50, 0x00, 0x00, 0x00, 0x72, 0x51, 0x00, 0x00, 0x00, 0x72, 0x52, 0x00, 0x00, 0x00, 0x72, 0x04,
    0x00, 0x00, 0x00, 0x72, 0x83, 0x00, 0x00, 0x00, 0x72, 0x53, 0x00, 0x00, 0x00, 0x72, 0x4b, 0x00,
    0x00, 0x00, 0x72, 0x5e, 0x00, 0x00, 0x00, 0x72, 0x5f, 0x00, 0x00, 0x00, 0x72, 0x54, 0x00, 0x00,
    0x00, 0x72, 0x07, 0x00, 0x00, 0x00, 0x72, 0x08, 0x00, 0x00, 0x00, 0x72, 0x09, 0x00, 0x00, 0x00,
    0x72, 0x0d, 0x00, 0x00, 0x00, 0x72, 0x0d, 0x00, 0x00, 0x00, 0xc4, 0x00, 0x00, 0x00, 0x73, 0x3a,
    0x00, 0x00, 0x00, 0x86, 0x00, 0xe0, 0x10, 0x12, 0x80, 0x49, 0xe0, 0x05, 0x13, 0xf1, 0x02, 0x01,
    0x05, 0x1f, 0xf3, 0x03, 0x00, 0x06, 0x14, 0xf0, 0x02, 0x01, 0x05, 0x1f, 0xf0, 0x06, 0x00, 0x06,
    0x11, 0xf1, 0x02, 0x03, 0x05, 0x1e, 0xf3, 0x03, 0x00, 0x06, 0x11, 0xf0, 0x02, 0x03, 0x05, 0x1e,
    0xf1, 0x0a, 0x00, 0x19, 0x24, 0xa0, 0x4c, 0xd3, 0x18, 0x31, 0xd3, 0x04, 0x15, 0x72, 0x08, 0x00,
    0x00, 0x00, 0x72, 0x0d, 0x00, 0x00, 0x00, 0x63, 0x00, 0x00, 0x00, 0x00, 0x00, 0x00, 0x00, 0x00,
    0x00, 0x00, 0x00, 0x00, 0x02, 0x00, 0x00, 0x00, 0x00, 0x00, 0x00, 0x00, 0xf3, 0x3e, 0x00, 0x00,
    0x00, 0x95, 0x00, 0x5c, 0x00, 0x72, 0x01, 0x53, 0x00, 0x72, 0x02, 0x53, 0x01, 0x72, 0x03, 0x53,
    0x02, 0x72, 0x04, 0x5c, 0x05, 0x53, 0x03, 0x1a, 0x00, 0x35, 0x00, 0x00, 0x00, 0x00, 0x00, 0x00,
    0x00, 0x72, 0x06, 0x53, 0x04, 0x1a, 0x00, 0x72, 0x07, 0x5c, 0x08, 0x53, 0x05, 0x1a, 0x00, 0x35,
    0x00, 0x00, 0x00, 0x00, 0x00, 0x00, 0x00, 0x72, 0x09, 0x53, 0x02, 0x72, 0x0a, 0x67, 0x06, 0x29,
    0x07, 0x72, 0x0e, 0x00, 0x00, 0x00, 0xe9, 0xd5, 0x00, 0x00, 0x00, 0x72, 0x07, 0x00, 0x00, 0x00,
    0x63, 0x01, 0x00, 0x00, 0x00, 0x00, 0x00, 0x00, 0x00, 0x00, 0x00, 0x00, 0x00, 0x02, 0x00, 0x00,
    0x00, 0x83, 0x00, 0x00, 0x00, 0xf3, 0x16, 0x00, 0x00, 0x00, 0x23, 0x00, 0x20, 0x00, 0x95, 0x00,
    0x5b, 0x00, 0x00, 0x00, 0x00, 0x00, 0x00, 0x00, 0x00, 0x00, 0x65, 0x01, 0x37, 0x03, 0x66, 0x01,
    0x29, 0x01, 0x7a, 0x40, 0x52, 0x65, 0x74, 0x75, 0x72, 0x6e, 0x20, 0x74, 0x68, 0x65, 0x20, 0x6e,
    0x65, 0x78, 0x74, 0x20, 0x69, 0x74, 0x65, 0x6d, 0x20, 0x6f, 0x72, 0x20, 0x72, 0x61, 0x69, 0x73,
    0x65, 0x20, 0x53, 0x74, 0x6f, 0x70, 0x41, 0x73, 0x79, 0x6e, 0x63, 0x49, 0x74, 0x65, 0x72, 0x61,
    0x74, 0x69, 0x6f, 0x6e, 0x20, 0x77, 0x68, 0x65, 0x6e, 0x20, 0x65, 0x78, 0x68, 0x61, 0x75, 0x73,
    0x74, 0x65, 0x64, 0x2e, 0xa9, 0x01, 0xda, 0x12, 0x53, 0x74, 0x6f, 0x70, 0x41, 0x73, 0x79, 0x6e,
    0x63, 0x49, 0x74, 0x65, 0x72, 0x61, 0x74, 0x69, 0x6f, 0x6e, 0x72, 0x43, 0x00, 0x00, 0x00, 0x73,
    0x01, 0x00, 0x00, 0x00, 0x20, 0x72, 0x09, 0x00, 0x00, 0x00, 0xda, 0x09, 0x5f, 0x5f, 0x61, 0x6e,
    0x65, 0x78, 0x74, 0x5f, 0x5f, 0xda, 0x17, 0x41, 0x73, 0x79, 0x6e, 0x63, 0x49, 0x74, 0x65, 0x72,
    0x61, 0x74, 0x6f, 0x72, 0x2e, 0x5f, 0x5f, 0x61, 0x6e, 0x65, 0x78, 0x74, 0x5f, 0x5f, 0xd9, 0x00,
    0x00, 0x00, 0x73, 0x0d, 0x00, 0x00, 0x00, 0xe9, 0x00, 0x80, 0x00, 0xf4, 0x06, 0x00, 0x0f, 0x21,
    0xd0, 0x08, 0x20, 0xf9, 0x72, 0x34, 0x00, 0x00, 0x00, 0x63, 0x01, 0x00, 0x00, 0x00, 0x00, 0x00,
    0x00, 0x00, 0x00, 0x00, 0x00, 0x00, 0x01, 0x00, 0x00, 0x00, 0x03, 0x00, 0x00, 0x00, 0xf3, 0x06,
    0x00, 0x00, 0x00, 0x95, 0x00, 0x55, 0x00, 0x24, 0x00, 0x72, 0x06, 0x00, 0x00, 0x00, 0x72, 0x07,
    0x00, 0x00, 0x00, 0x72, 0x43, 0x00, 0x00, 0x00, 0x73, 0x01, 0x00, 0x00, 0x00, 0x20, 0x72, 0x09,
    0x00, 0x00, 0x00, 0x72, 0x83, 0x00, 0x00, 0x00, 0xda, 0x17, 0x41, 0x73, 0x79, 0x6e, 0x63, 0x49,
    0x74, 0x65, 0x72, 0x61, 0x74, 0x6f, 0x72, 0x2e, 0x5f, 0x5f, 0x61, 0x69, 0x74, 0x65, 0x72, 0x5f,
    0x5f, 0xde, 0x00, 0x00, 0x00, 0xf3, 0x07, 0x00, 0x00, 0x00, 0x80, 0x00, 0xd8, 0x0f, 0x13, 0x88,
    0x0b, 0x72, 0x08, 0x00, 0x00, 0x00, 0x63, 0x02, 0x00, 0x00, 0x00, 0x00, 0x00, 0x00, 0x00, 0x00,
    0x00, 0x00, 0x00, 0x05, 0x00, 0x00, 0x00, 0x03, 0x00, 0x00, 0x00, 0xf3, 0x3a, 0x00, 0x00, 0x00,
    0x95, 0x00, 0x55, 0x00, 0x5b, 0x00, 0x00, 0x00, 0x00, 0x00, 0x00, 0x00, 0x00, 0x00, 0x4c, 0x00,
    0x61, 0x0d, 0x00, 0x00, 0x5b, 0x03, 0x00, 0x00, 0x00, 0x00, 0x00, 0x00, 0x00, 0x00, 0x55, 0x01,
    0x53, 0x01, 0x53, 0x02, 0x35, 0x03, 0x00, 0x00, 0x00, 0x00, 0x00, 0x00, 0x24, 0x00, 0x5b, 0x04,
    0x00, 0x00, 0x00, 0x00, 0x00, 0x00, 0x00, 0x00, 0x24, 0x00, 0x29, 0x03, 0x4e, 0x72, 0x8c, 0x00,
    0x00, 0x00, 0x72, 0x83, 0x00, 0x00, 0x00, 0x29, 0x03, 0x72, 0x0e, 0x00, 0x00, 0x00, 0x72, 0x3e,
    0x00, 0x00, 0x00, 0x72, 0x38, 0x00, 0x00, 0x00, 0x72, 0x49, 0x00, 0x00, 0x00, 0x73, 0x02, 0x00,
    0x00, 0x00, 0x20, 0x20, 0x72, 0x09, 0x00, 0x00, 0x00, 0x72, 0x4b, 0x00, 0x00, 0x00, 0xda, 0x1e,
    0x41, 0x73, 0x79, 0x6e, 0x63, 0x49, 0x74, 0x65, 0x72, 0x61, 0x74, 0x6f, 0x72, 0x2e, 0x5f, 0x5f,
    0x73, 0x75, 0x62, 0x63, 0x6c, 0x61, 0x73, 0x73, 0x68, 0x6f, 0x6f, 0x6b, 0x5f, 0x5f, 0xe1, 0x00,
    0x00, 0x00, 0x73, 0x1f, 0x00, 0x00, 0x00, 0x80, 0x00, 0xe0, 0x0b, 0x0e, 0x94, 0x2d, 0xd2, 0x0b,
    0x1f, 0xdc, 0x13, 0x21, 0xa0, 0x21, 0xa0, 0x5b, 0xb0, 0x2b, 0xd3, 0x13, 0x3e, 0xd0, 0x0c, 0x3e,
    0xdc, 0x0f, 0x1d, 0xd0, 0x08, 0x1d, 0x72, 0x08, 0x00, 0x00, 0x00, 0x4e, 0x29, 0x0b, 0x72, 0x4e,
    0x00, 0x00, 0x00, 0x72, 0x4f, 0x00, 0x00, 0x00, 0x72, 0x50, 0x00, 0x00, 0x00, 0x72, 0x51, 0x00,
    0x00, 0x00, 0x72, 0x52, 0x00, 0x00, 0x00, 0x72, 0x04, 0x00, 0x00, 0x00, 0x72, 0x8c, 0x00, 0x00,
    0x00, 0x72, 0x83, 0x00, 0x00, 0x00, 0x72, 0x53, 0x00, 0x00, 0x00, 0x72, 0x4b, 0x00, 0x00, 0x00,
    0x72, 0x54, 0x00, 0x00, 0x00, 0x72, 0x07, 0x00, 0x00, 0x00, 0x72, 0x08, 0x00, 0x00, 0x00, 0x72,
    0x09, 0x00, 0x00, 0x00, 0x72, 0x0e, 0x00, 0x00, 0x00, 0x72, 0x0e, 0x00, 0x00, 0x00, 0xd5, 0x00,
    0x00, 0x00, 0x73, 0x32, 0x00, 0x00, 0x00, 0x86, 0x00, 0xe0, 0x10, 0x12, 0x80, 0x49, 0xe0, 0x05,
    0x13, 0xf1, 0x02, 0x02, 0x05, 0x21, 0xf3, 0x03, 0x00, 0x06, 0x14, 0xf0, 0x02, 0x02, 0x05, 0x21,
    0xf2, 0x08, 0x01, 0x05, 0x14, 0xf0, 0x06, 0x00, 0x06, 0x11, 0xf1, 0x02, 0x03, 0x05, 0x1e, 0xf3,
    0x03, 0x00, 0x06, 0x11, 0xf3, 0x02, 0x03, 0x05, 0x1e, 0x72, 0x08, 0x00, 0x00, 0x00, 0x72, 0x0e,
    0x00, 0x00, 0x00, 0x63, 0x00, 0x00, 0x00, 0x00, 0x00, 0x00, 0x00, 0x00, 0x00, 0x00, 0x00, 0x00,
    0x03, 0x00, 0x00, 0x00, 0x00, 0x00, 0x00, 0x00, 0xf3, 0x58, 0x00, 0x00, 0x00, 0x95, 0x00, 0x5c,
    0x00, 0x72, 0x01, 0x53, 0x00, 0x72, 0x02, 0x53, 0x01, 0x72, 0x03, 0x53, 0x02, 0x72, 0x04, 0x53,
    0x03, 0x1a, 0x00, 0x72, 0x05, 0x5c, 0x06, 0x53, 0x04, 0x1a, 0x00, 0x35, 0x00, 0x00, 0x00, 0x00,
    0x00, 0x00, 0x00, 0x72, 0x07, 0x5c, 0x06, 0x53, 0x09, 0x53, 0x06, 0x1a, 0x00, 0x6a, 0x01, 0x35,
    0x00, 0x00, 0x00, 0x00, 0x00, 0x00, 0x00, 0x72, 0x08, 0x53, 0x07, 0x1a, 0x00, 0x72, 0x09, 0x5c,
    0x0a, 0x53, 0x08, 0x1a, 0x00, 0x35, 0x00, 0x00, 0x00, 0x00, 0x00, 0x00, 0x00, 0x72, 0x0b, 0x53,
    0x02, 0x72, 0x0c, 0x67, 0x05, 0x29, 0x0a, 0x72, 0x0f, 0x00, 0x00, 0x00, 0xe9, 0xe8, 0x00, 0x00,
    0x00, 0x72, 0x07, 0x00, 0x00, 0x00, 0x63, 0x01, 0x00, 0x00, 0x00, 0x00, 0x00, 0x00, 0x00, 0x00,
    0x00, 0x00, 0x00, 0x03, 0x00, 0x00, 0x00, 0x83, 0x00, 0x00, 0x00, 0xf3, 0x40, 0x00, 0x00, 0x00,
    0x23, 0x00, 0x20, 0x00, 0x95, 0x00, 0x55, 0x00, 0x52, 0x01, 0x00, 0x00, 0x00, 0x00, 0x00, 0x00,
    0x00, 0x00, 0x00, 0x00, 0x00, 0x00, 0x00, 0x00, 0x00, 0x00, 0x00, 0x00, 0x53, 0x01, 0x35, 0x01,
    0x00, 0x00, 0x00, 0x00, 0x00, 0x00, 0x49, 0x00, 0x53, 0x01, 0x68, 0x03, 0x00, 0x00, 0x76, 0x01,
    0x95, 0x03, 0x4e, 0x05, 0x0c, 0x00, 0x24, 0x00, 0x08, 0x00, 0x4e, 0x04, 0x37, 0x03, 0x66, 0x01,
    0x29, 0x02, 0x7a, 0x60, 0x52, 0x65, 0x74, 0x75, 0x72, 0x6e, 0x20, 0x74, 0x68, 0x65, 0x20, 0x6e,
    0x65, 0x78, 0x74, 0x20, 0x69, 0x74, 0x65, 0x6d, 0x20, 0x66, 0x72, 0x6f, 0x6d, 0x20, 0x74, 0x68,
    0x65, 0x20, 0x61, 0x73, 0x79, 0x6e, 0x63, 0x68, 0x72, 0x6f, 0x6e, 0x6f, 0x75, 0x73, 0x20, 0x67,
    0x65, 0x6e, 0x65, 0x72, 0x61, 0x74, 0x6f, 0x72, 0x2e, 0x0a, 0x57, 0x68, 0x65, 0x6e, 0x20, 0x65,
    0x78, 0x68, 0x61, 0x75, 0x73, 0x74, 0x65, 0x64, 0x2c, 0x20, 0x72, 0x61, 0x69, 0x73, 0x65, 0x20,
    0x53, 0x74, 0x6f, 0x70, 0x41, 0x73, 0x79, 0x6e, 0x63, 0x49, 0x74, 0x65, 0x72, 0x61, 0x74, 0x69,
    0x6f, 0x6e, 0x2e, 0x0a, 0x4e, 0x29, 0x01, 0xda, 0x05, 0x61, 0x73, 0x65, 0x6e, 0x64, 0x72, 0x43,
    0x00, 0x00, 0x00, 0x73, 0x01, 0x00, 0x00, 0x00, 0x20, 0x72, 0x09, 0x00, 0x00, 0x00, 0x72, 0x8c,
    0x00, 0x00, 0x00, 0xda, 0x18, 0x41, 0x73, 0x79, 0x6e, 0x63, 0x47, 0x65, 0x6e, 0x65, 0x72, 0x61,
    0x74, 0x6f, 0x72, 0x2e, 0x5f, 0x5f, 0x61, 0x6e, 0x65, 0x78, 0x74, 0x5f, 0x5f, 0xec, 0x00, 0x00,
    0x00, 0x73, 0x1c, 0x00, 0x00, 0x00, 0xe9, 0x00, 0x80, 0x00, 0xf0, 0x08, 0x00, 0x16, 0x1a, 0x97,
    0x5a, 0x91, 0x5a, 0xa0, 0x04, 0xd3, 0x15, 0x25, 0xd7, 0x0f, 0x25, 0xd0, 0x08, 0x25, 0xd1, 0x0f,
    0x25, 0xf9, 0x73, 0x0c, 0x00, 0x00, 0x00, 0x82, 0x15, 0x1e, 0x01, 0x97, 0x01, 0x1c, 0x04, 0x98,
    0x05, 0x1e, 0x01, 0x63, 0x02, 0x00, 0x00, 0x00, 0x00, 0x00, 0x00, 0x00, 0x00, 0x00, 0x00, 0x00,
    0x02, 0x00, 0x00, 0x00, 0x83, 0x00, 0x00, 0x00, 0xf3, 0x16, 0x00, 0x00, 0x00, 0x23, 0x00, 0x20,
    0x00, 0x95, 0x00, 0x5b, 0x00, 0x00, 0x00, 0x00, 0x00, 0x00, 0x00, 0x00, 0x00, 0x65, 0x01, 0x37,
    0x03, 0x66, 0x01, 0x29, 0x01, 0x7a, 0x65, 0x53, 0x65, 0x6e, 0x64, 0x20, 0x61, 0x20, 0x76, 0x61,
    0x6c, 0x75, 0x65, 0x20, 0x69, 0x6e, 0x74, 0x6f, 0x20, 0x74, 0x68, 0x65, 0x20, 0x61, 0x73, 0x79,
    0x6e, 0x63, 0x68, 0x72, 0x6f, 0x6e, 0x6f, 0x75, 0x73, 0x20, 0x67, 0x65, 0x6e, 0x65, 0x72, 0x61,
    0x74, 0x6f, 0x72, 0x2e, 0x0a, 0x52, 0x65, 0x74, 0x75, 0x72, 0x6e, 0x20, 0x6e, 0x65, 0x78, 0x74,
    0x20, 0x79, 0x69, 0x65, 0x6c, 0x64, 0x65, 0x64, 0x20, 0x76, 0x61, 0x6c, 0x75, 0x65, 0x20, 0x6f,
    0x72, 0x20, 0x72, 0x61, 0x69, 0x73, 0x65, 0x20, 0x53, 0x74, 0x6f, 0x70, 0x41, 0x73, 0x79, 0x6e,
    0x63, 0x49, 0x74, 0x65, 0x72, 0x61, 0x74, 0x69, 0x6f, 0x6e, 0x2e, 0x0a, 0x72, 0x8a, 0x00, 0x00,
    0x00, 0x72, 0x65, 0x00, 0x00, 0x00, 0x73, 0x02, 0x00, 0x00, 0x00, 0x20, 0x20, 0x72, 0x09, 0x00,
    0x00, 0x00, 0x72, 0x96, 0x00, 0x00, 0x00, 0xda, 0x14, 0x41, 0x73, 0x79, 0x6e, 0x63, 0x47, 0x65,
    0x6e, 0x65, 0x72, 0x61, 0x74, 0x6f, 0x72, 0x2e, 0x61, 0x73, 0x65, 0x6e, 0x64, 0xf2, 0x00, 0x00,
    0x00, 0x73, 0x0d, 0x00, 0x00, 0x00, 0xe9, 0x00, 0x80, 0x00, 0xf4, 0x0a, 0x00, 0x0f, 0x21, 0xd0,
    0x08, 0x20, 0xf9, 0x72, 0x34, 0x00, 0x00, 0x00, 0x4e, 0x63, 0x04, 0x00, 0x00, 0x00, 0x00, 0x00,
    0x00, 0x00, 0x00, 0x00, 0x00, 0x00, 0x03, 0x00, 0x00, 0x00, 0x83, 0x00, 0x00, 0x00, 0xf3, 0x54,
    0x00, 0x00, 0x00, 0x23, 0x00, 0x20, 0x00, 0x95, 0x00, 0x55, 0x02, 0x63, 0x0c, 0x00, 0x00, 0x55,
    0x03, 0x63, 0x02, 0x00, 0x00, 0x55, 0x01, 0x65, 0x01, 0x55, 0x01, 0x22, 0x00, 0x35, 0x00, 0x00,
    0x00, 0x00, 0x00, 0x00, 0x00, 0x6e, 0x02, 0x55, 0x03, 0x62, 0x11, 0x00, 0x00, 0x55, 0x02, 0x52,
    0x01, 0x00, 0x00, 0x00, 0x00, 0x00, 0x00, 0x00, 0x00, 0x00, 0x00, 0x00, 0x00, 0x00, 0x00, 0x00,
    0x00, 0x00, 0x00, 0x55, 0x03, 0x35, 0x01, 0x00, 0x00, 0x00, 0x00, 0x00, 0x00, 0x6e, 0x02, 0x55,
    0x02, 0x65, 0x01, 0x37, 0x03, 0x66, 0x01, 0x29, 0x01, 0x7a, 0x69, 0x52, 0x61, 0x69, 0x73, 0x65,
    0x20, 0x61, 0x6e, 0x20, 0x65, 0x78, 0x63, 0x65, 0x70, 0x74, 0x69, 0x6f, 0x6e, 0x20, 0x69, 0x6e,
    0x20, 0x74, 0x68, 0x65, 0x20, 0x61, 0x73, 0x79, 0x6e, 0x63, 0x68, 0x72, 0x6f, 0x6e, 0x6f, 0x75,
    0x73, 0x20, 0x67, 0x65, 0x6e, 0x65, 0x72, 0x61, 0x74, 0x6f, 0x72, 0x2e, 0x0a, 0x52, 0x65, 0x74,
    0x75, 0x72, 0x6e, 0x20, 0x6e, 0x65, 0x78, 0x74, 0x20, 0x79, 0x69, 0x65, 0x6c, 0x64, 0x65, 0x64,
    0x20, 0x76, 0x61, 0x6c, 0x75, 0x65, 0x20, 0x6f, 0x72, 0x20, 0x72, 0x61, 0x69, 0x73, 0x65, 0x20,
    0x53, 0x74, 0x6f, 0x70, 0x41, 0x73, 0x79, 0x6e, 0x63, 0x49, 0x74, 0x65, 0x72, 0x61, 0x74, 0x69,
    0x6f, 0x6e, 0x2e, 0x0a, 0x72, 0x6b, 0x00, 0x00, 0x00, 0x72, 0x6d, 0x00, 0x00, 0x00, 0x73, 0x04,
    0x00, 0x00, 0x00, 0x20, 0x20, 0x20, 0x20, 0x72, 0x09, 0x00, 0x00, 0x00, 0xda, 0x06, 0x61, 0x74,
    0x68, 0x72, 0x6f, 0x77, 0xda, 0x15, 0x41, 0x73, 0x79, 0x6e, 0x63, 0x47, 0x65, 0x6e, 0x65, 0x72,
    0x61, 0x74, 0x6f, 0x72, 0x2e, 0x61, 0x74, 0x68, 0x72, 0x6f, 0x77, 0xf9, 0x00, 0x00, 0x00, 0x73,
    0x37, 0x00, 0x00, 0x00, 0xe9, 0x00, 0x80, 0x00, 0xf0, 0x0a, 0x00, 0x0c, 0x0f, 0x89, 0x3b, 0xd8,
    0x0f, 0x11, 0x89, 0x7a, 0xd8, 0x16, 0x19, 0x90, 0x09, 0xd9, 0x12, 0x15, 0x93, 0x25, 0x88, 0x43,
    0xd8, 0x0b, 0x0d, 0x89, 0x3e, 0xd8, 0x12, 0x15, 0xd7, 0x12, 0x24, 0xd1, 0x12, 0x24, 0xa0, 0x52,
    0xd3, 0x12, 0x28, 0x88, 0x43, 0xd8, 0x0e, 0x11, 0x88, 0x09, 0xf9, 0xf3, 0x04, 0x00, 0x00, 0x00,
    0x82, 0x26, 0x28, 0x01, 0x63, 0x01, 0x00, 0x00, 0x00, 0x00, 0x00, 0x00, 0x00, 0x00, 0x00, 0x00,
    0x00, 0x04, 0x00, 0x00, 0x00, 0x83, 0x00, 0x00, 0x00, 0xf3, 0x8c, 0x00, 0x00, 0x00, 0x23, 0x00,
    0x20, 0x00, 0x95, 0x00, 0x1e, 0x00, 0x55, 0x00, 0x52, 0x01, 0x00, 0x00, 0x00, 0x00, 0x00, 0x00,
    0x00, 0x00, 0x00, 0x00, 0x00, 0x00, 0x00, 0x00, 0x00, 0x00, 0x00, 0x00, 0x5b, 0x02, 0x00, 0x00,
    0x00, 0x00, 0x00, 0x00, 0x00, 0x00, 0x35, 0x01, 0x00, 0x00, 0x00, 0x00, 0x00, 0x00, 0x49, 0x00,
    0x53, 0x01, 0x68, 0x03, 0x00, 0x00, 0x76, 0x01, 0x95, 0x03, 0x4e, 0x05, 0x0c, 0x00, 0x20, 0x00,
    0x5b, 0x05, 0x00, 0x00, 0x00, 0x00, 0x00, 0x00, 0x00, 0x00, 0x53, 0x02, 0x35, 0x01, 0x00, 0x00,
    0x00, 0x00, 0x00, 0x00, 0x65, 0x01, 0x08, 0x00, 0x4e, 0x0f, 0x21, 0x00, 0x5b, 0x02, 0x00, 0x00,
    0x00, 0x00, 0x00, 0x00, 0x00, 0x00, 0x5b, 0x06, 0x00, 0x00, 0x00, 0x00, 0x00, 0x00, 0x00, 0x00,
    0x34, 0x02, 0x07, 0x00, 0x61, 0x03, 0x00, 0x00, 0x20, 0x00, 0x1f, 0x00, 0x67, 0x01, 0x66, 0x00,
    0x3d, 0x03, 0x1f, 0x00, 0x66, 0x01, 0x37, 0x03, 0x66, 0x01, 0x29, 0x03, 0x72, 0x75, 0x00, 0x00,
    0x00, 0x4e, 0x7a, 0x2c, 0x61, 0x73, 0x79, 0x6e, 0x63, 0x68, 0x72, 0x6f, 0x6e, 0x6f, 0x75, 0x73,
    0x20, 0x67, 0x65, 0x6e, 0x65, 0x72, 0x61, 0x74, 0x6f, 0x72, 0x20, 0x69, 0x67, 0x6e, 0x6f, 0x72,
    0x65, 0x64, 0x20, 0x47, 0x65, 0x6e, 0x65, 0x72, 0x61, 0x74, 0x6f, 0x72, 0x45, 0x78, 0x69, 0x74,
    0x29, 0x04, 0x72, 0x9b, 0x00, 0x00, 0x00, 0x72, 0x77, 0x00, 0x00, 0x00, 0x72, 0x78, 0x00, 0x00,
    0x00, 0x72, 0x8b, 0x00, 0x00, 0x00, 0x72, 0x43, 0x00, 0x00, 0x00, 0x73, 0x01, 0x00, 0x00, 0x00,
    0x20, 0x72, 0x09, 0x00, 0x00, 0x00, 0xda, 0x06, 0x61, 0x63, 0x6c, 0x6f, 0x73, 0x65, 0xda, 0x15,
    0x41, 0x73, 0x79, 0x6e, 0x63, 0x47, 0x65, 0x6e, 0x65, 0x72, 0x61, 0x74, 0x6f, 0x72, 0x2e, 0x61,
    0x63, 0x6c, 0x6f, 0x73, 0x65, 0x06, 0x01, 0x00, 0x00, 0x73, 0x47, 0x00, 0x00, 0x00, 0xe9, 0x00,
    0x80, 0x00, 0xf0, 0x06, 0x05, 0x09, 0x4f, 0x01, 0xd8, 0x12, 0x16, 0x97, 0x2b, 0x91, 0x2b, 0x9c,
    0x6d, 0xd3, 0x12, 0x2c, 0xd7, 0x0c, 0x2c, 0xd0, 0x0c, 0x2c, 0xf4, 0x08, 0x00, 0x13, 0x1f, 0xd0,
    0x1f, 0x4d, 0xd3, 0x12, 0x4e, 0xd0, 0x0c, 0x4e, 0xf1, 0x09, 0x00, 0x0d, 0x2d, 0xf8, 0xdc, 0x10,
    0x1d, 0xd4, 0x1f, 0x31, 0xd0, 0x0f, 0x32, 0xf3, 0x00, 0x01, 0x09, 0x11, 0xd9, 0x0c, 0x10, 0xf0,
    0x03, 0x01, 0x09, 0x11, 0xfc, 0x73, 0x30, 0x00, 0x00, 0x00, 0x82, 0x01, 0x41, 0x04, 0x01, 0x84,
    0x18, 0x2e, 0x00, 0x9c, 0x01, 0x2c, 0x04, 0x9d, 0x04, 0x2e, 0x00, 0xa1, 0x0b, 0x41, 0x04, 0x01,
    0xac, 0x01, 0x2e, 0x00, 0xae, 0x10, 0x41, 0x01, 0x03, 0xbe, 0x02, 0x41, 0x04, 0x01, 0xc1, 0x00,
    0x01, 0x41, 0x01, 0x03, 0xc1, 0x01, 0x03, 0x41, 0x04, 0x01, 0x63, 0x02, 0x00, 0x00, 0x00, 0x00,
    0x00, 0x00, 0x00, 0x00, 0x00, 0x00, 0x00, 0x08, 0x00, 0x00, 0x00, 0x03, 0x00, 0x00, 0x00, 0xf3,
    0x40, 0x00, 0x00, 0x00, 0x95, 0x00, 0x55, 0x00, 0x5b, 0x00, 0x00, 0x00, 0x00, 0x00, 0x00, 0x00,
    0x00, 0x00, 0x4c, 0x00, 0x61, 0x10, 0x00, 0x00, 0x5b, 0x03, 0x00, 0x00, 0x00, 0x00, 0x00, 0x00,
    0x00, 0x00, 0x55, 0x01, 0x53, 0x01, 0x53, 0x02, 0x53, 0x03, 0x53, 0x04, 0x53, 0x05, 0x35, 0x06,
    0x00, 0x00, 0x00, 0x00, 0x00, 0x00, 0x24, 0x00, 0x5b, 0x04, 0x00, 0x00, 0x00, 0x00, 0x00, 0x00,
    0x00, 0x00, 0x24, 0x00, 0x29, 0x06, 0x4e, 0x72, 0x83, 0x00, 0x00, 0x00, 0x72, 0x8c, 0x00, 0x00,
    0x00, 0x72, 0x96, 0x00, 0x00, 0x00, 0x72, 0x9b, 0x00, 0x00, 0x00, 0x72, 0x9f, 0x00, 0x00, 0x00,
    0x29, 0x03, 0x72, 0x0f, 0x00, 0x00, 0x00, 0x72, 0x3e, 0x00, 0x00, 0x00, 0x72, 0x38, 0x00, 0x00,
    0x00, 0x72, 0x49, 0x00, 0x00, 0x00, 0x73, 0x02, 0x00, 0x00, 0x00, 0x20, 0x20, 0x72, 0x09, 0x00,
    0x00, 0x00, 0x72, 0x4b, 0x00, 0x00, 0x00, 0xda, 0x1f, 0x41, 0x73, 0x79, 0x6e, 0x63, 0x47, 0x65,
    0x6e, 0x65, 0x72, 0x61, 0x74, 0x6f, 0x72, 0x2e, 0x5f, 0x5f, 0x73, 0x75, 0x62, 0x63, 0x6c, 0x61,
    0x73, 0x73, 0x68, 0x6f, 0x6f, 0x6b, 0x5f, 0x5f, 0x10, 0x01, 0x00, 0x00, 0x73, 0x2a, 0x00, 0x00,
    0x00, 0x80, 0x00, 0xe0, 0x0b, 0x0e, 0x94, 0x2e, 0xd2, 0x0b, 0x20, 0xdc, 0x13, 0x21, 0xa0, 0x21,
    0xa0, 0x5b, 0xb0, 0x2b, 0xd8, 0x22, 0x29, 0xa8, 0x38, 0xb0, 0x58, 0xf3, 0x03, 0x01, 0x14, 0x3f,
    0xf0, 0x00, 0x01, 0x0d, 0x3f, 0xe4, 0x0f, 0x1d, 0xd0, 0x08, 0x1d, 0x72, 0x08, 0x00, 0x00, 0x00,
    0x72, 0x7f, 0x00, 0x00, 0x00, 0x29, 0x0d, 0x72, 0x4e, 0x00, 0x00, 0x00, 0x72, 0x4f, 0x00, 0x00,
    0x00, 0x72, 0x50, 0x00, 0x00, 0x00, 0x72, 0x51, 0x00, 0x00, 0x00, 0x72, 0x52, 0x00, 0x00, 0x00,
    0x72, 0x8c, 0x00, 0x00, 0x00, 0x72, 0x04, 0x00, 0x00, 0x00, 0x72, 0x96, 0x00, 0x00, 0x00, 0x72,
    0x9b, 0x00, 0x00, 0x00, 0x72, 0x9f, 0x00, 0x00, 0x00, 0x72, 0x53, 0x00, 0x00, 0x00, 0x72, 0x4b,
    0x00, 0x00, 0x00, 0x72, 0x54, 0x00, 0x00, 0x00, 0x72, 0x07, 0x00, 0x00, 0x00, 0x72, 0x08, 0x00,
    0x00, 0x00, 0x72, 0x09, 0x00, 0x00, 0x00, 0x72, 0x0f, 0x00, 0x00, 0x00, 0x72, 0x0f, 0x00, 0x00,
    0x00, 0xe8, 0x00, 0x00, 0x00, 0x73, 0x4e, 0x00, 0x00, 0x00, 0x86, 0x00, 0xe0, 0x10, 0x12, 0x80,
    0x49, 0xf2, 0x04, 0x04, 0x05, 0x26, 0xf0, 0x0c, 0x00, 0x06, 0x14, 0xf1, 0x02, 0x04, 0x05, 0x21,
    0xf3, 0x03, 0x00, 0x06, 0x14, 0xf0, 0x02, 0x04, 0x05, 0x21, 0xf0, 0x0c, 0x00, 0x06, 0x14, 0xf3,
    0x02, 0x0a, 0x05, 0x12, 0xf3, 0x03, 0x00, 0x06, 0x14, 0xf0, 0x02, 0x0a, 0x05, 0x12, 0xf2, 0x18,
    0x08, 0x05, 0x4f, 0x01, 0xf0, 0x14, 0x00, 0x06, 0x11, 0xf1, 0x02, 0x04, 0x05, 0x1e, 0xf3, 0x03,
    0x00, 0x06, 0x11, 0xf3, 0x02, 0x04, 0x05, 0x1e, 0x72, 0x08, 0x00, 0x00, 0x00, 0x72, 0x0f, 0x00,
    0x00, 0x00, 0x63, 0x00, 0x00, 0x00, 0x00, 0x00, 0x00, 0x00, 0x00, 0x00, 0x00, 0x00, 0x00, 0x03,
    0x00, 0x00, 0x00, 0x00, 0x00, 0x00, 0x00, 0xf3, 0x48, 0x00, 0x00, 0x00, 0x95, 0x00, 0x5c, 0x00,
    0x72, 0x01, 0x53, 0x00, 0x72, 0x02, 0x53, 0x01, 0x72, 0x03, 0x53, 0x02, 0x72, 0x04, 0x5c, 0x05,
    0x53, 0x03, 0x1a, 0x00, 0x35, 0x00, 0x00, 0x00, 0x00, 0x00, 0x00, 0x00, 0x72, 0x06, 0x5c, 0x07,
    0x53, 0x04, 0x1a, 0x00, 0x35, 0x00, 0x00, 0x00, 0x00, 0x00, 0x00, 0x00, 0x72, 0x08, 0x5c, 0x07,
    0x22, 0x00, 0x5c, 0x09, 0x35, 0x01, 0x00, 0x00, 0x00, 0x00, 0x00, 0x00, 0x72, 0x0a, 0x53, 0x02,
    0x72, 0x0b, 0x67, 0x05, 0x29, 0x06, 0x72, 0x11, 0x00, 0x00, 0x00, 0x69, 0x1b, 0x01, 0x00, 0x00,
    0x72, 0x07, 0x00, 0x00, 0x00, 0x63, 0x01, 0x00, 0x00, 0x00, 0x00, 0x00, 0x00, 0x00, 0x00, 0x00,
    0x00, 0x00, 0x02, 0x00, 0x00, 0x00, 0x23, 0x00, 0x00, 0x00, 0xf3, 0x0c, 0x00, 0x00, 0x00, 0x23,
    0x00, 0x20, 0x00, 0x95, 0x00, 0x67, 0x00, 0x37, 0x03, 0x66, 0x01, 0x72, 0x06, 0x00, 0x00, 0x00,
    0x72, 0x07, 0x00, 0x00, 0x00, 0x72, 0x43, 0x00, 0x00, 0x00, 0x73, 0x01, 0x00, 0x00, 0x00, 0x20,
    0x72, 0x09, 0x00, 0x00, 0x00, 0xda, 0x08, 0x5f, 0x5f, 0x69, 0x74, 0x65, 0x72, 0x5f, 0x5f, 0xda,
    0x11, 0x49, 0x74, 0x65, 0x72, 0x61, 0x62, 0x6c, 0x65, 0x2e, 0x5f, 0x5f, 0x69, 0x74, 0x65, 0x72,
    0x5f, 0x5f, 0x1f, 0x01, 0x00, 0x00, 0xf3, 0x08, 0x00, 0x00, 0x00, 0xe9, 0x00, 0x80, 0x00, 0xe0,
    0x0e, 0x13, 0xf9, 0x72, 0x31, 0x00, 0x00, 0x00, 0x63, 0x02, 0x00, 0x00, 0x00, 0x00, 0x00, 0x00,
    0x00, 0x00, 0x00, 0x00, 0x00, 0x04, 0x00, 0x00, 0x00, 0x03, 0x00, 0x00, 0x00, 0xf3, 0x38, 0x00,
    0x00, 0x00, 0x95, 0x00, 0x55, 0x00, 0x5b, 0x00, 0x00, 0x00, 0x00, 0x00, 0x00, 0x00, 0x00, 0x00,
    0x4c, 0x00, 0x61, 0x0c, 0x00, 0x00, 0x5b, 0x03, 0x00, 0x00, 0x00, 0x00, 0x00, 0x00, 0x00, 0x00,
    0x55, 0x01, 0x53, 0x01, 0x35, 0x02, 0x00, 0x00, 0x00, 0x00, 0x00, 0x00, 0x24, 0x00, 0x5b, 0x04,
    0x00, 0x00, 0x00, 0x00, 0x00, 0x00, 0x00, 0x00, 0x24, 0x00, 0x29, 0x02, 0x4e, 0x72, 0xa5, 0x00,
    0x00, 0x00, 0x29, 0x03, 0x72, 0x11, 0x00, 0x00, 0x00, 0x72, 0x3e, 0x00, 0x00, 0x00, 0x72, 0x38,
    0x00, 0x00, 0x00, 0x72, 0x49, 0x00, 0x00, 0x00, 0x73, 0x02, 0x00, 0x00, 0x00, 0x20, 0x20, 0x72,
    0x09, 0x00, 0x00, 0x00, 0x72, 0x4b, 0x00, 0x00, 0x00, 0xda, 0x19, 0x49, 0x74, 0x65, 0x72, 0x61,
    0x62, 0x6c, 0x65, 0x2e, 0x5f, 0x5f, 0x73, 0x75, 0x62, 0x63, 0x6c, 0x61, 0x73, 0x73, 0x68, 0x6f,
    0x6f, 0x6b, 0x5f, 0x5f, 0x24, 0x01, 0x00, 0x00, 0x72, 0x4d, 0x00, 0x00, 0x00, 0x72, 0x08, 0x00,
    0x00, 0x00, 0x4e, 0x29, 0x0c, 0x72, 0x4e, 0x00, 0x00, 0x00, 0x72, 0x4f, 0x00, 0x00, 0x00, 0x72,
    0x50, 0x00, 0x00, 0x00, 0x72, 0x51, 0x00, 0x00, 0x00, 0x72, 0x52, 0x00, 0x00, 0x00, 0x72, 0x04,
    0x00, 0x00, 0x00, 0x72, 0xa5, 0x00, 0x00, 0x00, 0x72, 0x53, 0x00, 0x00, 0x00, 0x72, 0x4b, 0x00,
    0x00, 0x00, 0x72, 0x5e, 0x00, 0x00, 0x00, 0x72, 0x5f, 0x00, 0x00, 0x00, 0x72, 0x54, 0x00, 0x00,
    0x00, 0x72, 0x07, 0x00, 0x00, 0x00, 0x72, 0x08, 0x00, 0x00, 0x00, 0x72, 0x09, 0x00, 0x00, 0x00,
    0x72, 0x11, 0x00, 0x00, 0x00, 0x72, 0x11, 0x00, 0x00, 0x00, 0x1b, 0x01, 0x00, 0x00, 0x73, 0x3a,
    0x00, 0x00, 0x00, 0x86, 0x00, 0xe0, 0x10, 0x12, 0x80, 0x49, 0xe0, 0x05, 0x13, 0xf1, 0x02, 0x02,
    0x05, 0x17, 0xf3, 0x03, 0x00, 0x06, 0x14, 0xf0, 0x02, 0x02, 0x05, 0x17, 0xf0, 0x08, 0x00, 0x06,
    0x11, 0xf1, 0x02, 0x03, 0x05, 0x1e, 0xf3, 0x03, 0x00, 0x06, 0x11, 0xf0, 0x02, 0x03, 0x05, 0x1e,
    0xf1, 0x0a, 0x00, 0x19, 0x24, 0xa0, 0x4c, 0xd3, 0x18, 0x31, 0xd3, 0x04, 0x15, 0x72, 0x08, 0x00,
    0x00, 0x00, 0x72, 0x11, 0x00, 0x00, 0x00, 0x63, 0x00, 0x00, 0x00, 0x00, 0x00, 0x00, 0x00, 0x00,
    0x00, 0x00, 0x00, 0x00, 0x02, 0x00, 0x00, 0x00, 0x00, 0x00, 0x00, 0x00, 0xf3, 0x3e, 0x00, 0x00,
    0x00, 0x95, 0x00, 0x5c, 0x00, 0x72, 0x01, 0x53, 0x00, 0x72, 0x02, 0x53, 0x01, 0x72, 0x03, 0x53,
    0x02, 0x72, 0x04, 0x5c, 0x05, 0x53, 0x03, 0x1a, 0x00, 0x35, 0x00, 0x00, 0x00, 0x00, 0x00, 0x00,
    0x00, 0x72, 0x06, 0x53, 0x04, 0x1a, 0x00, 0x72, 0x07, 0x5c, 0x08, 0x53, 0x05, 0x1a, 0x00, 0x35,
    0x00, 0x00, 0x00, 0x00, 0x00, 0x00, 0x00, 0x72, 0x09, 0x53, 0x02, 0x72, 0x0a, 0x67, 0x06, 0x29,
    0x07, 0x72, 0x12, 0x00, 0x00, 0x00, 0x69, 0x2d, 0x01, 0x00, 0x00, 0x72, 0x07, 0x00, 0x00, 0x00,
    0x63, 0x01, 0x00, 0x00, 0x00, 0x00, 0x00, 0x00, 0x00, 0x00, 0x00, 0x00, 0x00, 0x01, 0x00, 0x00,
    0x00, 0x03, 0x00, 0x00, 0x00, 0xf3, 0x0e, 0x00, 0x00, 0x00, 0x95, 0x00, 0x5b, 0x00, 0x00, 0x00,
    0x00, 0x00, 0x00, 0x00, 0x00, 0x00, 0x65, 0x01, 0x29, 0x01, 0x7a, 0x4b, 0x52, 0x65, 0x74, 0x75,
    0x72, 0x6e, 0x20, 0x74, 0x68, 0x65, 0x20, 0x6e, 0x65, 0x78, 0x74, 0x20, 0x69, 0x74, 0x65, 0x6d,
    0x20, 0x66, 0x72, 0x6f, 0x6d, 0x20, 0x74, 0x68, 0x65, 0x20, 0x69, 0x74, 0x65, 0x72, 0x61, 0x74,
    0x6f, 0x72, 0x2e, 0x20, 0x57, 0x68, 0x65, 0x6e, 0x20, 0x65, 0x78, 0x68, 0x61, 0x75, 0x73, 0x74,
    0x65, 0x64, 0x2c, 0x20, 0x72, 0x61, 0x69, 0x73, 0x65, 0x20, 0x53, 0x74, 0x6f, 0x70, 0x49, 0x74,
    0x65, 0x72, 0x61, 0x74, 0x69, 0x6f, 0x6e, 0x72, 0x63, 0x00, 0x00, 0x00, 0x72, 0x43, 0x00, 0x00,
    0x00, 0x73, 0x01, 0x00, 0x00, 0x00, 0x20, 0x72, 0x09, 0x00, 0x00, 0x00, 0xda, 0x08, 0x5f, 0x5f,
    0x6e, 0x65, 0x78, 0x74, 0x5f, 0x5f, 0xda, 0x11, 0x49, 0x74, 0x65, 0x72, 0x61, 0x74, 0x6f, 0x72,
    0x2e, 0x5f, 0x5f, 0x6e, 0x65, 0x78, 0x74, 0x5f, 0x5f, 0x31, 0x01, 0x00, 0x00, 0x73, 0x0a, 0x00,
    0x00, 0x00, 0x80, 0x00, 0xf4, 0x06, 0x00, 0x0f, 0x1c, 0xd0, 0x08, 0x1b, 0x72, 0x08, 0x00, 0x00,
    0x00, 0x63, 0x01, 0x00, 0x00, 0x00, 0x00, 0x00, 0x00, 0x00, 0x00, 0x00, 0x00, 0x00, 0x01, 0x00,
    0x00, 0x00, 0x03, 0x00, 0x00, 0x00, 0xf3, 0x06, 0x00, 0x00, 0x00, 0x95, 0x00, 0x55, 0x00, 0x24,
    0x00, 0x72, 0x06, 0x00, 0x00, 0x00, 0x72, 0x07, 0x00, 0x00, 0x00, 0x72, 0x43, 0x00, 0x00, 0x00,
    0x73, 0x01, 0x00, 0x00, 0x00, 0x20, 0x72, 0x09, 0x00, 0x00, 0x00, 0x72, 0xa5, 0x00, 0x00, 0x00,
    0xda, 0x11, 0x49, 0x74, 0x65, 0x72, 0x61, 0x74, 0x6f, 0x72, 0x2e, 0x5f, 0x5f, 0x69, 0x74, 0x65,
    0x72, 0x5f, 0x5f, 0x36, 0x01, 0x00, 0x00, 0x72, 0x90, 0x00, 0x00, 0x00, 0x72, 0x08, 0x00, 0x00,
    0x00, 0x63, 0x02, 0x00, 0x00, 0x00, 0x00, 0x00, 0x00, 0x00, 0x00, 0x00, 0x00, 0x00, 0x05, 0x00,
    0x00, 0x00, 0x03, 0x00, 0x00, 0x00, 0xf3, 0x3a, 0x00, 0x00, 0x00, 0x95, 0x00, 0x55, 0x00, 0x5b,
    0x00, 0x00, 0x00, 0x00, 0x00, 0x00, 0x00, 0x00, 0x00, 0x4c, 0x00, 0x61, 0x0d, 0x00, 0x00, 0x5b,
    0x03, 0x00, 0x00, 0x00, 0x00, 0x00, 0x00, 0x00, 0x00, 0x55, 0x01, 0x53, 0x01, 0x53, 0x02, 0x35,
    0x03, 0x00, 0x00, 0x00, 0x00, 0x00, 0x00, 0x24, 0x00, 0x5b, 0x04, 0x00, 0x00, 0x00, 0x00, 0x00,
    0x00, 0x00, 0x00, 0x24, 0x00, 0x29, 0x03, 0x4e, 0x72, 0xa5, 0x00, 0x00, 0x00, 0x72, 0xac, 0x00,
    0x00, 0x00, 0x29, 0x03, 0x72, 0x12, 0x00, 0x00, 0x00, 0x72, 0x3e, 0x00, 0x00, 0x00, 0x72, 0x38,
    0x00, 0x00, 0x00, 0x72, 0x49, 0x00, 0x00, 0x00, 0x73, 0x02, 0x00, 0x00, 0x00, 0x20, 0x20, 0x72,
    0x09, 0x00, 0x00, 0x00, 0x72, 0x4b, 0x00, 0x00, 0x00, 0xda, 0x19, 0x49, 0x74, 0x65, 0x72, 0x61,
    0x74, 0x6f, 0x72, 0x2e, 0x5f, 0x5f, 0x73, 0x75, 0x62, 0x63, 0x6c, 0x61, 0x73, 0x73, 0x68, 0x6f,
    0x6f, 0x6b, 0x5f, 0x5f, 0x39, 0x01, 0x00, 0x00, 0x73, 0x1e, 0x00, 0x00, 0x00, 0x80, 0x00, 0xe0,
    0x0b, 0x0e, 0x94, 0x28, 0x8a, 0x3f, 0xdc, 0x13, 0x21, 0xa0, 0x21, 0xa0, 0x5a, 0xb0, 0x1a, 0xd3,
    0x13, 0x3c, 0xd0, 0x0c, 0x3c, 0xdc, 0x0f, 0x1d, 0xd0, 0x08, 0x1d, 0x72, 0x08, 0x00, 0x00, 0x00,
    0x4e, 0x29, 0x0b, 0x72, 0x4e, 0x00, 0x00, 0x00, 0x72, 0x4f, 0x00, 0x00, 0x00, 0x72, 0x50, 0x00,
    0x00, 0x00, 0x72, 0x51, 0x00, 0x00, 0x00, 0x72, 0x52, 0x00, 0x00, 0x00, 0x72, 0x04, 0x00, 0x00,
    0x00, 0x72, 0xac, 0x00, 0x00, 0x00, 0x72, 0xa5, 0x00, 0x00, 0x00, 0x72, 0x53, 0x00, 0x00, 0x00,
    0x72, 0x4b, 0x00, 0x00, 0x00, 0x72, 0x54, 0x00, 0x00, 0x00, 0x72, 0x07, 0x00, 0x00, 0x00, 0x72,
    0x08, 0x00, 0x00, 0x00, 0x72, 0x09, 0x00, 0x00, 0x00, 0x72, 0x12, 0x00, 0x00, 0x00, 0x72, 0x12,
    0x00, 0x00, 0x00, 0x2d, 0x01, 0x00, 0x00, 0x73, 0x32, 0x00, 0x00, 0x00, 0x86, 0x00, 0xe0, 0x10,
    0x12, 0x80, 0x49, 0xe0, 0x05, 0x13, 0xf1, 0x02, 0x02, 0x05, 0x1c, 0xf3, 0x03, 0x00, 0x06, 0x14,
    0xf0, 0x02, 0x02, 0x05, 0x1c, 0xf2, 0x08, 0x01, 0x05, 0x14, 0xf0, 0x06, 0x00, 0x06, 0x11, 0xf1,
    0x02, 0x03, 0x05, 0x1e, 0xf3, 0x03, 0x00, 0x06, 0x11, 0xf3, 0x02, 0x03, 0x05, 0x1e, 0x72, 0x08,
    0x00, 0x00, 0x00, 0x72, 0x12, 0x00, 0x00, 0x00, 0x63, 0x00, 0x00, 0x00, 0x00, 0x00, 0x00, 0x00,
    0x00, 0x00, 0x00, 0x00, 0x00, 0x02, 0x00, 0x00, 0x00, 0x00, 0x00, 0x00, 0x00, 0xf3, 0x38, 0x00,
    0x00, 0x00, 0x95, 0x00, 0x5c, 0x00, 0x72, 0x01, 0x53, 0x00, 0x72, 0x02, 0x53, 0x01, 0x72, 0x03,
    0x53, 0x02, 0x72, 0x04, 0x5c, 0x05, 0x53, 0x03, 0x1a, 0x00, 0x35, 0x00, 0x00, 0x00, 0x00, 0x00,
    0x00, 0x00, 0x72, 0x06, 0x5c, 0x07, 0x53, 0x04, 0x1a, 0x00, 0x35, 0x00, 0x00, 0x00, 0x00, 0x00,
    0x00, 0x00, 0x72, 0x08, 0x53, 0x02, 0x72, 0x09, 0x67, 0x05, 0x29, 0x06, 0x72, 0x14, 0x00, 0x00,
    0x00, 0x69, 0x50, 0x01, 0x00, 0x00, 0x72, 0x07, 0x00, 0x00, 0x00, 0x63, 0x01, 0x00, 0x00, 0x00,
    0x00, 0x00, 0x00, 0x00, 0x00, 0x00, 0x00, 0x00, 0x02, 0x00, 0x00, 0x00, 0x23, 0x00, 0x00, 0x00,
    0xf3, 0x0c, 0x00, 0x00, 0x00, 0x23, 0x00, 0x20, 0x00, 0x95, 0x00, 0x67, 0x00, 0x37, 0x03, 0x66,
    0x01, 0x72, 0x06, 0x00, 0x00, 0x00, 0x72, 0x07, 0x00, 0x00, 0x00, 0x72, 0x43, 0x00, 0x00, 0x00,
    0x73, 0x01, 0x00, 0x00, 0x00, 0x20, 0x72, 0x09, 0x00, 0x00, 0x00, 0xda, 0x0c, 0x5f, 0x5f, 0x72,
    0x65, 0x76, 0x65, 0x72, 0x73, 0x65, 0x64, 0x5f, 0x5f, 0xda, 0x17, 0x52, 0x65, 0x76, 0x65, 0x72,
    0x73, 0x69, 0x62, 0x6c, 0x65, 0x2e, 0x5f, 0x5f, 0x72, 0x65, 0x76, 0x65, 0x72, 0x73, 0x65, 0x64,
    0x5f, 0x5f, 0x54, 0x01, 0x00, 0x00, 0x72, 0xa7, 0x00, 0x00, 0x00, 0x72, 0x31, 0x00, 0x00, 0x00,
    0x63, 0x02, 0x00, 0x00, 0x00, 0x00, 0x00, 0x00, 0x00, 0x00, 0x00, 0x00, 0x00, 0x05, 0x00, 0x00,
    0x00, 0x03, 0x00, 0x00, 0x00, 0xf3, 0x3a, 0x00, 0x00, 0x00, 0x95, 0x00, 0x55, 0x00, 0x5b, 0x00,
    0x00, 0x00, 0x00, 0x00, 0x00, 0x00, 0x00, 0x00, 0x4c, 0x00, 0x61, 0x0d, 0x00, 0x00, 0x5b, 0x03,
    0x00, 0x00, 0x00, 0x00, 0x00, 0x00, 0x00, 0x00, 0x55, 0x01, 0x53, 0x01, 0x53, 0x02, 0x35, 0x03,
    0x00, 0x00, 0x00, 0x00, 0x00, 0x00, 0x24, 0x00, 0x5b, 0x04, 0x00, 0x00, 0x00, 0x00, 0x00, 0x00,
    0x00, 0x00, 0x24, 0x00, 0x29, 0x03, 0x4e, 0x72, 0xb4, 0x00, 0x00, 0x00, 0x72, 0xa5, 0x00, 0x00,
    0x00, 0x29, 0x03, 0x72, 0x14, 0x00, 0x00, 0x00, 0x72, 0x3e, 0x00, 0x00, 0x00, 0x72, 0x38, 0x00,
    0x00, 0x00, 0x72, 0x49, 0x00, 0x00, 0x00, 0x73, 0x02, 0x00, 0x00, 0x00, 0x20, 0x20, 0x72, 0x09,
    0x00, 0x00, 0x00, 0x72, 0x4b, 0x00, 0x00, 0x00, 0xda, 0x1b, 0x52, 0x65, 0x76, 0x65, 0x72, 0x73,
    0x69, 0x62, 0x6c, 0x65, 0x2e, 0x5f, 0x5f, 0x73, 0x75, 0x62, 0x63, 0x6c, 0x61, 0x73, 0x73, 0x68,
    0x6f, 0x6f, 0x6b, 0x5f, 0x5f, 0x59, 0x01, 0x00, 0x00, 0x73, 0x1f, 0x00, 0x00, 0x00, 0x80, 0x00,
    0xe0, 0x0b, 0x0e, 0x94, 0x2a, 0xd2, 0x0b, 0x1c, 0xdc, 0x13, 0x21, 0xa0, 0x21, 0xa0, 0x5e, 0xb0,
    0x5a, 0xd3, 0x13, 0x40, 0xd0, 0x0c, 0x40, 0xdc, 0x0f, 0x1d, 0xd0, 0x08, 0x1d, 0x72, 0x08, 0x00,
    0x00, 0x00, 0x4e, 0x29, 0x0a, 0x72, 0x4e, 0x00, 0x00, 0x00, 0x72, 0x4f, 0x00, 0x00, 0x00, 0x72,
    0x50, 0x00, 0x00, 0x00, 0x72, 0x51, 0x00, 0x00, 0x00, 0x72, 0x52, 0x00, 0x00, 0x00, 0x72, 0x04,
    0x00, 0x00, 0x00, 0x72, 0xb4, 0x00, 0x00, 0x00, 0x72, 0x53, 0x00, 0x00, 0x00, 0x72, 0x4b, 0x00,
    0x00, 0x00, 0x72, 0x54, 0x00, 0x00, 0x00, 0x72, 0x07, 0x00, 0x00, 0x00, 0x72, 0x08, 0x00, 0x00,
    0x00, 0x72, 0x09, 0x00, 0x00, 0x00, 0x72, 0x14, 0x00, 0x00, 0x00, 0x72, 0x14, 0x00, 0x00, 0x00,
    0x50, 0x01, 0x00, 0x00, 0x73, 0x2d, 0x00, 0x00, 0x00, 0x86, 0x00, 0xe0, 0x10, 0x12, 0x80, 0x49,
    0xe0, 0x05, 0x13, 0xf1, 0x02, 0x02, 0x05, 0x17, 0xf3, 0x03, 0x00, 0x06, 0x14, 0xf0, 0x02, 0x02,
    0x05, 0x17, 0xf0, 0x08, 0x00, 0x06, 0x11, 0xf1, 0x02, 0x03, 0x05, 0x1e, 0xf3, 0x03, 0x00, 0x06,
    0x11, 0xf3, 0x02, 0x03, 0x05, 0x1e, 0x72, 0x08, 0x00, 0x00, 0x00, 0x72, 0x14, 0x00, 0x00, 0x00,
    0x63, 0x00, 0x00, 0x00, 0x00, 0x00, 0x00, 0x00, 0x00, 0x00, 0x00, 0x00, 0x00, 0x03, 0x00, 0x00,
    0x00, 0x00, 0x00, 0x00, 0x00, 0xf3, 0x58, 0x00, 0x00, 0x00, 0x95, 0x00, 0x5c, 0x00, 0x72, 0x01,
    0x53, 0x00, 0x72, 0x02, 0x53, 0x01, 0x72, 0x03, 0x53, 0x02, 0x72, 0x04, 0x53, 0x03, 0x1a, 0x00,
    0x72, 0x05, 0x5c, 0x06, 0x53, 0x04, 0x1a, 0x00, 0x35, 0x00, 0x00, 0x00, 0x00, 0x00, 0x00, 0x00,
    0x72, 0x07, 0x5c, 0x06, 0x53, 0x09, 0x53, 0x06, 0x1a, 0x00, 0x6a, 0x01, 0x35, 0x00, 0x00, 0x00,
    0x00, 0x00, 0x00, 0x00, 0x72, 0x08, 0x53, 0x07, 0x1a, 0x00, 0x72, 0x09, 0x5c, 0x0a, 0x53, 0x08,
    0x1a, 0x00, 0x35, 0x00, 0x00, 0x00, 0x00, 0x00, 0x00, 0x00, 0x72, 0x0b, 0x53, 0x02, 0x72, 0x0c,
    0x67, 0x05, 0x29, 0x0a, 0x72, 0x13, 0x00, 0x00, 0x00, 0x69, 0x60, 0x01, 0x00, 0x00, 0x72, 0x07,
    0x00, 0x00, 0x00, 0x63, 0x01, 0x00, 0x00, 0x00, 0x00, 0x00, 0x00, 0x00, 0x00, 0x00, 0x00, 0x00,
    0x03, 0x00, 0x00, 0x00, 0x03, 0x00, 0x00, 0x00, 0xf3, 0x24, 0x00, 0x00, 0x00, 0x95, 0x00, 0x55,
    0x00, 0x52, 0x01, 0x00, 0x00, 0x00, 0x00, 0x00, 0x00, 0x00, 0x00, 0x00, 0x00, 0x00, 0x00, 0x00,
    0x00, 0x00, 0x00, 0x00, 0x00, 0x53, 0x01, 0x35, 0x01, 0x00, 0x00, 0x00, 0x00, 0x00, 0x00, 0x24,
    0x00, 0x29, 0x02, 0x7a, 0x4e, 0x52, 0x65, 0x74, 0x75, 0x72, 0x6e, 0x20, 0x74, 0x68, 0x65, 0x20,
    0x6e, 0x65, 0x78, 0x74, 0x20, 0x69, 0x74, 0x65, 0x6d, 0x20, 0x66, 0x72, 0x6f, 0x6d, 0x20, 0x74,
    0x68, 0x65, 0x20, 0x67, 0x65, 0x6e, 0x65, 0x72, 0x61, 0x74, 0x6f, 0x72, 0x2e, 0x0a, 0x57, 0x68,
    0x65, 0x6e, 0x20, 0x65, 0x78, 0x68, 0x61, 0x75, 0x73, 0x74, 0x65, 0x64, 0x2c, 0x20, 0x72, 0x61,
    0x69, 0x73, 0x65, 0x20, 0x53, 0x74, 0x6f, 0x70, 0x49, 0x74, 0x65, 0x72, 0x61, 0x74, 0x69, 0x6f,
    0x6e, 0x2e, 0x0a, 0x4e, 0x29, 0x01, 0x72, 0x67, 0x00, 0x00, 0x00, 0x72, 0x43, 0x00, 0x00, 0x00,
    0x73, 0x01, 0x00, 0x00, 0x00, 0x20, 0x72, 0x09, 0x00, 0x00, 0x00, 0x72, 0xac, 0x00, 0x00, 0x00,
    0xda, 0x12, 0x47, 0x65, 0x6e, 0x65, 0x72, 0x61, 0x74, 0x6f, 0x72, 0x2e, 0x5f, 0x5f, 0x6e, 0x65,
    0x78, 0x74, 0x5f, 0x5f, 0x64, 0x01, 0x00, 0x00, 0x73, 0x12, 0x00, 0x00, 0x00, 0x80, 0x00, 0xf0,
    0x08, 0x00, 0x10, 0x14, 0x8f, 0x79, 0x89, 0x79, 0x98, 0x14, 0x8b, 0x7f, 0xd0, 0x08, 0x1e, 0x72,
    0x08, 0x00, 0x00, 0x00, 0x63, 0x02, 0x00, 0x00, 0x00, 0x00, 0x00, 0x00, 0x00, 0x00, 0x00, 0x00,
    0x00, 0x01, 0x00, 0x00, 0x00, 0x03, 0x00, 0x00, 0x00, 0xf3, 0x0e, 0x00, 0x00, 0x00, 0x95, 0x00,
    0x5b, 0x00, 0x00, 0x00, 0x00, 0x00, 0x00, 0x00, 0x00, 0x00, 0x65, 0x01, 0x29, 0x01, 0x7a, 0x53,
    0x53, 0x65, 0x6e, 0x64, 0x20, 0x61, 0x20, 0x76, 0x61, 0x6c, 0x75, 0x65, 0x20, 0x69, 0x6e, 0x74,
    0x6f, 0x20, 0x74, 0x68, 0x65, 0x20, 0x67, 0x65, 0x6e, 0x65, 0x72, 0x61, 0x74, 0x6f, 0x72, 0x2e,
    0x0a, 0x52, 0x65, 0x74, 0x75, 0x72, 0x6e, 0x20, 0x6e, 0x65, 0x78, 0x74, 0x20, 0x79, 0x69, 0x65,
    0x6c, 0x64, 0x65, 0x64, 0x20, 0x76, 0x61, 0x6c, 0x75, 0x65, 0x20, 0x6f, 0x72, 0x20, 0x72, 0x61,
    0x69, 0x73, 0x65, 0x20, 0x53, 0x74, 0x6f, 0x70, 0x49, 0x74, 0x65, 0x72, 0x61, 0x74, 0x69, 0x6f,
    0x6e, 0x2e, 0x0a, 0x72, 0x63, 0x00, 0x00, 0x00, 0x72, 0x65, 0x00, 0x00, 0x00, 0x73, 0x02, 0x00,
    0x00, 0x00, 0x20, 0x20, 0x72, 0x09, 0x00, 0x00, 0x00, 0x72, 0x67, 0x00, 0x00, 0x00, 0xda, 0x0e,
    0x47, 0x65, 0x6e, 0x65, 0x72, 0x61, 0x74, 0x6f, 0x72, 0x2e, 0x73, 0x65, 0x6e, 0x64, 0x6a, 0x01,
    0x00, 0x00, 0x72, 0x69, 0x00, 0x00, 0x00, 0x72, 0x08, 0x00, 0x00, 0x00, 0x4e, 0x63, 0x04, 0x00,
    0x00, 0x00, 0x00, 0x00, 0x00, 0x00, 0x00, 0x00, 0x00, 0x00, 0x03, 0x00, 0x00, 0x00, 0x03, 0x00,
    0x00, 0x00, 0xf3, 0x4c, 0x00, 0x00, 0x00, 0x95, 0x00, 0x55, 0x02, 0x63, 0x0c, 0x00, 0x00, 0x55,
    0x03, 0x63, 0x02, 0x00, 0x00, 0x55, 0x01, 0x65, 0x01, 0x55, 0x01, 0x22, 0x00, 0x35, 0x00, 0x00,
    0x00, 0x00, 0x00, 0x00, 0x00, 0x6e, 0x02, 0x55, 0x03, 0x62, 0x11, 0x00, 0x00, 0x55, 0x02, 0x52,
    0x01, 0x00, 0x00, 0x00, 0x00, 0x00, 0x00, 0x00, 0x00, 0x00, 0x00, 0x00, 0x00, 0x00, 0x00, 0x00,
    0x00, 0x00, 0x00, 0x55, 0x03, 0x35, 0x01, 0x00, 0x00, 0x00, 0x00, 0x00, 0x00, 0x6e, 0x02, 0x55,
    0x02, 0x65, 0x01, 0x29, 0x01, 0x7a, 0x57, 0x52, 0x61, 0x69, 0x73, 0x65, 0x20, 0x61, 0x6e, 0x20,
    0x65, 0x78, 0x63, 0x65, 0x70, 0x74, 0x69, 0x6f, 0x6e, 0x20, 0x69, 0x6e, 0x20, 0x74, 0x68, 0x65,
    0x20, 0x67, 0x65, 0x6e, 0x65, 0x72, 0x61, 0x74, 0x6f, 0x72, 0x2e, 0x0a, 0x52, 0x65, 0x74, 0x75,
    0x72, 0x6e, 0x20, 0x6e, 0x65, 0x78, 0x74, 0x20, 0x79, 0x69, 0x65, 0x6c, 0x64, 0x65, 0x64, 0x20,
    0x76, 0x61, 0x6c, 0x75, 0x65, 0x20, 0x6f, 0x72, 0x20, 0x72, 0x61, 0x69, 0x73, 0x65, 0x20, 0x53,
    0x74, 0x6f, 0x70, 0x49, 0x74, 0x65, 0x72, 0x61, 0x74, 0x69, 0x6f, 0x6e, 0x2e, 0x0a, 0x72, 0x6b,
    0x00, 0x00, 0x00, 0x72, 0x6d, 0x00, 0x00, 0x00, 0x73, 0x04, 0x00, 0x00, 0x00, 0x20, 0x20, 0x20,
    0x20, 0x72, 0x09, 0x00, 0x00, 0x00, 0x72, 0x71, 0x00, 0x00, 0x00, 0xda, 0x0f, 0x47, 0x65, 0x6e,
    0x65, 0x72, 0x61, 0x74, 0x6f, 0x72, 0x2e, 0x74, 0x68, 0x72, 0x6f, 0x77, 0x71, 0x01, 0x00, 0x00,
    0x72, 0x73, 0x00, 0x00, 0x00, 0x72, 0x08, 0x00, 0x00, 0x00, 0x63, 0x01, 0x00, 0x00, 0x00, 0x00,
    0x00, 0x00, 0x00, 0x00, 0x00, 0x00, 0x00, 0x04, 0x00, 0x00, 0x00, 0x03, 0x00, 0x00, 0x00, 0xf3,
    0x70, 0x00, 0x00, 0x00, 0x95, 0x00, 0x1e, 0x00, 0x55, 0x00, 0x52, 0x01, 0x00, 0x00, 0x00, 0x00,
    0x00, 0x00, 0x00, 0x00, 0x00, 0x00, 0x00, 0x00, 0x00, 0x00, 0x00, 0x00, 0x00, 0x00, 0x5b, 0x02,
    0x00, 0x00, 0x00, 0x00, 0x00, 0x00, 0x00, 0x00, 0x35, 0x01, 0x00, 0x00, 0x00, 0x00, 0x00, 0x00,
    0x20, 0x00, 0x5b, 0x05, 0x00, 0x00, 0x00, 0x00, 0x00, 0x00, 0x00, 0x00, 0x53, 0x01, 0x35, 0x01,
    0x00, 0x00, 0x00, 0x00, 0x00, 0x00, 0x65, 0x01, 0x21, 0x00, 0x5b, 0x02, 0x00, 0x00, 0x00, 0x00,
    0x00, 0x00, 0x00, 0x00, 0x5b, 0x06, 0x00, 0x00, 0x00, 0x00, 0x00, 0x00, 0x00, 0x00, 0x34, 0x02,
    0x07, 0x00, 0x61, 0x03, 0x00, 0x00, 0x20, 0x00, 0x1f, 0x00, 0x67, 0x02, 0x66, 0x00, 0x3d, 0x03,
    0x1f, 0x00, 0x66, 0x01, 0x29, 0x03, 0x7a, 0x2e, 0x52, 0x61, 0x69, 0x73, 0x65, 0x20, 0x47, 0x65,
    0x6e, 0x65, 0x72, 0x61, 0x74, 0x6f, 0x72, 0x45, 0x78, 0x69, 0x74, 0x20, 0x69, 0x6e, 0x73, 0x69,
    0x64, 0x65, 0x20, 0x67, 0x65, 0x6e, 0x65, 0x72, 0x61, 0x74, 0x6f, 0x72, 0x2e, 0x0a, 0x20, 0x20,
    0x20, 0x20, 0x20, 0x20, 0x20, 0x20, 0x7a, 0x1f, 0x67, 0x65, 0x6e, 0x65, 0x72, 0x61, 0x74, 0x6f,
    0x72, 0x20, 0x69, 0x67, 0x6e, 0x6f, 0x72, 0x65, 0x64, 0x20, 0x47, 0x65, 0x6e, 0x65, 0x72, 0x61,
    0x74, 0x6f, 0x72, 0x45, 0x78, 0x69, 0x74, 0x4e, 0x72, 0x76, 0x00, 0x00, 0x00, 0x72, 0x43, 0x00,
    0x00, 0x00, 0x73, 0x01, 0x00, 0x00, 0x00, 0x20, 0x72, 0x09, 0x00, 0x00, 0x00, 0x72, 0x79, 0x00,
    0x00, 0x00, 0xda, 0x0f, 0x47, 0x65, 0x6e, 0x65, 0x72, 0x61, 0x74, 0x6f, 0x72, 0x2e, 0x63, 0x6c,
    0x6f, 0x73, 0x65, 0x7e, 0x01, 0x00, 0x00, 0x72, 0x7b, 0x00, 0x00, 0x00, 0x72, 0x7c, 0x00, 0x00,
    0x00, 0x63, 0x02, 0x00, 0x00, 0x00, 0x00, 0x00, 0x00, 0x00, 0x00, 0x00, 0x00, 0x00, 0x08, 0x00,
    0x00, 0x00, 0x03, 0x00, 0x00, 0x00, 0xf3, 0x40, 0x00, 0x00, 0x00, 0x95, 0x00, 0x55, 0x00, 0x5b,
    0x00, 0x00, 0x00, 0x00, 0x00, 0x00, 0x00, 0x00, 0x00, 0x4c, 0x00, 0x61, 0x10, 0x00, 0x00, 0x5b,
    0x03, 0x00, 0x00, 0x00, 0x00, 0x00, 0x00, 0x00, 0x00, 0x55, 0x01, 0x53, 0x01, 0x53, 0x02, 0x53,
    0x03, 0x53, 0x04, 0x53, 0x05, 0x35, 0x06, 0x00, 0x00, 0x00, 0x00, 0x00, 0x00, 0x24, 0x00, 0x5b,
    0x04, 0x00, 0x00, 0x00, 0x00, 0x00, 0x00, 0x00, 0x00, 0x24, 0x00, 0x29, 0x06, 0x4e, 0x72, 0xa5,
    0x00, 0x00, 0x00, 0x72, 0xac, 0x00, 0x00, 0x00, 0x72, 0x67, 0x00, 0x00, 0x00, 0x72, 0x71, 0x00,
    0x00, 0x00, 0x72, 0x79, 0x00, 0x00, 0x00, 0x29, 0x03, 0x72, 0x13, 0x00, 0x00, 0x00, 0x72, 0x3e,
    0x00, 0x00, 0x00, 0x72, 0x38, 0x00, 0x00, 0x00, 0x72, 0x49, 0x00, 0x00, 0x00, 0x73, 0x02, 0x00,
    0x00, 0x00, 0x20, 0x20, 0x72, 0x09, 0x00, 0x00, 0x00, 0x72, 0x4b, 0x00, 0x00, 0x00, 0xda, 0x1a,
    0x47, 0x65, 0x6e, 0x65, 0x72, 0x61, 0x74, 0x6f, 0x72, 0x2e, 0x5f, 0x5f, 0x73, 0x75, 0x62, 0x63,
    0x6c, 0x61, 0x73, 0x73, 0x68, 0x6f, 0x6f, 0x6b, 0x5f, 0x5f, 0x88, 0x01, 0x00, 0x00, 0x73, 0x2a,
    0x00, 0x00, 0x00, 0x80, 0x00, 0xe0, 0x0b, 0x0e, 0x94, 0x29, 0xd2, 0x0b, 0x1b, 0xdc, 0x13, 0x21,
    0xa0, 0x21, 0xa0, 0x5a, 0xb0, 0x1a, 0xd8, 0x22, 0x28, 0xa8, 0x27, 0xb0, 0x37, 0xf3, 0x03, 0x01,
    0x14, 0x3c, 0xf0, 0x00, 0x01, 0x0d, 0x3c, 0xe4, 0x0f, 0x1d, 0xd0, 0x08, 0x1d, 0x72, 0x08, 0x00,
    0x00, 0x00, 0x72, 0x7f, 0x00, 0x00, 0x00, 0x29, 0x0d, 0x72, 0x4e, 0x00, 0x00, 0x00, 0x72, 0x4f,
    0x00, 0x00, 0x00, 0x72, 0x50, 0x00, 0x00, 0x00, 0x72, 0x51, 0x00, 0x00, 0x00, 0x72, 0x52, 0x00,
    0x00, 0x00, 0x72, 0xac, 0x00, 0x00, 0x00, 0x72, 0x04, 0x00, 0x00, 0x00, 0x72, 0x67, 0x00, 0x00,
    0x00, 0x72, 0x71, 0x00, 0x00, 0x00, 0x72, 0x79, 0x00, 0x00, 0x00, 0x72, 0x53, 0x00, 0x00, 0x00,
    0x72, 0x4b, 0x00, 0x00, 0x00, 0x72, 0x54, 0x00, 0x00, 0x00, 0x72, 0x07, 0x00, 0x00, 0x00, 0x72,
    0x08, 0x00, 0x00, 0x00, 0x72, 0x09, 0x00, 0x00, 0x00, 0x72, 0x13, 0x00, 0x00, 0x00, 0x72, 0x13,
    0x00, 0x00, 0x00, 0x60, 0x01, 0x00, 0x00, 0x73, 0x4e, 0x00, 0x00, 0x00, 0x86, 0x00, 0xe0, 0x10,
    0x12, 0x80, 0x49, 0xf2, 0x04, 0x04, 0x05, 0x1f, 0xf0, 0x0c, 0x00, 0x06, 0x14, 0xf1, 0x02, 0x04,
    0x05, 0x1c, 0xf3, 0x03, 0x00, 0x06, 0x14, 0xf0, 0x02, 0x04, 0x05, 0x1c, 0xf0, 0x0c, 0x00, 0x06,
    0x14, 0xf3, 0x02, 0x0a, 0x05, 0x12, 0xf3, 0x03, 0x00, 0x06, 0x14, 0xf0, 0x02, 0x0a, 0x05, 0x12,
    0xf2, 0x18, 0x08, 0x05, 0x42, 0x01, 0xf0, 0x14, 0x00, 0x06, 0x11, 0xf1, 0x02, 0x04, 0x05, 0x1e,
    0xf3, 0x03, 0x00, 0x06, 0x11, 0xf3, 0x02, 0x04, 0x05, 0x1e, 0x72, 0x08, 0x00, 0x00, 0x00, 0x72,
    0x13, 0x00, 0x00, 0x00, 0x63, 0x00, 0x00, 0x00, 0x00, 0x00, 0x00, 0x00, 0x00, 0x00, 0x00, 0x00,
    0x00, 0x02, 0x00, 0x00, 0x00, 0x00, 0x00, 0x00, 0x00, 0xf3, 0x38, 0x00, 0x00, 0x00, 0x95, 0x00,
    0x5c, 0x00, 0x72, 0x01, 0x53, 0x00, 0x72, 0x02, 0x53, 0x01, 0x72, 0x03, 0x53, 0x02, 0x72, 0x04,
    0x5c, 0x05, 0x53, 0x03, 0x1a, 0x00, 0x35, 0x00, 0x00, 0x00, 0x00, 0x00, 0x00, 0x00, 0x72, 0x06,
    0x5c, 0x07, 0x53, 0x04, 0x1a, 0x00, 0x35, 0x00, 0x00, 0x00, 0x00, 0x00, 0x00, 0x00, 0x72, 0x08,
    0x53, 0x02, 0x72, 0x09, 0x67, 0x05, 0x29, 0x06, 0x72, 0x15, 0x00, 0x00, 0x00, 0x69, 0x93, 0x01,
    0x00, 0x00, 0x72, 0x07, 0x00, 0x00, 0x00, 0x63, 0x01, 0x00, 0x00, 0x00, 0x00, 0x00, 0x00, 0x00,
    0x00, 0x00, 0x00, 0x00, 0x01, 0x00, 0x00, 0x00, 0x03, 0x00, 0x00, 0x00, 0xf3, 0x04, 0x00, 0x00,
    0x00, 0x95, 0x00, 0x67, 0x01, 0x72, 0x42, 0x00, 0x00, 0x00, 0x72, 0x07, 0x00, 0x00, 0x00, 0x72,
    0x43, 0x00, 0x00, 0x00, 0x73, 0x01, 0x00, 0x00, 0x00, 0x20, 0x72, 0x09, 0x00, 0x00, 0x00, 0xda,
    0x07, 0x5f, 0x5f, 0x6c, 0x65, 0x6e, 0x5f, 0x5f, 0xda, 0x0d, 0x53, 0x69, 0x7a, 0x65, 0x64, 0x2e,
    0x5f, 0x5f, 0x6c, 0x65, 0x6e, 0x5f, 0x5f, 0x97, 0x01, 0x00, 0x00, 0x72, 0x47, 0x00, 0x00, 0x00,
    0x72, 0x08, 0x00, 0x00, 0x00, 0x63, 0x02, 0x00, 0x00, 0x00, 0x00, 0x00, 0x00, 0x00, 0x00, 0x00,
    0x00, 0x00, 0x04, 0x00, 0x00, 0x00, 0x03, 0x00, 0x00, 0x00, 0xf3, 0x38, 0x00, 0x00, 0x00, 0x95,
    0x00, 0x55, 0x00, 0x5b, 0x00, 0x00, 0x00, 0x00, 0x00, 0x00, 0x00, 0x00, 0x00, 0x4c, 0x00, 0x61,
    0x0c, 0x00, 0x00, 0x5b, 0x03, 0x00, 0x00, 0x00, 0x00, 0x00, 0x00, 0x00, 0x00, 0x55, 0x01, 0x53,
    0x01, 0x35, 0x02, 0x00, 0x00, 0x00, 0x00, 0x00, 0x00, 0x24, 0x00, 0x5b, 0x04, 0x00, 0x00, 0x00,
    0x00, 0x00, 0x00, 0x00, 0x00, 0x24, 0x00, 0x29, 0x02, 0x4e, 0x72, 0xc5, 0x00, 0x00, 0x00, 0x29,
    0x03, 0x72, 0x15, 0x00, 0x00, 0x00, 0x72, 0x3e, 0x00, 0x00, 0x00, 0x72, 0x38, 0x00, 0x00, 0x00,
    0x72, 0x49, 0x00, 0x00, 0x00, 0x73, 0x02, 0x00, 0x00, 0x00, 0x20, 0x20, 0x72, 0x09, 0x00, 0x00,
    0x00, 0x72, 0x4b, 0x00, 0x00, 0x00, 0xda, 0x16, 0x53, 0x69, 0x7a, 0x65, 0x64, 0x2e, 0x5f, 0x5f,
    0x73, 0x75, 0x62, 0x63, 0x6c, 0x61, 0x73, 0x73, 0x68, 0x6f, 0x6f, 0x6b, 0x5f, 0x5f, 0x9b, 0x01,
    0x00, 0x00, 0x73, 0x1c, 0x00, 0x00, 0x00, 0x80, 0x00, 0xe0, 0x0b, 0x0e, 0x94, 0x25, 0x8a, 0x3c,
    0xdc, 0x13, 0x21, 0xa0, 0x21, 0xa0, 0x59, 0xd3, 0x13, 0x2f, 0xd0, 0x0c, 0x2f, 0xdc, 0x0f, 0x1d,
    0xd0, 0x08, 0x1d, 0x72, 0x08, 0x00, 0x00, 0x00, 0x4e, 0x29, 0x0a, 0x72, 0x4e, 0x00, 0x00, 0x00,
    0x72, 0x4f, 0x00, 0x00, 0x00, 0x72, 0x50, 0x00, 0x00, 0x00, 0x72, 0x51, 0x00, 0x00, 0x00, 0x72,
    0x52, 0x00, 0x00, 0x00, 0x72, 0x04, 0x00, 0x00, 0x00, 0x72, 0xc5, 0x00, 0x00, 0x00, 0x72, 0x53,
    0x00, 0x00, 0x00, 0x72, 0x4b, 0x00, 0x00, 0x00, 0x72, 0x54, 0x00, 0x00, 0x00, 0x72, 0x07, 0x00,
    0x00, 0x00, 0x72, 0x08, 0x00, 0x00, 0x00, 0x72, 0x09, 0x00, 0x00, 0x00, 0x72, 0x15, 0x00, 0x00,
    0x00, 0x72, 0x15, 0x00, 0x00, 0x00, 0x93, 0x01, 0x00, 0x00, 0x72, 0x55, 0x00, 0x00, 0x00, 0x72,
    0x08, 0x00, 0x00, 0x00, 0x72, 0x15, 0x00, 0x00, 0x00, 0x63, 0x00, 0x00, 0x00, 0x00, 0x00, 0x00,
    0x00, 0x00, 0x00, 0x00, 0x00, 0x00, 0x03, 0x00, 0x00, 0x00, 0x00, 0x00, 0x00, 0x00, 0xf3, 0x48,
    0x00, 0x00, 0x00, 0x95, 0x00, 0x5c, 0x00, 0x72, 0x01, 0x53, 0x00, 0x72, 0x02, 0x53, 0x01, 0x72,
    0x03, 0x53, 0x02, 0x72, 0x04, 0x5c, 0x05, 0x53, 0x03, 0x1a, 0x00, 0x35, 0x00, 0x00, 0x00, 0x00,
    0x00, 0x00, 0x00, 0x72, 0x06, 0x5c, 0x07, 0x53, 0x04, 0x1a, 0x00, 0x35, 0x00, 0x00, 0x00, 0x00,
    0x00, 0x00, 0x00, 0x72, 0x08, 0x5c, 0x07, 0x22, 0x00, 0x5c, 0x09, 0x35, 0x01, 0x00, 0x00, 0x00,
    0x00, 0x00, 0x00, 0x72, 0x0a, 0x53, 0x02, 0x72, 0x0b, 0x67, 0x05, 0x29, 0x06, 0x72, 0x16, 0x00,
    0x00, 0x00, 0x69, 0xa2, 0x01, 0x00, 0x00, 0x72, 0x07, 0x00, 0x00, 0x00, 0x63, 0x02, 0x00, 0x00,
    0x00, 0x00, 0x00, 0x00, 0x00, 0x00, 0x00, 0x00, 0x00, 0x01, 0x00, 0x00, 0x00, 0x03, 0x00, 0x00,
    0x00, 0xf3, 0x04, 0x00, 0x00, 0x00, 0x95, 0x00, 0x67, 0x01, 0xa9, 0x02, 0x4e, 0x46, 0x72, 0x07,
    0x00, 0x00, 0x00, 0x29, 0x02, 0x72, 0x44, 0x00, 0x00, 0x00, 0xda, 0x01, 0x78, 0x73, 0x02, 0x00,
    0x00, 0x00, 0x20, 0x20, 0x72, 0x09, 0x00, 0x00, 0x00, 0xda, 0x0c, 0x5f, 0x5f, 0x63, 0x6f, 0x6e,
    0x74, 0x61, 0x69, 0x6e, 0x73, 0x5f, 0x5f, 0xda, 0x16, 0x43, 0x6f, 0x6e, 0x74, 0x61, 0x69, 0x6e,
    0x65, 0x72, 0x2e, 0x5f, 0x5f, 0x63, 0x6f, 0x6e, 0x74, 0x61, 0x69, 0x6e, 0x73, 0x5f, 0x5f, 0xa6,
    0x01, 0x00, 0x00, 0xf3, 0x05, 0x00, 0x00, 0x00, 0x80, 0x00, 0xe0, 0x0f, 0x14, 0x72, 0x08, 0x00,
    0x00, 0x00, 0x63, 0x02, 0x00, 0x00, 0x00, 0x00, 0x00, 0x00, 0x00, 0x00, 0x00, 0x00, 0x00, 0x04,
    0x00, 0x00, 0x00, 0x03, 0x00, 0x00, 0x00, 0xf3, 0x38, 0x00, 0x00, 0x00, 0x95, 0x00, 0x55, 0x00,
    0x5b, 0x00, 0x00, 0x00, 0x00, 0x00, 0x00, 0x00, 0x00, 0x00, 0x4c, 0x00, 0x61, 0x0c, 0x00, 0x00,
    0x5b, 0x03, 0x00, 0x00, 0x00, 0x00, 0x00, 0x00, 0x00, 0x00, 0x55, 0x01, 0x53, 0x01, 0x35, 0x02,
    0x00, 0x00, 0x00, 0x00, 0x00, 0x00, 0x24, 0x00, 0x5b, 0x04, 0x00, 0x00, 0x00, 0x00, 0x00, 0x00,
    0x00, 0x00, 0x24, 0x00, 0x29, 0x02, 0x4e, 0x72, 0xcd, 0x00, 0x00, 0x00, 0x29, 0x03, 0x72, 0x16,
    0x00, 0x00, 0x00, 0x72, 0x3e, 0x00, 0x00, 0x00, 0x72, 0x38, 0x00, 0x00, 0x00, 0x72, 0x49, 0x00,
    0x00, 0x00, 0x73, 0x02, 0x00, 0x00, 0x00, 0x20, 0x20, 0x72, 0x09, 0x00, 0x00, 0x00, 0x72, 0x4b,
    0x00, 0x00, 0x00, 0xda, 0x1a, 0x43, 0x6f, 0x6e, 0x74, 0x61, 0x69, 0x6e, 0x65, 0x72, 0x2e, 0x5f,
    0x5f, 0x73, 0x75, 0x62, 0x63, 0x6c, 0x61, 0x73, 0x73, 0x68, 0x6f, 0x6f, 0x6b, 0x5f, 0x5f, 0xaa,
    0x01, 0x00, 0x00, 0x73, 0x1d, 0x00, 0x00, 0x00, 0x80, 0x00, 0xe0, 0x0b, 0x0e, 0x94, 0x29, 0xd2,
    0x0b, 0x1b, 0xdc, 0x13, 0x21, 0xa0, 0x21, 0xa0, 0x5e, 0xd3, 0x13, 0x34, 0xd0, 0x0c, 0x34, 0xdc,
    0x0f, 0x1d, 0xd0, 0x08, 0x1d, 0x72, 0x08, 0x00, 0x00, 0x00, 0x4e, 0x29, 0x0c, 0x72, 0x4e, 0x00,
    0x00, 0x00, 0x72, 0x4f, 0x00, 0x00, 0x00, 0x72, 0x50, 0x00, 0x00, 0x00, 0x72, 0x51, 0x00, 0x00,
    0x00, 0x72, 0x52, 0x00, 0x00, 0x00, 0x72, 0x04, 0x00, 0x00, 0x00, 0x72, 0xcd, 0x00, 0x00, 0x00,
    0x72, 0x53, 0x00, 0x00, 0x00, 0x72, 0x4b, 0x00, 0x00, 0x00, 0x72, 0x5e, 0x00, 0x00, 0x00, 0x72,
    0x5f, 0x00, 0x00, 0x00, 0x72, 0x54, 0x00, 0x00, 0x00, 0x72, 0x07, 0x00, 0x00, 0x00, 0x72, 0x08,
    0x00, 0x00, 0x00, 0x72, 0x09, 0x00, 0x00, 0x00, 0x72, 0x16, 0x00, 0x00, 0x00, 0x72, 0x16, 0x00,
    0x00, 0x00, 0xa2, 0x01, 0x00, 0x00, 0x73, 0x3a, 0x00, 0x00, 0x00, 0x86, 0x00, 0xe0, 0x10, 0x12,
    0x80, 0x49, 0xe0, 0x05, 0x13, 0xf1, 0x02, 0x01, 0x05, 0x15, 0xf3, 0x03, 0x00, 0x06, 0x14, 0xf0,
    0x02, 0x01, 0x05, 0x15, 0xf0, 0x06, 0x00, 0x06, 0x11, 0xf1, 0x02, 0x03, 0x05, 0x1e, 0xf3, 0x03,
    0x00, 0x06, 0x11, 0xf0, 0x02, 0x03, 0x05, 0x1e, 0xf1, 0x0a, 0x00, 0x19, 0x24, 0xa0, 0x4c, 0xd3,
    0x18, 0x31, 0xd3, 0x04, 0x15, 0x72, 0x08, 0x00, 0x00, 0x00, 0x72, 0x16, 0x00, 0x00, 0x00, 0x63,
    0x00, 0x00, 0x00, 0x00, 0x00, 0x00, 0x00, 0x00, 0x00, 0x00, 0x00, 0x00, 0x02, 0x00, 0x00, 0x00,
    0x00, 0x00, 0x00, 0x00, 0xf3, 0x28, 0x00, 0x00, 0x00, 0x95, 0x00, 0x5c, 0x00, 0x72, 0x01, 0x53,
    0x00, 0x72, 0x02, 0x53, 0x01, 0x72, 0x03, 0x53, 0x02, 0x72, 0x04, 0x5c, 0x05, 0x53, 0x03, 0x1a,
    0x00, 0x35, 0x00, 0x00, 0x00, 0x00, 0x00, 0x00, 0x00, 0x72, 0x06, 0x53, 0x02, 0x72, 0x07, 0x67,
    0x04, 0x29, 0x05, 0x72, 0x18, 0x00, 0x00, 0x00, 0x69, 0xb3, 0x01, 0x00, 0x00, 0x72, 0x07, 0x00,
    0x00, 0x00, 0x63, 0x02, 0x00, 0x00, 0x00, 0x00, 0x00, 0x00, 0x00, 0x00, 0x00, 0x00, 0x00, 0x06,
    0x00, 0x00, 0x00, 0x03, 0x00, 0x00, 0x00, 0xf3, 0x3c, 0x00, 0x00, 0x00, 0x95, 0x00, 0x55, 0x00,
    0x5b, 0x00, 0x00, 0x00, 0x00, 0x00, 0x00, 0x00, 0x00, 0x00, 0x4c, 0x00, 0x61, 0x0e, 0x00, 0x00,
    0x5b, 0x03, 0x00, 0x00, 0x00, 0x00, 0x00, 0x00, 0x00, 0x00, 0x55, 0x01, 0x53, 0x01, 0x53, 0x02,
    0x53, 0x03, 0x35, 0x04, 0x00, 0x00, 0x00, 0x00, 0x00, 0x00, 0x24, 0x00, 0x5b, 0x04, 0x00, 0x00,
    0x00, 0x00, 0x00, 0x00, 0x00, 0x00, 0x24, 0x00, 0x29, 0x04, 0x4e, 0x72, 0xc5, 0x00, 0x00, 0x00,
    0x72, 0xa5, 0x00, 0x00, 0x00, 0x72, 0xcd, 0x00, 0x00, 0x00, 0x29, 0x03, 0x72, 0x18, 0x00, 0x00,
    0x00, 0x72, 0x3e, 0x00, 0x00, 0x00, 0x72, 0x38, 0x00, 0x00, 0x00, 0x72, 0x49, 0x00, 0x00, 0x00,
    0x73, 0x02, 0x00, 0x00, 0x00, 0x20, 0x20, 0x72, 0x09, 0x00, 0x00, 0x00, 0x72, 0x4b, 0x00, 0x00,
    0x00, 0xda, 0x1b, 0x43, 0x6f, 0x6c, 0x6c, 0x65, 0x63, 0x74, 0x69, 0x6f, 0x6e, 0x2e, 0x5f, 0x5f,
    0x73, 0x75, 0x62, 0x63, 0x6c, 0x61, 0x73, 0x73, 0x68, 0x6f, 0x6f, 0x6b, 0x5f, 0x5f, 0xb7, 0x01,
    0x00, 0x00, 0x73, 0x21, 0x00, 0x00, 0x00, 0x80, 0x00, 0xe0, 0x0b, 0x0e, 0x94, 0x2a, 0xd2, 0x0b,
    0x1c, 0xdc, 0x13, 0x21, 0xa0, 0x21, 0xa0, 0x69, 0xb0, 0x1a, 0xb8, 0x5e, 0xd3, 0x13, 0x4c, 0xd0,
    0x0c, 0x4c, 0xdc, 0x0f, 0x1d, 0xd0, 0x08, 0x1d, 0x72, 0x08, 0x00, 0x00, 0x00, 0x4e, 0x29, 0x08,
    0x72, 0x4e, 0x00, 0x00, 0x00, 0x72, 0x4f, 0x00, 0x00, 0x00, 0x72, 0x50, 0x00, 0x00, 0x00, 0x72,
    0x51, 0x00, 0x00, 0x00, 0x72, 0x52, 0x00, 0x00, 0x00, 0x72, 0x53, 0x00, 0x00, 0x00, 0x72, 0x4b,
    0x00, 0x00, 0x00, 0x72, 0x54, 0x00, 0x00, 0x00, 0x72, 0x07, 0x00, 0x00, 0x00, 0x72, 0x08, 0x00,
    0x00, 0x00, 0x72, 0x09, 0x00, 0x00, 0x00, 0x72, 0x18, 0x00, 0x00, 0x00, 0x72, 0x18, 0x00, 0x00,
    0x00, 0xb3, 0x01, 0x00, 0x00, 0x73, 0x19, 0x00, 0x00, 0x00, 0x86, 0x00, 0xe0, 0x10, 0x12, 0x80,
    0x49, 0xe0, 0x05, 0x10, 0xf1, 0x02, 0x03, 0x05, 0x1e, 0xf3, 0x03, 0x00, 0x06, 0x11, 0xf3, 0x02,
    0x03, 0x05, 0x1e, 0x72, 0x08, 0x00, 0x00, 0x00, 0x72, 0x18, 0x00, 0x00, 0x00, 0x63, 0x00, 0x00,
    0x00, 0x00, 0x00, 0x00, 0x00, 0x00, 0x00, 0x00, 0x00, 0x00, 0x05, 0x00, 0x00, 0x00, 0x00, 0x00,
    0x00, 0x00, 0xf3, 0x44, 0x00, 0x00, 0x00, 0x95, 0x00, 0x5c, 0x00, 0x72, 0x01, 0x53, 0x00, 0x72,
    0x02, 0x53, 0x01, 0x72, 0x03, 0x53, 0x02, 0x72, 0x04, 0x5c, 0x05, 0x53, 0x03, 0x5c, 0x06, 0x53,
    0x04, 0x5c, 0x07, 0x34, 0x04, 0x53, 0x05, 0x1a, 0x00, 0x6a, 0x04, 0x35, 0x00, 0x00, 0x00, 0x00,
    0x00, 0x00, 0x00, 0x72, 0x08, 0x5c, 0x09, 0x53, 0x06, 0x1a, 0x00, 0x35, 0x00, 0x00, 0x00, 0x00,
    0x00, 0x00, 0x00, 0x72, 0x0a, 0x53, 0x02, 0x72, 0x0b, 0x67, 0x07, 0x29, 0x08, 0x72, 0x24, 0x00,
    0x00, 0x00, 0x69, 0xbe, 0x01, 0x00, 0x00, 0x72, 0x07, 0x00, 0x00, 0x00, 0xda, 0x05, 0x66, 0x6c,
    0x61, 0x67, 0x73, 0xda, 0x06, 0x72, 0x65, 0x74, 0x75, 0x72, 0x6e, 0x63, 0x02, 0x00, 0x00, 0x00,
    0x02, 0x00, 0x00, 0x00, 0x00, 0x00, 0x00, 0x00, 0x01, 0x00, 0x00, 0x00, 0x03, 0x00, 0x00, 0x00,
    0xf3, 0x0e, 0x00, 0x00, 0x00, 0x95, 0x00, 0x5b, 0x00, 0x00, 0x00, 0x00, 0x00, 0x00, 0x00, 0x00,
    0x00, 0x65, 0x01, 0x72, 0x06, 0x00, 0x00, 0x00, 0xa9, 0x01, 0xda, 0x13, 0x4e, 0x6f, 0x74, 0x49,
    0x6d, 0x70, 0x6c, 0x65, 0x6d, 0x65, 0x6e, 0x74, 0x65, 0x64, 0x45, 0x72, 0x72, 0x6f, 0x72, 0x29,
    0x02, 0x72, 0x44, 0x00, 0x00, 0x00, 0x72, 0xd6, 0x00, 0x00, 0x00, 0x73, 0x02, 0x00, 0x00, 0x00,
    0x20, 0x20, 0x72, 0x09, 0x00, 0x00, 0x00, 0xda, 0x0a, 0x5f, 0x5f, 0x62, 0x75, 0x66, 0x66, 0x65,
    0x72, 0x5f, 0x5f, 0xda, 0x11, 0x42, 0x75, 0x66, 0x66, 0x65, 0x72, 0x2e, 0x5f, 0x5f, 0x62, 0x75,
    0x66, 0x66, 0x65, 0x72, 0x5f, 0x5f, 0xc2, 0x01, 0x00, 0x00, 0x73, 0x08, 0x00, 0x00, 0x00, 0x80,
    0x00, 0xe4, 0x0e, 0x21, 0xd0, 0x08, 0x21, 0x72, 0x08, 0x00, 0x00, 0x00, 0x63, 0x02, 0x00, 0x00,
    0x00, 0x00, 0x00, 0x00, 0x00, 0x00, 0x00, 0x00, 0x00, 0x04, 0x00, 0x00, 0x00, 0x03, 0x00, 0x00,
    0x00, 0xf3, 0x38, 0x00, 0x00, 0x00, 0x95, 0x00, 0x55, 0x00, 0x5b, 0x00, 0x00, 0x00, 0x00, 0x00,
    0x00, 0x00, 0x00, 0x00, 0x4c, 0x00, 0x61, 0x0c, 0x00, 0x00, 0x5b, 0x03, 0x00, 0x00, 0x00, 0x00,
    0x00, 0x00, 0x00, 0x00, 0x55, 0x01, 0x53, 0x01, 0x35, 0x02, 0x00, 0x00, 0x00, 0x00, 0x00, 0x00,
    0x24, 0x00, 0x5b, 0x04, 0x00, 0x00, 0x00, 0x00, 0x00, 0x00, 0x00, 0x00, 0x24, 0x00, 0x29, 0x02,
    0x4e, 0x72, 0xdb, 0x00, 0x00, 0x00, 0x29, 0x03, 0x72, 0x24, 0x00, 0x00, 0x00, 0x72, 0x3e, 0x00,
    0x00, 0x00, 0x72, 0x38, 0x00, 0x00, 0x00, 0x72, 0x49, 0x00, 0x00, 0x00, 0x73, 0x02, 0x00, 0x00,
    0x00, 0x20, 0x20, 0x72, 0x09, 0x00, 0x00, 0x00, 0x72, 0x4b, 0x00, 0x00, 0x00, 0xda, 0x17, 0x42,
    0x75, 0x66, 0x66, 0x65, 0x72, 0x2e, 0x5f, 0x5f, 0x73, 0x75, 0x62, 0x63, 0x6c, 0x61, 0x73, 0x73,
    0x68, 0x6f, 0x6f, 0x6b, 0x5f, 0x5f, 0xc6, 0x01, 0x00, 0x00, 0x73, 0x1c, 0x00, 0x00, 0x00, 0x80,
    0x00, 0xe0, 0x0b, 0x0e, 0x94, 0x26, 0x8a, 0x3d, 0xdc, 0x13, 0x21, 0xa0, 0x21, 0xa0, 0x5c, 0xd3,
    0x13, 0x32, 0xd0, 0x0c, 0x32, 0xdc, 0x0f, 0x1d, 0xd0, 0x08, 0x1d, 0x72, 0x08, 0x00, 0x00, 0x00,
    0x4e, 0x29, 0x0c, 0x72, 0x4e, 0x00, 0x00, 0x00, 0x72, 0x4f, 0x00, 0x00, 0x00, 0x72, 0x50, 0x00,
    0x00, 0x00, 0x72, 0x51, 0x00, 0x00, 0x00, 0x72, 0x52, 0x00, 0x00, 0x00, 0x72, 0x04, 0x00, 0x00,
    0x00, 0xda, 0x03, 0x69, 0x6e, 0x74, 0xda, 0x0a, 0x6d, 0x65, 0x6d, 0x6f, 0x72, 0x79, 0x76, 0x69,
    0x65, 0x77, 0x72, 0xdb, 0x00, 0x00, 0x00, 0x72, 0x53, 0x00, 0x00, 0x00, 0x72, 0x4b, 0x00, 0x00,
    0x00, 0x72, 0x54, 0x00, 0x00, 0x00, 0x72, 0x07, 0x00, 0x00, 0x00, 0x72, 0x08, 0x00, 0x00, 0x00,
    0x72, 0x09, 0x00, 0x00, 0x00, 0x72, 0x24, 0x00, 0x00, 0x00, 0x72, 0x24, 0x00, 0x00, 0x00, 0xbe,
    0x01, 0x00, 0x00, 0x73, 0x3b, 0x00, 0x00, 0x00, 0x86, 0x00, 0xe0, 0x10, 0x12, 0x80, 0x49, 0xe0,
    0x05, 0x13, 0xf0, 0x02, 0x01, 0x05, 0x22, 0xa0, 0x03, 0xf0, 0x00, 0x01, 0x05, 0x22, 0xa8, 0x3a,
    0xf3, 0x00, 0x01, 0x05, 0x22, 0xf3, 0x03, 0x00, 0x06, 0x14, 0xf0, 0x02, 0x01, 0x05, 0x22, 0xf0,
    0x06, 0x00, 0x06, 0x11, 0xf1, 0x02, 0x03, 0x05, 0x1e, 0xf3, 0x03, 0x00, 0x06, 0x11, 0xf3, 0x02,
    0x03, 0x05, 0x1e, 0x72, 0x08, 0x00, 0x00, 0x00, 0x72, 0x24, 0x00, 0x00, 0x00, 0x63, 0x00, 0x00,
    0x00, 0x00, 0x00, 0x00, 0x00, 0x00, 0x00, 0x00, 0x00, 0x00, 0x02, 0x00, 0x00, 0x00, 0x00, 0x00,
    0x00, 0x00, 0xf3, 0x4e, 0x00, 0x00, 0x00, 0x5e, 0x00, 0x95, 0x00, 0x5c, 0x00, 0x72, 0x01, 0x53,
    0x00, 0x72, 0x02, 0x53, 0x01, 0x72, 0x03, 0x53, 0x02, 0x72, 0x04, 0x53, 0x03, 0x72, 0x05, 0x55,
    0x00, 0x34, 0x01, 0x53, 0x04, 0x1a, 0x00, 0x6a, 0x08, 0x72, 0x06, 0x55, 0x00, 0x34, 0x01, 0x53,
    0x05, 0x1a, 0x00, 0x6a, 0x08, 0x72, 0x07, 0x53, 0x06, 0x1a, 0x00, 0x72, 0x08, 0x55, 0x00, 0x34,
    0x01, 0x53, 0x07, 0x1a, 0x00, 0x6a, 0x08, 0x72, 0x09, 0x53, 0x03, 0x72, 0x0a, 0x55, 0x00, 0x3d,
    0x01, 0x72, 0x0b, 0x24, 0x00, 0x29, 0x08, 0xda, 0x15, 0x5f, 0x43, 0x61, 0x6c, 0x6c, 0x61, 0x62,
    0x6c, 0x65, 0x47, 0x65, 0x6e, 0x65, 0x72, 0x69, 0x63, 0x41, 0x6c, 0x69, 0x61, 0x73, 0x69, 0xcd,
    0x01, 0x00, 0x00, 0x7a, 0xe7, 0x52, 0x65, 0x70, 0x72, 0x65, 0x73, 0x65, 0x6e, 0x74, 0x20, 0x60,
    0x43, 0x61, 0x6c, 0x6c, 0x61, 0x62, 0x6c, 0x65, 0x5b, 0x61, 0x72, 0x67, 0x74, 0x79, 0x70, 0x65,
    0x73, 0x2c, 0x20, 0x72, 0x65, 0x73, 0x75, 0x6c, 0x74, 0x74, 0x79, 0x70, 0x65, 0x5d, 0x60, 0x2e,
    0x0a, 0x0a, 0x54, 0x68, 0x69, 0x73, 0x20, 0x73, 0x65, 0x74, 0x73, 0x20, 0x60, 0x60, 0x5f, 0x5f,
    0x61, 0x72, 0x67, 0x73, 0x5f, 0x5f, 0x60, 0x60, 0x20, 0x74, 0x6f, 0x20, 0x61, 0x20, 0x74, 0x75,
    0x70, 0x6c, 0x65, 0x20, 0x63, 0x6f, 0x6e, 0x74, 0x61, 0x69, 0x6e, 0x69, 0x6e, 0x67, 0x20, 0x74,
    0x68, 0x65, 0x20, 0x66, 0x6c, 0x61, 0x74, 0x74, 0x65, 0x6e, 0x65, 0x64, 0x20, 0x60, 0x60, 0x61,
    0x72, 0x67, 0x74, 0x79, 0x70, 0x65, 0x73, 0x60, 0x60, 0x0a, 0x66, 0x6f, 0x6c, 0x6c, 0x6f, 0x77,
    0x65, 0x64, 0x20, 0x62, 0x79, 0x20, 0x60, 0x60, 0x72, 0x65, 0x73, 0x75, 0x6c, 0x74, 0x74, 0x79,
    0x70, 0x65, 0x60, 0x60, 0x2e, 0x0a, 0x0a, 0x45, 0x78, 0x61, 0x6d, 0x70, 0x6c, 0x65, 0x3a, 0x20,
    0x60, 0x60, 0x43, 0x61, 0x6c, 0x6c, 0x61, 0x62, 0x6c, 0x65, 0x5b, 0x5b, 0x69, 0x6e, 0x74, 0x2c,
    0x20, 0x73, 0x74, 0x72, 0x5d, 0x2c, 0x20, 0x66, 0x6c, 0x6f, 0x61, 0x74, 0x5d, 0x60, 0x60, 0x20,
    0x73, 0x65, 0x74, 0x73, 0x20, 0x60, 0x60, 0x5f, 0x5f, 0x61, 0x72, 0x67, 0x73, 0x5f, 0x5f, 0x60,
    0x60, 0x20, 0x74, 0x6f, 0x0a, 0x60, 0x60, 0x28, 0x69, 0x6e, 0x74, 0x2c, 0x20, 0x73, 0x74, 0x72,
    0x2c, 0x20, 0x66, 0x6c, 0x6f, 0x61, 0x74, 0x29, 0x60, 0x60, 0x2e, 0x0a, 0x72, 0x07, 0x00, 0x00,
    0x00, 0x63, 0x03, 0x00, 0x00, 0x00, 0x00, 0x00, 0x00, 0x00, 0x00, 0x00, 0x00, 0x00, 0x05, 0x00,
    0x00, 0x00, 0x03, 0x00, 0x00, 0x00, 0xf3, 0x0c, 0x01, 0x00, 0x00, 0x3e, 0x01, 0x95, 0x00, 0x5b,
    0x01, 0x00, 0x00, 0x00, 0x00, 0x00, 0x00, 0x00, 0x00, 0x55, 0x02, 0x5b, 0x02, 0x00, 0x00, 0x00,
    0x00, 0x00, 0x00, 0x00, 0x00, 0x35, 0x02, 0x00, 0x00, 0x00, 0x00, 0x00, 0x00, 0x28, 0x00, 0x00,
    0x00, 0x00, 0x00, 0x00, 0x00, 0x61, 0x0f, 0x00, 0x00, 0x5b, 0x05, 0x00, 0x00, 0x00, 0x00, 0x00,
    0x00, 0x00, 0x00, 0x55, 0x02, 0x35, 0x01, 0x00, 0x00, 0x00, 0x00, 0x00, 0x00, 0x53, 0x01, 0x3a,
    0x58, 0x00, 0x00, 0x64, 0x0b, 0x00, 0x00, 0x5b, 0x07, 0x00, 0x00, 0x00, 0x00, 0x00, 0x00, 0x00,
    0x00, 0x53, 0x02, 0x35, 0x01, 0x00, 0x00, 0x00, 0x00, 0x00, 0x00, 0x65, 0x01, 0x55, 0x02, 0x75,
    0x02, 0x00, 0x00, 0x70, 0x34, 0x5b, 0x01, 0x00, 0x00, 0x00, 0x00, 0x00, 0x00, 0x00, 0x00, 0x55,
    0x03, 0x5b, 0x02, 0x00, 0x00, 0x00, 0x00, 0x00, 0x00, 0x00, 0x00, 0x5b, 0x08, 0x00, 0x00, 0x00,
    0x00, 0x00, 0x00, 0x00, 0x00, 0x34, 0x02, 0x35, 0x02, 0x00, 0x00, 0x00, 0x00, 0x00, 0x00, 0x28,
    0x00, 0x00, 0x00, 0x00, 0x00, 0x00, 0x00, 0x61, 0x08, 0x00, 0x00, 0x2f, 0x00, 0x55, 0x03, 0x51,
    0x01, 0x55, 0x04, 0x50, 0x01, 0x37, 0x06, 0x6e, 0x02, 0x4f, 0x1e, 0x5b, 0x0b, 0x00, 0x00, 0x00,
    0x00, 0x00, 0x00, 0x00, 0x00, 0x55, 0x03, 0x35, 0x01, 0x00, 0x00, 0x00, 0x00, 0x00, 0x00, 0x28,
    0x00, 0x00, 0x00, 0x00, 0x00, 0x00, 0x00, 0x64, 0x0e, 0x00, 0x00, 0x5b, 0x07, 0x00, 0x00, 0x00,
    0x00, 0x00, 0x00, 0x00, 0x00, 0x53, 0x03, 0x55, 0x03, 0x0e, 0x00, 0x33, 0x02, 0x35, 0x01, 0x00,
    0x00, 0x00, 0x00, 0x00, 0x00, 0x65, 0x01, 0x5b, 0x0c, 0x00, 0x00, 0x00, 0x00, 0x00, 0x00, 0x00,
    0x00, 0x54, 0x05, 0x55, 0x00, 0x5d, 0x1d, 0x00, 0x00, 0x58, 0x01, 0x55, 0x02, 0x35, 0x03, 0x00,
    0x00, 0x00, 0x00, 0x00, 0x00, 0x24, 0x00, 0x29, 0x04, 0x4e, 0xe9, 0x02, 0x00, 0x00, 0x00, 0x7a,
    0x36, 0x43, 0x61, 0x6c, 0x6c, 0x61, 0x62, 0x6c, 0x65, 0x20, 0x6d, 0x75, 0x73, 0x74, 0x20, 0x62,
    0x65, 0x20, 0x75, 0x73, 0x65, 0x64, 0x20, 0x61, 0x73, 0x20, 0x43, 0x61, 0x6c, 0x6c, 0x61, 0x62,
    0x6c, 0x65, 0x5b, 0x5b, 0x61, 0x72, 0x67, 0x2c, 0x20, 0x2e, 0x2e, 0x2e, 0x5d, 0x2c, 0x20, 0x72,
    0x65, 0x73, 0x75, 0x6c, 0x74, 0x5d, 0x2e, 0x7a, 0x46, 0x45, 0x78, 0x70, 0x65, 0x63, 0x74, 0x65,
    0x64, 0x20, 0x61, 0x20, 0x6c, 0x69, 0x73, 0x74, 0x20, 0x6f, 0x66, 0x20, 0x74, 0x79, 0x70, 0x65,
    0x73, 0x2c, 0x20, 0x61, 0x6e, 0x20, 0x65, 0x6c, 0x6c, 0x69, 0x70, 0x73, 0x69, 0x73, 0x2c, 0x20,
    0x50, 0x61, 0x72, 0x61, 0x6d, 0x53, 0x70, 0x65, 0x63, 0x2c, 0x20, 0x6f, 0x72, 0x20, 0x43, 0x6f,
    0x6e, 0x63, 0x61, 0x74, 0x65, 0x6e, 0x61, 0x74, 0x65, 0x2e, 0x20, 0x47, 0x6f, 0x74, 0x20, 0x29,
    0x08, 0xda, 0x0a, 0x69, 0x73, 0x69, 0x6e, 0x73, 0x74, 0x61, 0x6e, 0x63, 0x65, 0xda, 0x05, 0x74,
    0x75, 0x70, 0x6c, 0x65, 0xda, 0x03, 0x6c, 0x65, 0x6e, 0xda, 0x09, 0x54, 0x79, 0x70, 0x65, 0x45,
    0x72, 0x72, 0x6f, 0x72, 0xda, 0x04, 0x6c, 0x69, 0x73, 0x74, 0xda, 0x0e, 0x5f, 0x69, 0x73, 0x5f,
    0x70, 0x61, 0x72, 0x61, 0x6d, 0x5f, 0x65, 0x78, 0x70, 0x72, 0xda, 0x05, 0x73, 0x75, 0x70, 0x65,
    0x72, 0xda, 0x07, 0x5f, 0x5f, 0x6e, 0x65, 0x77, 0x5f, 0x5f, 0x29, 0x06, 0x72, 0x4a, 0x00, 0x00,
    0x00, 0xda, 0x06, 0x6f, 0x72, 0x69, 0x67, 0x69, 0x6e, 0xda, 0x04, 0x61, 0x72, 0x67, 0x73, 0xda,
    0x06, 0x74, 0x5f, 0x61, 0x72, 0x67, 0x73, 0xda, 0x08, 0x74, 0x5f, 0x72, 0x65, 0x73, 0x75, 0x6c,
    0x74, 0xda, 0x09, 0x5f, 0x5f, 0x63, 0x6c, 0x61, 0x73, 0x73, 0x5f, 0x5f, 0x73, 0x06, 0x00, 0x00,
    0x00, 0x20, 0x20, 0x20, 0x20, 0x20, 0x80, 0x72, 0x09, 0x00, 0x00, 0x00, 0x72, 0xec, 0x00, 0x00,
    0x00, 0xda, 0x1d, 0x5f, 0x43, 0x61, 0x6c, 0x6c, 0x61, 0x62, 0x6c, 0x65, 0x47, 0x65, 0x6e, 0x65,
    0x72, 0x69, 0x63, 0x41, 0x6c, 0x69, 0x61, 0x73, 0x2e, 0x5f, 0x5f, 0x6e, 0x65, 0x77, 0x5f, 0x5f,
    0xd9, 0x01, 0x00, 0x00, 0x73, 0x8f, 0x00, 0x00, 0x00, 0xf8, 0x80, 0x00, 0xdc, 0x10, 0x1a, 0x98,
    0x34, 0xa4, 0x15, 0xd7, 0x10, 0x27, 0xd1, 0x10, 0x27, 0xac, 0x43, 0xb0, 0x04, 0xab, 0x49, 0xb8,
    0x11, 0xab, 0x4e, 0xdc, 0x12, 0x1b, 0xd8, 0x10, 0x48, 0xf3, 0x03, 0x01, 0x13, 0x4a, 0x01, 0xf0,
    0x00, 0x01, 0x0d, 0x4a, 0x01, 0xe0, 0x1b, 0x1f, 0xd1, 0x08, 0x18, 0x88, 0x06, 0xdc, 0x0b, 0x15,
    0x90, 0x66, 0x9c, 0x75, 0xa4, 0x64, 0x98, 0x6d, 0xd7, 0x0b, 0x2c, 0xd1, 0x0b, 0x2c, 0xd8, 0x13,
    0x26, 0x90, 0x56, 0xd0, 0x13, 0x26, 0x98, 0x58, 0xd1, 0x13, 0x26, 0x89, 0x44, 0xdc, 0x11, 0x1f,
    0xa0, 0x06, 0xd7, 0x11, 0x27, 0xd1, 0x11, 0x27, 0xdc, 0x12, 0x1b, 0xf0, 0x00, 0x01, 0x1f, 0x3e,
    0xd8, 0x3e, 0x44, 0xb8, 0x58, 0xf0, 0x03, 0x01, 0x1d, 0x47, 0x01, 0xf3, 0x00, 0x01, 0x13, 0x48,
    0x01, 0xf0, 0x00, 0x01, 0x0d, 0x48, 0x01, 0xe4, 0x0f, 0x14, 0x89, 0x77, 0x89, 0x7f, 0x98, 0x73,
    0xa8, 0x44, 0xd3, 0x0f, 0x31, 0xd0, 0x08, 0x31, 0x72, 0x08, 0x00, 0x00, 0x00, 0x63, 0x01, 0x00,
    0x00, 0x00, 0x00, 0x00, 0x00, 0x00, 0x00, 0x00, 0x00, 0x00, 0x09, 0x00, 0x00, 0x00, 0x03, 0x00,
    0x00, 0x00, 0xf3, 0x40, 0x01, 0x00, 0x00, 0x3e, 0x01, 0x95, 0x00, 0x5b, 0x01, 0x00, 0x00, 0x00,
    0x00, 0x00, 0x00, 0x00, 0x00, 0x55, 0x00, 0x52, 0x02, 0x00, 0x00, 0x00, 0x00, 0x00, 0x00, 0x00,
    0x00, 0x00, 0x00, 0x00, 0x00, 0x00, 0x00, 0x00, 0x00, 0x00, 0x00, 0x35, 0x01, 0x00, 0x00, 0x00,
    0x00, 0x00, 0x00, 0x53, 0x01, 0x3a, 0x58, 0x00, 0x00, 0x61, 0x2b, 0x00, 0x00, 0x5b, 0x05, 0x00,
    0x00, 0x00, 0x00, 0x00, 0x00, 0x00, 0x00, 0x55, 0x00, 0x52, 0x02, 0x00, 0x00, 0x00, 0x00, 0x00,
    0x00, 0x00, 0x00, 0x00, 0x00, 0x00, 0x00, 0x00, 0x00, 0x00, 0x00, 0x00, 0x00, 0x53, 0x02, 0x05,
    0x00, 0x00, 0x00, 0x35, 0x01, 0x00, 0x00, 0x00, 0x00, 0x00, 0x00, 0x28, 0x00, 0x00, 0x00, 0x00,
    0x00, 0x00, 0x00, 0x61, 0x0e, 0x00, 0x00, 0x5b, 0x06, 0x00, 0x00, 0x00, 0x00, 0x00, 0x00, 0x00,
    0x00, 0x54, 0x02, 0x55, 0x00, 0x5d, 0x11, 0x00, 0x00, 0x35, 0x00, 0x00, 0x00, 0x00, 0x00, 0x00,
    0x00, 0x24, 0x00, 0x53, 0x03, 0x53, 0x04, 0x52, 0x0b, 0x00, 0x00, 0x00, 0x00, 0x00, 0x00, 0x00,
    0x00, 0x00, 0x00, 0x00, 0x00, 0x00, 0x00, 0x00, 0x00, 0x00, 0x00, 0x55, 0x00, 0x52, 0x02, 0x00,
    0x00, 0x00, 0x00, 0x00, 0x00, 0x00, 0x00, 0x00, 0x00, 0x00, 0x00, 0x00, 0x00, 0x00, 0x00, 0x00,
    0x00, 0x53, 0x00, 0x53, 0x05, 0x04, 0x00, 0x13, 0x00, 0x56, 0x01, 0x73, 0x02, 0x2f, 0x00, 0x73,
    0x02, 0x13, 0x00, 0x48, 0x0e, 0x00, 0x00, 0x6e, 0x01, 0x5b, 0x0d, 0x00, 0x00, 0x00, 0x00, 0x00,
    0x00, 0x00, 0x00, 0x55, 0x01, 0x35, 0x01, 0x00, 0x00, 0x00, 0x00, 0x00, 0x00, 0x50, 0x02, 0x4d,
    0x10, 0x00, 0x00, 0x0b, 0x00, 0x20, 0x00, 0x73, 0x02, 0x6e, 0x01, 0x35, 0x01, 0x00, 0x00, 0x00,
    0x00, 0x00, 0x00, 0x0e, 0x00, 0x53, 0x06, 0x5b, 0x0d, 0x00, 0x00, 0x00, 0x00, 0x00, 0x00, 0x00,
    0x00, 0x55, 0x00, 0x52, 0x02, 0x00, 0x00, 0x00, 0x00, 0x00, 0x00, 0x00, 0x00, 0x00, 0x00, 0x00,
    0x00, 0x00, 0x00, 0x00, 0x00, 0x00, 0x00, 0x53, 0x05, 0x05, 0x00, 0x00, 0x00, 0x35, 0x01, 0x00,
    0x00, 0x00, 0x00, 0x00, 0x00, 0x0e, 0x00, 0x53, 0x07, 0x33, 0x05, 0x24, 0x00, 0x73, 0x02, 0x20,
    0x00, 0x73, 0x02, 0x6e, 0x01, 0x66, 0x00, 0x29, 0x08, 0x4e, 0x72, 0xe4, 0x00, 0x00, 0x00, 0x72,
    0x02, 0x00, 0x00, 0x00, 0x7a, 0x1a, 0x63, 0x6f, 0x6c, 0x6c, 0x65, 0x63, 0x74, 0x69, 0x6f, 0x6e,
    0x73, 0x2e, 0x61, 0x62, 0x63, 0x2e, 0x43, 0x61, 0x6c, 0x6c, 0x61, 0x62, 0x6c, 0x65, 0x5b, 0x5b,
    0x7a, 0x02, 0x2c, 0x20, 0xe9, 0xff, 0xff, 0xff, 0xff, 0x7a, 0x03, 0x5d, 0x2c, 0x20, 0xda, 0x01,
    0x5d, 0x29, 0x07, 0x72, 0xe7, 0x00, 0x00, 0x00, 0xda, 0x08, 0x5f, 0x5f, 0x61, 0x72, 0x67, 0x73,
    0x5f, 0x5f, 0x72, 0xea, 0x00, 0x00, 0x00, 0x72, 0xeb, 0x00, 0x00, 0x00, 0xda, 0x08, 0x5f, 0x5f,
    0x72, 0x65, 0x70, 0x72, 0x5f, 0x5f, 0xda, 0x04, 0x6a, 0x6f, 0x69, 0x6e, 0xda, 0x0a, 0x5f, 0x74,
    0x79, 0x70, 0x65, 0x5f, 0x72, 0x65, 0x70, 0x72, 0x29, 0x03, 0x72, 0x44, 0x00, 0x00, 0x00, 0xda,
    0x01, 0x61, 0x72, 0xf1, 0x00, 0x00, 0x00, 0x73, 0x03, 0x00, 0x00, 0x00, 0x20, 0x20, 0x80, 0x72,
    0x09, 0x00, 0x00, 0x00, 0x72, 0xf7, 0x00, 0x00, 0x00, 0xda, 0x1e, 0x5f, 0x43, 0x61, 0x6c, 0x6c,
    0x61, 0x62, 0x6c, 0x65, 0x47, 0x65, 0x6e, 0x65, 0x72, 0x69, 0x63, 0x41, 0x6c, 0x69, 0x61, 0x73,
    0x2e, 0x5f, 0x5f, 0x72, 0x65, 0x70, 0x72, 0x5f, 0x5f, 0xe5, 0x01, 0x00, 0x00, 0x73, 0x8e, 0x00,
    0x00, 0x00, 0xf8, 0x80, 0x00, 0xdc, 0x0b, 0x0e, 0x88, 0x74, 0x8f, 0x7d, 0x89, 0x7d, 0xd3, 0x0b,
    0x1d, 0xa0, 0x11, 0xd3, 0x0b, 0x22, 0xa4, 0x7e, 0xb0, 0x64, 0xb7, 0x6d, 0xb1, 0x6d, 0xc0, 0x41,
    0xd1, 0x36, 0x46, 0xd7, 0x27, 0x47, 0xd1, 0x27, 0x47, 0xdc, 0x13, 0x18, 0x91, 0x37, 0xd1, 0x13,
    0x23, 0xd3, 0x13, 0x25, 0xd0, 0x0c, 0x25, 0xf0, 0x02, 0x01, 0x13, 0x15, 0xd8, 0x15, 0x19, 0x97,
    0x59, 0x91, 0x59, 0xb0, 0x74, 0xb7, 0x7d, 0xb1, 0x7d, 0xc0, 0x53, 0xc0, 0x62, 0xd1, 0x37, 0x49,
    0xd3, 0x1f, 0x4a, 0xd2, 0x37, 0x49, 0xb0, 0x21, 0xa4, 0x0a, 0xa8, 0x31, 0xa6, 0x0d, 0xd1, 0x37,
    0x49, 0xd1, 0x1f, 0x4a, 0xd3, 0x15, 0x4b, 0xd0, 0x14, 0x4c, 0xc8, 0x43, 0xdc, 0x13, 0x1d, 0x98,
    0x64, 0x9f, 0x6d, 0x99, 0x6d, 0xa8, 0x42, 0xd1, 0x1e, 0x2f, 0xd3, 0x13, 0x30, 0xd0, 0x12, 0x31,
    0xb0, 0x11, 0xf0, 0x05, 0x02, 0x11, 0x34, 0xf0, 0x00, 0x02, 0x09, 0x35, 0xf9, 0xda, 0x1f, 0x4a,
    0x73, 0x06, 0x00, 0x00, 0x00, 0xc1, 0x23, 0x15, 0x42, 0x1b, 0x0a, 0x63, 0x01, 0x00, 0x00, 0x00,
    0x00, 0x00, 0x00, 0x00, 0x00, 0x00, 0x00, 0x00, 0x05, 0x00, 0x00, 0x00, 0x03, 0x00, 0x00, 0x00,
    0xf3, 0xa0, 0x00, 0x00, 0x00, 0x95, 0x00, 0x55, 0x00, 0x52, 0x00, 0x00, 0x00, 0x00, 0x00, 0x00,
    0x00, 0x00, 0x00, 0x00, 0x00, 0x00, 0x00, 0x00, 0x00, 0x00, 0x00, 0x00, 0x00, 0x6e, 0x01, 0x5b,
    0x03, 0x00, 0x00, 0x00, 0x00, 0x00, 0x00, 0x00, 0x00, 0x55, 0x01, 0x35, 0x01, 0x00, 0x00, 0x00,
    0x00, 0x00, 0x00, 0x53, 0x01, 0x3a, 0x58, 0x00, 0x00, 0x61, 0x13, 0x00, 0x00, 0x5b, 0x05, 0x00,
    0x00, 0x00, 0x00, 0x00, 0x00, 0x00, 0x00, 0x55, 0x01, 0x53, 0x02, 0x05, 0x00, 0x00, 0x00, 0x35,
    0x01, 0x00, 0x00, 0x00, 0x00, 0x00, 0x00, 0x28, 0x00, 0x00, 0x00, 0x00, 0x00, 0x00, 0x00, 0x64,
    0x13, 0x00, 0x00, 0x5b, 0x07, 0x00, 0x00, 0x00, 0x00, 0x00, 0x00, 0x00, 0x00, 0x55, 0x01, 0x53,
    0x00, 0x53, 0x03, 0x04, 0x00, 0x35, 0x01, 0x00, 0x00, 0x00, 0x00, 0x00, 0x00, 0x55, 0x01, 0x53,
    0x03, 0x05, 0x00, 0x00, 0x00, 0x34, 0x02, 0x6e, 0x01, 0x5b, 0x08, 0x00, 0x00, 0x00, 0x00, 0x00,
    0x00, 0x00, 0x00, 0x5b, 0x0a, 0x00, 0x00, 0x00, 0x00, 0x00, 0x00, 0x00, 0x00, 0x55, 0x01, 0x34,
    0x02, 0x34, 0x02, 0x24, 0x00, 0x29, 0x04, 0x4e, 0x72, 0xe4, 0x00, 0x00, 0x00, 0x72, 0x02, 0x00,
    0x00, 0x00, 0x72, 0xf4, 0x00, 0x00, 0x00, 0x29, 0x06, 0x72, 0xf6, 0x00, 0x00, 0x00, 0x72, 0xe7,
    0x00, 0x00, 0x00, 0x72, 0xea, 0x00, 0x00, 0x00, 0x72, 0xe9, 0x00, 0x00, 0x00, 0x72, 0xe2, 0x00,
    0x00, 0x00, 0x72, 0x17, 0x00, 0x00, 0x00, 0x29, 0x02, 0x72, 0x44, 0x00, 0x00, 0x00, 0x72, 0xee,
    0x00, 0x00, 0x00, 0x73, 0x02, 0x00, 0x00, 0x00, 0x20, 0x20, 0x72, 0x09, 0x00, 0x00, 0x00, 0xda,
    0x0a, 0x5f, 0x5f, 0x72, 0x65, 0x64, 0x75, 0x63, 0x65, 0x5f, 0x5f, 0xda, 0x20, 0x5f, 0x43, 0x61,
    0x6c, 0x6c, 0x61, 0x62, 0x6c, 0x65, 0x47, 0x65, 0x6e, 0x65, 0x72, 0x69, 0x63, 0x41, 0x6c, 0x69,
    0x61, 0x73, 0x2e, 0x5f, 0x5f, 0x72, 0x65, 0x64, 0x75, 0x63, 0x65, 0x5f, 0x5f, 0xec, 0x01, 0x00,
    0x00, 0x73, 0x4c, 0x00, 0x00, 0x00, 0x80, 0x00, 0xd8, 0x0f, 0x13, 0x8f, 0x7d, 0x89, 0x7d, 0x88,
    0x04, 0xdc, 0x10, 0x13, 0x90, 0x44, 0x93, 0x09, 0x98, 0x51, 0x93, 0x0e, 0xa4, 0x3e, 0xb0, 0x24,
    0xb0, 0x71, 0xb1, 0x27, 0xd7, 0x23, 0x3a, 0xd1, 0x23, 0x3a, 0xdc, 0x13, 0x17, 0x98, 0x04, 0x98,
    0x53, 0x98, 0x62, 0x98, 0x09, 0x93, 0x3f, 0xa0, 0x44, 0xa8, 0x12, 0xa1, 0x48, 0xd0, 0x13, 0x2c,
    0x88, 0x44, 0xdc, 0x0f, 0x24, 0xa4, 0x78, 0xb0, 0x14, 0xd0, 0x26, 0x36, 0xd0, 0x0f, 0x36, 0xd0,
    0x08, 0x36, 0x72, 0x08, 0x00, 0x00, 0x00, 0x63, 0x02, 0x00, 0x00, 0x00, 0x00, 0x00, 0x00, 0x00,
    0x00, 0x00, 0x00, 0x00, 0x06, 0x00, 0x00, 0x00, 0x03, 0x00, 0x00, 0x00, 0xf3, 0xee, 0x00, 0x00,
    0x00, 0x3e, 0x01, 0x95, 0x00, 0x5b, 0x01, 0x00, 0x00, 0x00, 0x00, 0x00, 0x00, 0x00, 0x00, 0x55,
    0x01, 0x5b, 0x02, 0x00, 0x00, 0x00, 0x00, 0x00, 0x00, 0x00, 0x00, 0x35, 0x02, 0x00, 0x00, 0x00,
    0x00, 0x00, 0x00, 0x28, 0x00, 0x00, 0x00, 0x00, 0x00, 0x00, 0x00, 0x64, 0x03, 0x00, 0x00, 0x55,
    0x01, 0x34, 0x01, 0x6e, 0x01, 0x5b, 0x04, 0x00, 0x00, 0x00, 0x00, 0x00, 0x00, 0x00, 0x00, 0x54,
    0x05, 0x55, 0x00, 0x5d, 0x0d, 0x00, 0x00, 0x55, 0x01, 0x35, 0x01, 0x00, 0x00, 0x00, 0x00, 0x00,
    0x00, 0x52, 0x08, 0x00, 0x00, 0x00, 0x00, 0x00, 0x00, 0x00, 0x00, 0x00, 0x00, 0x00, 0x00, 0x00,
    0x00, 0x00, 0x00, 0x00, 0x00, 0x6e, 0x02, 0x5b, 0x01, 0x00, 0x00, 0x00, 0x00, 0x00, 0x00, 0x00,
    0x00, 0x55, 0x02, 0x53, 0x01, 0x05, 0x00, 0x00, 0x00, 0x5b, 0x02, 0x00, 0x00, 0x00, 0x00, 0x00,
    0x00, 0x00, 0x00, 0x5b, 0x0a, 0x00, 0x00, 0x00, 0x00, 0x00, 0x00, 0x00, 0x00, 0x34, 0x02, 0x35,
    0x02, 0x00, 0x00, 0x00, 0x00, 0x00, 0x00, 0x28, 0x00, 0x00, 0x00, 0x00, 0x00, 0x00, 0x00, 0x64,
    0x0d, 0x00, 0x00, 0x55, 0x02, 0x53, 0x02, 0x05, 0x00, 0x00, 0x00, 0x6e, 0x03, 0x55, 0x02, 0x53,
    0x00, 0x53, 0x02, 0x04, 0x00, 0x6e, 0x04, 0x58, 0x43, 0x34, 0x02, 0x6e, 0x02, 0x5b, 0x0d, 0x00,
    0x00, 0x00, 0x00, 0x00, 0x00, 0x00, 0x00, 0x5b, 0x0e, 0x00, 0x00, 0x00, 0x00, 0x00, 0x00, 0x00,
    0x00, 0x5b, 0x03, 0x00, 0x00, 0x00, 0x00, 0x00, 0x00, 0x00, 0x00, 0x55, 0x02, 0x35, 0x01, 0x00,
    0x00, 0x00, 0x00, 0x00, 0x00, 0x35, 0x02, 0x00, 0x00, 0x00, 0x00, 0x00, 0x00, 0x24, 0x00, 0x29,
    0x03, 0x4e, 0x72, 0x02, 0x00, 0x00, 0x00, 0x72, 0xf4, 0x00, 0x00, 0x00, 0x29, 0x08, 0x72, 0xe5,
    0x00, 0x00, 0x00, 0x72, 0xe6, 0x00, 0x00, 0x00, 0x72, 0xeb, 0x00, 0x00, 0x00, 0xda, 0x0b, 0x5f,
    0x5f, 0x67, 0x65, 0x74, 0x69, 0x74, 0x65, 0x6d, 0x5f, 0x5f, 0x72, 0xf6, 0x00, 0x00, 0x00, 0x72,
    0xe9, 0x00, 0x00, 0x00, 0x72, 0xe2, 0x00, 0x00, 0x00, 0x72, 0x17, 0x00, 0x00, 0x00, 0x29, 0x06,
    0x72, 0x44, 0x00, 0x00, 0x00, 0xda, 0x04, 0x69, 0x74, 0x65, 0x6d, 0xda, 0x08, 0x6e, 0x65, 0x77,
    0x5f, 0x61, 0x72, 0x67, 0x73, 0x72, 0xf0, 0x00, 0x00, 0x00, 0x72, 0xef, 0x00, 0x00, 0x00, 0x72,
    0xf1, 0x00, 0x00, 0x00, 0x73, 0x06, 0x00, 0x00, 0x00, 0x20, 0x20, 0x20, 0x20, 0x20, 0x80, 0x72,
    0x09, 0x00, 0x00, 0x00, 0x72, 0x00, 0x01, 0x00, 0x00, 0xda, 0x21, 0x5f, 0x43, 0x61, 0x6c, 0x6c,
    0x61, 0x62, 0x6c, 0x65, 0x47, 0x65, 0x6e, 0x65, 0x72, 0x69, 0x63, 0x41, 0x6c, 0x69, 0x61, 0x73,
    0x2e, 0x5f, 0x5f, 0x67, 0x65, 0x74, 0x69, 0x74, 0x65, 0x6d, 0x5f, 0x5f, 0xf2, 0x01, 0x00, 0x00,
    0x73, 0x72, 0x00, 0x00, 0x00, 0xf8, 0x80, 0x00, 0xf4, 0x0a, 0x00, 0x10, 0x1a, 0x98, 0x24, 0xa4,
    0x05, 0xd7, 0x0f, 0x26, 0xd1, 0x0f, 0x26, 0xd8, 0x14, 0x18, 0x90, 0x37, 0x88, 0x44, 0xe4, 0x13,
    0x18, 0x91, 0x37, 0xd1, 0x13, 0x26, 0xa0, 0x74, 0xd3, 0x13, 0x2c, 0xd7, 0x13, 0x35, 0xd1, 0x13,
    0x35, 0x88, 0x08, 0xf4, 0x06, 0x00, 0x10, 0x1a, 0x98, 0x28, 0xa0, 0x31, 0x99, 0x2b, 0xac, 0x05,
    0xac, 0x74, 0xa0, 0x7d, 0xd7, 0x0f, 0x35, 0xd1, 0x0f, 0x35, 0xd8, 0x17, 0x1f, 0xa0, 0x02, 0x91,
    0x7c, 0x88, 0x48, 0xd8, 0x15, 0x1d, 0x98, 0x63, 0x98, 0x72, 0x90, 0x5d, 0x88, 0x46, 0xd8, 0x18,
    0x1e, 0xd0, 0x17, 0x29, 0x88, 0x48, 0xdc, 0x0f, 0x24, 0xa4, 0x58, 0xac, 0x75, 0xb0, 0x58, 0xab,
    0x7f, 0xd3, 0x0f, 0x3f, 0xd0, 0x08, 0x3f, 0x72, 0x08, 0x00, 0x00, 0x00, 0x29, 0x0c, 0x72, 0x4e,
    0x00, 0x00, 0x00, 0x72, 0x4f, 0x00, 0x00, 0x00, 0x72, 0x50, 0x00, 0x00, 0x00, 0x72, 0x51, 0x00,
    0x00, 0x00, 0xda, 0x07, 0x5f, 0x5f, 0x64, 0x6f, 0x63, 0x5f, 0x5f, 0x72, 0x52, 0x00, 0x00, 0x00,
    0x72, 0xec, 0x00, 0x00, 0x00, 0x72, 0xf7, 0x00, 0x00, 0x00, 0x72, 0xfd, 0x00, 0x00, 0x00, 0x72,
    0x00, 0x01, 0x00, 0x00, 0x72, 0x54, 0x00, 0x00, 0x00, 0xda, 0x0d, 0x5f, 0x5f, 0x63, 0x6c, 0x61,
    0x73, 0x73, 0x63, 0x65, 0x6c, 0x6c, 0x5f, 0x5f, 0xa9, 0x01, 0x72, 0xf1, 0x00, 0x00, 0x00, 0x73,
    0x01, 0x00, 0x00, 0x00, 0x40, 0x72, 0x09, 0x00, 0x00, 0x00, 0x72, 0xe2, 0x00, 0x00, 0x00, 0x72,
    0xe2, 0x00, 0x00, 0x00, 0xcd, 0x01, 0x00, 0x00, 0x73, 0x2a, 0x00, 0x00, 0x00, 0xf8, 0x86, 0x00,
    0xf1, 0x02, 0x07, 0x05, 0x08, 0xf0, 0x12, 0x00, 0x11, 0x13, 0x80, 0x49, 0xf5, 0x04, 0x0a, 0x05,
    0x32, 0xf5, 0x18, 0x05, 0x05, 0x35, 0xf2, 0x0e, 0x04, 0x05, 0x37, 0xf7, 0x0c, 0x0f, 0x05, 0x40,
    0x01, 0xf3, 0x00, 0x0f, 0x05, 0x40, 0x01, 0x72, 0x08, 0x00, 0x00, 0x00, 0x72, 0xe2, 0x00, 0x00,
    0x00, 0x63, 0x01, 0x00, 0x00, 0x00, 0x00, 0x00, 0x00, 0x00, 0x00, 0x00, 0x00, 0x00, 0x04, 0x00,
    0x00, 0x00, 0x03, 0x00, 0x00, 0x00, 0xf3, 0xb4, 0x00, 0x00, 0x00, 0x5e, 0x00, 0x95, 0x00, 0x54,
    0x00, 0x5b, 0x00, 0x00, 0x00, 0x00, 0x00, 0x00, 0x00, 0x00, 0x00, 0x4c, 0x00, 0x61, 0x01, 0x00,
    0x00, 0x67, 0x01, 0x5b, 0x03, 0x00, 0x00, 0x00, 0x00, 0x00, 0x00, 0x00, 0x00, 0x54, 0x00, 0x5b,
    0x04, 0x00, 0x00, 0x00, 0x00, 0x00, 0x00, 0x00, 0x00, 0x35, 0x02, 0x00, 0x00, 0x00, 0x00, 0x00,
    0x00, 0x28, 0x00, 0x00, 0x00, 0x00, 0x00, 0x00, 0x00, 0x61, 0x01, 0x00, 0x00, 0x67, 0x01, 0x5b,
    0x07, 0x00, 0x00, 0x00, 0x00, 0x00, 0x00, 0x00, 0x00, 0x54, 0x00, 0x35, 0x01, 0x00, 0x00, 0x00,
    0x00, 0x00, 0x00, 0x6d, 0x00, 0x53, 0x02, 0x6e, 0x01, 0x54, 0x00, 0x52, 0x08, 0x00, 0x00, 0x00,
    0x00, 0x00, 0x00, 0x00, 0x00, 0x00, 0x00, 0x00, 0x00, 0x00, 0x00, 0x00, 0x00, 0x00, 0x00, 0x53,
    0x03, 0x3a, 0x48, 0x00, 0x00, 0x3d, 0x01, 0x28, 0x00, 0x00, 0x00, 0x00, 0x00, 0x00, 0x00, 0x61,
    0x15, 0x00, 0x00, 0x20, 0x00, 0x5b, 0x0b, 0x00, 0x00, 0x00, 0x00, 0x00, 0x00, 0x00, 0x00, 0x55,
    0x00, 0x34, 0x01, 0x53, 0x04, 0x1a, 0x00, 0x6a, 0x08, 0x55, 0x01, 0x13, 0x00, 0x35, 0x00, 0x00,
    0x00, 0x00, 0x00, 0x00, 0x00, 0x35, 0x01, 0x00, 0x00, 0x00, 0x00, 0x00, 0x00, 0x24, 0x00, 0x29,
    0x05, 0x7a, 0x74, 0x43, 0x68, 0x65, 0x63, 0x6b, 0x73, 0x20, 0x69, 0x66, 0x20, 0x6f, 0x62, 0x6a,
    0x20, 0x6d, 0x61, 0x74, 0x63, 0x68, 0x65, 0x73, 0x20, 0x65, 0x69, 0x74, 0x68, 0x65, 0x72, 0x20,
    0x61, 0x20, 0x6c, 0x69, 0x73, 0x74, 0x20, 0x6f, 0x66, 0x20, 0x74, 0x79, 0x70, 0x65, 0x73, 0x2c,
    0x20, 0x60, 0x60, 0x2e, 0x2e, 0x2e, 0x60, 0x60, 0x2c, 0x20, 0x60, 0x60, 0x50, 0x61, 0x72, 0x61,
    0x6d, 0x53, 0x70, 0x65, 0x63, 0x60, 0x60, 0x20, 0x6f, 0x72, 0x0a, 0x60, 0x60, 0x5f, 0x43, 0x6f,
    0x6e, 0x63, 0x61, 0x74, 0x65, 0x6e, 0x61, 0x74, 0x65, 0x47, 0x65, 0x6e, 0x65, 0x72, 0x69, 0x63,
    0x41, 0x6c, 0x69, 0x61, 0x73, 0x60, 0x60, 0x20, 0x66, 0x72, 0x6f, 0x6d, 0x20, 0x74, 0x79, 0x70,
    0x69, 0x6e, 0x67, 0x2e, 0x70, 0x79, 0x0a, 0x54, 0x29, 0x02, 0xda, 0x09, 0x50, 0x61, 0x72, 0x61,
    0x6d, 0x53, 0x70, 0x65, 0x63, 0xda, 0x18, 0x5f, 0x43, 0x6f, 0x6e, 0x63, 0x61, 0x74, 0x65, 0x6e,
    0x61, 0x74, 0x65, 0x47, 0x65, 0x6e, 0x65, 0x72, 0x69, 0x63, 0x41, 0x6c, 0x69, 0x61, 0x73, 0xda,
    0x06, 0x74, 0x79, 0x70, 0x69, 0x6e, 0x67, 0x63, 0x01, 0x00, 0x00, 0x00, 0x00, 0x00, 0x00, 0x00,
    0x00, 0x00, 0x00, 0x00, 0x03, 0x00, 0x00, 0x00, 0x33, 0x00, 0x00, 0x00, 0xf3, 0x42, 0x00, 0x00,
    0x00, 0x3e, 0x01, 0x23, 0x00, 0x20, 0x00, 0x95, 0x00, 0x55, 0x00, 0x13, 0x00, 0x48, 0x14, 0x00,
    0x00, 0x6e, 0x01, 0x54, 0x02, 0x52, 0x00, 0x00, 0x00, 0x00, 0x00, 0x00, 0x00, 0x00, 0x00, 0x00,
    0x00, 0x00, 0x00, 0x00, 0x00, 0x00, 0x00, 0x00, 0x00, 0x55, 0x01, 0x3a, 0x48, 0x00, 0x00, 0x76,
    0x00, 0x95, 0x05, 0x20, 0x00, 0x4d, 0x16, 0x00, 0x00, 0x0b, 0x00, 0x20, 0x00, 0x67, 0x00, 0x37,
    0x03, 0x66, 0x01, 0x72, 0x06, 0x00, 0x00, 0x00, 0x29, 0x01, 0x72, 0x4e, 0x00, 0x00, 0x00, 0x29,
    0x03, 0xda, 0x02, 0x2e, 0x30, 0xda, 0x04, 0x6e, 0x61, 0x6d, 0x65, 0xda, 0x03, 0x6f, 0x62, 0x6a,
    0x73, 0x03, 0x00, 0x00, 0x00, 0x20, 0x20, 0x80, 0x72, 0x09, 0x00, 0x00, 0x00, 0xda, 0x09, 0x3c,
    0x67, 0x65, 0x6e, 0x65, 0x78, 0x70, 0x72, 0x3e, 0xda, 0x21, 0x5f, 0x69, 0x73, 0x5f, 0x70, 0x61,
    0x72, 0x61, 0x6d, 0x5f, 0x65, 0x78, 0x70, 0x72, 0x2e, 0x3c, 0x6c, 0x6f, 0x63, 0x61, 0x6c, 0x73,
    0x3e, 0x2e, 0x3c, 0x67, 0x65, 0x6e, 0x65, 0x78, 0x70, 0x72, 0x3e, 0x0d, 0x02, 0x00, 0x00, 0x73,
    0x1a, 0x00, 0x00, 0x00, 0xf8, 0xe9, 0x00, 0x80, 0x00, 0xd0, 0x2d, 0x55, 0xca, 0x75, 0xc0, 0x74,
    0xa8, 0x63, 0xaf, 0x6c, 0xa9, 0x6c, 0xb8, 0x64, 0xd6, 0x2e, 0x42, 0xca, 0x75, 0xf9, 0x73, 0x04,
    0x00, 0x00, 0x00, 0x83, 0x1c, 0x1f, 0x01, 0x29, 0x06, 0xda, 0x08, 0x45, 0x6c, 0x6c, 0x69, 0x70,
    0x73, 0x69, 0x73, 0x72, 0xe5, 0x00, 0x00, 0x00, 0x72, 0xe9, 0x00, 0x00, 0x00, 0x72, 0x28, 0x00,
    0x00, 0x00, 0x72, 0x4f, 0x00, 0x00, 0x00, 0xda, 0x03, 0x61, 0x6e, 0x79, 0x29, 0x02, 0x72, 0x0e,
    0x01, 0x00, 0x00, 0xda, 0x05, 0x6e, 0x61, 0x6d, 0x65, 0x73, 0x73, 0x02, 0x00, 0x00, 0x00, 0x60,
    0x20, 0x72, 0x09, 0x00, 0x00, 0x00, 0x72, 0xea, 0x00, 0x00, 0x00, 0x72, 0xea, 0x00, 0x00, 0x00,
    0x03, 0x02, 0x00, 0x00, 0x73, 0x4c, 0x00, 0x00, 0x00, 0xf8, 0x80, 0x00, 0xf0, 0x08, 0x00, 0x08,
    0x0b, 0x8c, 0x68, 0x82, 0x7f, 0xd8, 0x0f, 0x13, 0xdc, 0x07, 0x11, 0x90, 0x23, 0x94, 0x74, 0xd7,
    0x07, 0x1c, 0xd1, 0x07, 0x1c, 0xd8, 0x0f, 0x13, 0xdc, 0x0a, 0x0e, 0x88, 0x73, 0x8b, 0x29, 0x80,
    0x43, 0xd8, 0x0c, 0x35, 0x80, 0x45, 0xd8, 0x0b, 0x0e, 0x8f, 0x3e, 0x89, 0x3e, 0x98, 0x58, 0xd1,
    0x0b, 0x25, 0xd7, 0x0b, 0x55, 0xac, 0x23, 0xd4, 0x2d, 0x55, 0xc9, 0x75, 0xd3, 0x2d, 0x55, 0xd3,
    0x2a, 0x55, 0xd0, 0x04, 0x55, 0x72, 0x08, 0x00, 0x00, 0x00, 0x63, 0x01, 0x00, 0x00, 0x00, 0x00,
    0x00, 0x00, 0x00, 0x00, 0x00, 0x00, 0x00, 0x04, 0x00, 0x00, 0x00, 0x03, 0x00, 0x00, 0x00, 0xf3,
    0x06, 0x01, 0x00, 0x00, 0x95, 0x00, 0x5b, 0x01, 0x00, 0x00, 0x00, 0x00, 0x00, 0x00, 0x00, 0x00,
    0x55, 0x00, 0x5b, 0x02, 0x00, 0x00, 0x00, 0x00, 0x00, 0x00, 0x00, 0x00, 0x35, 0x02, 0x00, 0x00,
    0x00, 0x00, 0x00, 0x00, 0x28, 0x00, 0x00, 0x00, 0x00, 0x00, 0x00, 0x00, 0x61, 0x37, 0x00, 0x00,
    0x55, 0x00, 0x52, 0x04, 0x00, 0x00, 0x00, 0x00, 0x00, 0x00, 0x00, 0x00, 0x00, 0x00, 0x00, 0x00,
    0x00, 0x00, 0x00, 0x00, 0x00, 0x00, 0x53, 0x01, 0x3a, 0x58, 0x00, 0x00, 0x61, 0x0c, 0x00, 0x00,
    0x55, 0x00, 0x52, 0x06, 0x00, 0x00, 0x00, 0x00, 0x00, 0x00, 0x00, 0x00, 0x00, 0x00, 0x00, 0x00,
    0x00, 0x00, 0x00, 0x00, 0x00, 0x00, 0x24, 0x00, 0x55, 0x00, 0x52, 0x04, 0x00, 0x00, 0x00, 0x00,
    0x00, 0x00, 0x00, 0x00, 0x00, 0x00, 0x00, 0x00, 0x00, 0x00, 0x00, 0x00, 0x00, 0x00, 0x0e, 0x00,
    0x53, 0x02, 0x55, 0x00, 0x52, 0x06, 0x00, 0x00, 0x00, 0x00, 0x00, 0x00, 0x00, 0x00, 0x00, 0x00,
    0x00, 0x00, 0x00, 0x00, 0x00, 0x00, 0x00, 0x00, 0x0e, 0x00, 0x33, 0x03, 0x24, 0x00, 0x55, 0x00,
    0x5b, 0x08, 0x00, 0x00, 0x00, 0x00, 0x00, 0x00, 0x00, 0x00, 0x4c, 0x00, 0x61, 0x01, 0x00, 0x00,
    0x67, 0x03, 0x5b, 0x01, 0x00, 0x00, 0x00, 0x00, 0x00, 0x00, 0x00, 0x00, 0x55, 0x00, 0x5b, 0x0a,
    0x00, 0x00, 0x00, 0x00, 0x00, 0x00, 0x00, 0x00, 0x35, 0x02, 0x00, 0x00, 0x00, 0x00, 0x00, 0x00,
    0x28, 0x00, 0x00, 0x00, 0x00, 0x00, 0x00, 0x00, 0x61, 0x0c, 0x00, 0x00, 0x55, 0x00, 0x52, 0x0c,
    0x00, 0x00, 0x00, 0x00, 0x00, 0x00, 0x00, 0x00, 0x00, 0x00, 0x00, 0x00, 0x00, 0x00, 0x00, 0x00,
    0x00, 0x00, 0x24, 0x00, 0x5b, 0x0f, 0x00, 0x00, 0x00, 0x00, 0x00, 0x00, 0x00, 0x00, 0x55, 0x00,
    0x35, 0x01, 0x00, 0x00, 0x00, 0x00, 0x00, 0x00, 0x24, 0x00, 0x29, 0x04, 0x7a, 0xcf, 0x52, 0x65,
    0x74, 0x75, 0x72, 0x6e, 0x20, 0x74, 0x68, 0x65, 0x20, 0x72, 0x65, 0x70, 0x72, 0x28, 0x29, 0x20,
    0x6f, 0x66, 0x20, 0x61, 0x6e, 0x20, 0x6f, 0x62, 0x6a, 0x65, 0x63, 0x74, 0x2c, 0x20, 0x73, 0x70,
    0x65, 0x63, 0x69, 0x61, 0x6c, 0x2d, 0x63, 0x61, 0x73, 0x69, 0x6e, 0x67, 0x20, 0x74, 0x79, 0x70,
    0x65, 0x73, 0x20, 0x28, 0x69, 0x6e, 0x74, 0x65, 0x72, 0x6e, 0x61, 0x6c, 0x20, 0x68, 0x65, 0x6c,
    0x70, 0x65, 0x72, 0x29, 0x2e, 0x0a, 0x0a, 0x43, 0x6f, 0x70, 0x69, 0x65, 0x64, 0x20, 0x66, 0x72,
    0x6f, 0x6d, 0x20, 0x3a, 0x6d, 0x6f, 0x64, 0x3a, 0x60, 0x74, 0x79, 0x70, 0x69, 0x6e, 0x67, 0x60,
    0x20, 0x73, 0x69, 0x6e, 0x63, 0x65, 0x20, 0x63, 0x6f, 0x6c, 0x6c, 0x65, 0x63, 0x74, 0x69, 0x6f,
    0x6e, 0x73, 0x2e, 0x61, 0x62, 0x63, 0x0a, 0x73, 0x68, 0x6f, 0x75, 0x6c, 0x64, 0x6e, 0x27, 0x74,
    0x20, 0x64, 0x65, 0x70, 0x65, 0x6e, 0x64, 0x20, 0x6f, 0x6e, 0x20, 0x74, 0x68, 0x61, 0x74, 0x20,
    0x6d, 0x6f, 0x64, 0x75, 0x6c, 0x65, 0x2e, 0x0a, 0x28, 0x4b, 0x65, 0x65, 0x70, 0x20, 0x74, 0x68,
    0x69, 0x73, 0x20, 0x72, 0x6f, 0x75, 0x67, 0x68, 0x6c, 0x79, 0x20, 0x69, 0x6e, 0x20, 0x73, 0x79,
    0x6e, 0x63, 0x20, 0x77, 0x69, 0x74, 0x68, 0x20, 0x74, 0x68, 0x65, 0x20, 0x74, 0x79, 0x70, 0x69,
    0x6e, 0x67, 0x20, 0x76, 0x65, 0x72, 0x73, 0x69, 0x6f, 0x6e, 0x2e, 0x29, 0x0a, 0xda, 0x08, 0x62,
    0x75, 0x69, 0x6c, 0x74, 0x69, 0x6e, 0x73, 0xda, 0x01, 0x2e, 0x7a, 0x03, 0x2e, 0x2e, 0x2e, 0x29,
    0x08, 0x72, 0xe5, 0x00, 0x00, 0x00, 0x72, 0x28, 0x00, 0x00, 0x00, 0x72, 0x4f, 0x00, 0x00, 0x00,
    0x72, 0x50, 0x00, 0x00, 0x00, 0x72, 0x11, 0x01, 0x00, 0x00, 0xda, 0x0c, 0x46, 0x75, 0x6e, 0x63,
    0x74, 0x69, 0x6f, 0x6e, 0x54, 0x79, 0x70, 0x65, 0x72, 0x4e, 0x00, 0x00, 0x00, 0xda, 0x04, 0x72,
    0x65, 0x70, 0x72, 0x29, 0x01, 0x72, 0x0e, 0x01, 0x00, 0x00, 0x73, 0x01, 0x00, 0x00, 0x00, 0x20,
    0x72, 0x09, 0x00, 0x00, 0x00, 0x72, 0xf9, 0x00, 0x00, 0x00, 0x72, 0xf9, 0x00, 0x00, 0x00, 0x0f,
    0x02, 0x00, 0x00, 0x73, 0x71, 0x00, 0x00, 0x00, 0x80, 0x00, 0xf4, 0x0e, 0x00, 0x08, 0x12, 0x90,
    0x23, 0x94, 0x74, 0xd7, 0x07, 0x1c, 0xd1, 0x07, 0x1c, 0xd8, 0x0b, 0x0e, 0x8f, 0x3e, 0x89, 0x3e,
    0x98, 0x5a, 0xd3, 0x0b, 0x27, 0xd8, 0x13, 0x16, 0xd7, 0x13, 0x23, 0xd1, 0x13, 0x23, 0xd0, 0x0c,
    0x23, 0xd8, 0x12, 0x15, 0x97, 0x2e, 0x91, 0x2e, 0xd0, 0x11, 0x21, 0xa0, 0x11, 0xa0, 0x33, 0xd7,
    0x23, 0x33, 0xd1, 0x23, 0x33, 0xd0, 0x22, 0x34, 0xd0, 0x0f, 0x35, 0xd0, 0x08, 0x35, 0xd8, 0x07,
    0x0a, 0x8c, 0x68, 0x82, 0x7f, 0xd8, 0x0f, 0x14, 0xdc, 0x07, 0x11, 0x90, 0x23, 0x94, 0x7c, 0xd7,
    0x07, 0x24, 0xd1, 0x07, 0x24, 0xd8, 0x0f, 0x12, 0x8f, 0x7c, 0x89, 0x7c, 0xd0, 0x08, 0x1b, 0xdc,
    0x0b, 0x0f, 0x90, 0x03, 0x8b, 0x39, 0xd0, 0x04, 0x14, 0x72, 0x08, 0x00, 0x00, 0x00, 0x63, 0x00,
    0x00, 0x00, 0x00, 0x00, 0x00, 0x00, 0x00, 0x00, 0x00, 0x00, 0x00, 0x03, 0x00, 0x00, 0x00, 0x00,
    0x00, 0x00, 0x00, 0xf3, 0x48, 0x00, 0x00, 0x00, 0x95, 0x00, 0x5c, 0x00, 0x72, 0x01, 0x53, 0x00,
    0x72, 0x02, 0x53, 0x01, 0x72, 0x03, 0x53, 0x02, 0x72, 0x04, 0x5c, 0x05, 0x53, 0x03, 0x1a, 0x00,
    0x35, 0x00, 0x00, 0x00, 0x00, 0x00, 0x00, 0x00, 0x72, 0x06, 0x5c, 0x07, 0x53, 0x04, 0x1a, 0x00,
    0x35, 0x00, 0x00, 0x00, 0x00, 0x00, 0x00, 0x00, 0x72, 0x08, 0x5c, 0x07, 0x22, 0x00, 0x5c, 0x09,
    0x35, 0x01, 0x00, 0x00, 0x00, 0x00, 0x00, 0x00, 0x72, 0x0a, 0x53, 0x02, 0x72, 0x0b, 0x67, 0x05,
    0x29, 0x06, 0x72, 0x17, 0x00, 0x00, 0x00, 0x69, 0x21, 0x02, 0x00, 0x00, 0x72, 0x07, 0x00, 0x00,
    0x00, 0x63, 0x01, 0x00, 0x00, 0x00, 0x00, 0x00, 0x00, 0x00, 0x00, 0x00, 0x00, 0x00, 0x01, 0x00,
    0x00, 0x00, 0x0f, 0x00, 0x00, 0x00, 0xf3, 0x04, 0x00, 0x00, 0x00, 0x95, 0x00, 0x67, 0x01, 0x72,
    0xcb, 0x00, 0x00, 0x00, 0x72, 0x07, 0x00, 0x00, 0x00, 0x29, 0x03, 0x72, 0x44, 0x00, 0x00, 0x00,
    0x72, 0xee, 0x00, 0x00, 0x00, 0xda, 0x04, 0x6b, 0x77, 0x64, 0x73, 0x73, 0x03, 0x00, 0x00, 0x00,
    0x20, 0x20, 0x20, 0x72, 0x09, 0x00, 0x00, 0x00, 0xda, 0x08, 0x5f, 0x5f, 0x63, 0x61, 0x6c, 0x6c,
    0x5f, 0x5f, 0xda, 0x11, 0x43, 0x61, 0x6c, 0x6c, 0x61, 0x62, 0x6c, 0x65, 0x2e, 0x5f, 0x5f, 0x63,
    0x61, 0x6c, 0x6c, 0x5f, 0x5f, 0x25, 0x02, 0x00, 0x00, 0x72, 0xcf, 0x00, 0x00, 0x00, 0x72, 0x08,
    0x00, 0x00, 0x00, 0x63, 0x02, 0x00, 0x00, 0x00, 0x00, 0x00, 0x00, 0x00, 0x00, 0x00, 0x00, 0x00,
    0x04, 0x00, 0x00, 0x00, 0x03, 0x00, 0x00, 0x00, 0xf3, 0x38, 0x00, 0x00, 0x00, 0x95, 0x00, 0x55,
    0x00, 0x5b, 0x00, 0x00, 0x00, 0x00, 0x00, 0x00, 0x00, 0x00, 0x00, 0x4c, 0x00, 0x61, 0x0c, 0x00,
    0x00, 0x5b, 0x03, 0x00, 0x00, 0x00, 0x00, 0x00, 0x00, 0x00, 0x00, 0x55, 0x01, 0x53, 0x01, 0x35,
    0x02, 0x00, 0x00, 0x00, 0x00, 0x00, 0x00, 0x24, 0x00, 0x5b, 0x04, 0x00, 0x00, 0x00, 0x00, 0x00,
    0x00, 0x00, 0x00, 0x24, 0x00, 0x29, 0x02, 0x4e, 0x72, 0x1c, 0x01, 0x00, 0x00, 0x29, 0x03, 0x72,
    0x17, 0x00, 0x00, 0x00, 0x72, 0x3e, 0x00, 0x00, 0x00, 0x72, 0x38, 0x00, 0x00, 0x00, 0x72, 0x49,
    0x00, 0x00, 0x00, 0x73, 0x02, 0x00, 0x00, 0x00, 0x20, 0x20, 0x72, 0x09, 0x00, 0x00, 0x00, 0x72,
    0x4b, 0x00, 0x00, 0x00, 0xda, 0x19, 0x43, 0x61, 0x6c, 0x6c, 0x61, 0x62, 0x6c, 0x65, 0x2e, 0x5f,
    0x5f, 0x73, 0x75, 0x62, 0x63, 0x6c, 0x61, 0x73, 0x73, 0x68, 0x6f, 0x6f, 0x6b, 0x5f, 0x5f, 0x29,
    0x02, 0x00, 0x00, 0x72, 0x4d, 0x00, 0x00, 0x00, 0x72, 0x08, 0x00, 0x00, 0x00, 0x4e, 0x29, 0x0c,
    0x72, 0x4e, 0x00, 0x00, 0x00, 0x72, 0x4f, 0x00, 0x00, 0x00, 0x72, 0x50, 0x00, 0x00, 0x00, 0x72,
    0x51, 0x00, 0x00, 0x00, 0x72, 0x52, 0x00, 0x00, 0x00, 0x72, 0x04, 0x00, 0x00, 0x00, 0x72, 0x1c,
    0x01, 0x00, 0x00, 0x72, 0x53, 0x00, 0x00, 0x00, 0x72, 0x4b, 0x00, 0x00, 0x00, 0x72, 0xe2, 0x00,
    0x00, 0x00, 0x72, 0x5f, 0x00, 0x00, 0x00, 0x72, 0x54, 0x00, 0x00, 0x00, 0x72, 0x07, 0x00, 0x00,
    0x00, 0x72, 0x08, 0x00, 0x00, 0x00, 0x72, 0x09, 0x00, 0x00, 0x00, 0x72, 0x17, 0x00, 0x00, 0x00,
    0x72, 0x17, 0x00, 0x00, 0x00, 0x21, 0x02, 0x00, 0x00, 0x73, 0x3b, 0x00, 0x00, 0x00, 0x86, 0x00,
    0xe0, 0x10, 0x12, 0x80, 0x49, 0xe0, 0x05, 0x13, 0xf1, 0x02, 0x01, 0x05, 0x15, 0xf3, 0x03, 0x00,
    0x06, 0x14, 0xf0, 0x02, 0x01, 0x05, 0x15, 0xf0, 0x06, 0x00, 0x06, 0x11, 0xf1, 0x02, 0x03, 0x05,
    0x1e, 0xf3, 0x03, 0x00, 0x06, 0x11, 0xf0, 0x02, 0x03, 0x05, 0x1e, 0xf1, 0x0a, 0x00, 0x19, 0x24,
    0xd0, 0x24, 0x39, 0xd3, 0x18, 0x3a, 0xd3, 0x04, 0x15, 0x72, 0x08, 0x00, 0x00, 0x00, 0x72, 0x17,
    0x00, 0x00, 0x00, 0x63, 0x00, 0x00, 0x00, 0x00, 0x00, 0x00, 0x00, 0x00, 0x00, 0x00, 0x00, 0x00,
    0x02, 0x00, 0x00, 0x00, 0x00, 0x00, 0x00, 0x00, 0xf3, 0x80, 0x00, 0x00, 0x00, 0x95, 0x00, 0x5c,
    0x00, 0x72, 0x01, 0x53, 0x00, 0x72, 0x02, 0x53, 0x01, 0x72, 0x03, 0x53, 0x02, 0x72, 0x04, 0x53,
    0x03, 0x72, 0x05, 0x53, 0x04, 0x1a, 0x00, 0x72, 0x06, 0x53, 0x05, 0x1a, 0x00, 0x72, 0x07, 0x53,
    0x06, 0x1a, 0x00, 0x72, 0x08, 0x53, 0x07, 0x1a, 0x00, 0x72, 0x09, 0x53, 0x08, 0x1a, 0x00, 0x72,
    0x0a, 0x5c, 0x0b, 0x53, 0x09, 0x1a, 0x00, 0x35, 0x00, 0x00, 0x00, 0x00, 0x00, 0x00, 0x00, 0x72,
    0x0c, 0x53, 0x0a, 0x1a, 0x00, 0x72, 0x0d, 0x5c, 0x0d, 0x72, 0x0e, 0x53, 0x0b, 0x1a, 0x00, 0x72,
    0x0f, 0x53, 0x0c, 0x1a, 0x00, 0x72, 0x10, 0x5c, 0x10, 0x72, 0x11, 0x53, 0x0d, 0x1a, 0x00, 0x72,
    0x12, 0x53, 0x0e, 0x1a, 0x00, 0x72, 0x13, 0x53, 0x0f, 0x1a, 0x00, 0x72, 0x14, 0x5c, 0x14, 0x72,
    0x15, 0x53, 0x10, 0x1a, 0x00, 0x72, 0x16, 0x53, 0x03, 0x72, 0x17, 0x67, 0x11, 0x29, 0x12, 0x72,
    0x19, 0x00, 0x00, 0x00, 0x69, 0x35, 0x02, 0x00, 0x00, 0x61, 0x42, 0x01, 0x00, 0x00, 0x41, 0x20,
    0x73, 0x65, 0x74, 0x20, 0x69, 0x73, 0x20, 0x61, 0x20, 0x66, 0x69, 0x6e, 0x69, 0x74, 0x65, 0x2c,
    0x20, 0x69, 0x74, 0x65, 0x72, 0x61, 0x62, 0x6c, 0x65, 0x20, 0x63, 0x6f, 0x6e, 0x74, 0x61, 0x69,
    0x6e, 0x65, 0x72, 0x2e, 0x0a, 0x0a, 0x54, 0x68, 0x69, 0x73, 0x20, 0x63, 0x6c, 0x61, 0x73, 0x73,
    0x20, 0x70, 0x72, 0x6f, 0x76, 0x69, 0x64, 0x65, 0x73, 0x20, 0x63, 0x6f, 0x6e, 0x63, 0x72, 0x65,
    0x74, 0x65, 0x20, 0x67, 0x65, 0x6e, 0x65, 0x72, 0x69, 0x63, 0x20, 0x69, 0x6d, 0x70, 0x6c, 0x65,
    0x6d, 0x65, 0x6e, 0x74, 0x61, 0x74, 0x69, 0x6f, 0x6e, 0x73, 0x20, 0x6f, 0x66, 0x20, 0x61, 0x6c,
    0x6c, 0x0a, 0x6d, 0x65, 0x74, 0x68, 0x6f, 0x64, 0x73, 0x20, 0x65, 0x78, 0x63, 0x65, 0x70, 0x74,
    0x20, 0x66, 0x6f, 0x72, 0x20, 0x5f, 0x5f, 0x63, 0x6f, 0x6e, 0x74, 0x61, 0x69, 0x6e, 0x73, 0x5f,
    0x5f, 0x2c, 0x20, 0x5f, 0x5f, 0x69, 0x74, 0x65, 0x72, 0x5f, 0x5f, 0x20, 0x61, 0x6e, 0x64, 0x20,
    0x5f, 0x5f, 0x6c, 0x65, 0x6e, 0x5f, 0x5f, 0x2e, 0x0a, 0x0a, 0x54, 0x6f, 0x20, 0x6f, 0x76, 0x65,
    0x72, 0x72, 0x69, 0x64, 0x65, 0x20, 0x74, 0x68, 0x65, 0x20, 0x63, 0x6f, 0x6d, 0x70, 0x61, 0x72,
    0x69, 0x73, 0x6f, 0x6e, 0x73, 0x20, 0x28, 0x70, 0x72, 0x65, 0x73, 0x75, 0x6d, 0x61, 0x62, 0x6c,
    0x79, 0x20, 0x66, 0x6f, 0x72, 0x20, 0x73, 0x70, 0x65, 0x65, 0x64, 0x2c, 0x20, 0x61, 0x73, 0x20,
    0x74, 0x68, 0x65, 0x0a, 0x73, 0x65, 0x6d, 0x61, 0x6e, 0x74, 0x69, 0x63, 0x73, 0x20, 0x61, 0x72,
    0x65, 0x20, 0x66, 0x69, 0x78, 0x65, 0x64, 0x29, 0x2c, 0x20, 0x72, 0x65, 0x64, 0x65, 0x66, 0x69,
    0x6e, 0x65, 0x20, 0x5f, 0x5f, 0x6c, 0x65, 0x5f, 0x5f, 0x20, 0x61, 0x6e, 0x64, 0x20, 0x5f, 0x5f,
    0x67, 0x65, 0x5f, 0x5f, 0x2c, 0x0a, 0x74, 0x68, 0x65, 0x6e, 0x20, 0x74, 0x68, 0x65, 0x20, 0x6f,
    0x74, 0x68, 0x65, 0x72, 0x20, 0x6f, 0x70, 0x65, 0x72, 0x61, 0x74, 0x69, 0x6f, 0x6e, 0x73, 0x20,
    0x77, 0x69, 0x6c, 0x6c, 0x20, 0x61, 0x75, 0x74, 0x6f, 0x6d, 0x61, 0x74, 0x69, 0x63, 0x61, 0x6c,
    0x6c, 0x79, 0x20, 0x66, 0x6f, 0x6c, 0x6c, 0x6f, 0x77, 0x20, 0x73, 0x75, 0x69, 0x74, 0x2e, 0x0a,
    0x72, 0x07, 0x00, 0x00, 0x00, 0x63, 0x02, 0x00, 0x00, 0x00, 0x00, 0x00, 0x00, 0x00, 0x00, 0x00,
    0x00, 0x00, 0x04, 0x00, 0x00, 0x00, 0x03, 0x00, 0x00, 0x00, 0xf3, 0x8c, 0x00, 0x00, 0x00, 0x95,
    0x00, 0x5b, 0x01, 0x00, 0x00, 0x00, 0x00, 0x00, 0x00, 0x00, 0x00, 0x55, 0x01, 0x5b, 0x02, 0x00,
    0x00, 0x00, 0x00, 0x00, 0x00, 0x00, 0x00, 0x35, 0x02, 0x00, 0x00, 0x00, 0x00, 0x00, 0x00, 0x28,
    0x00, 0x00, 0x00, 0x00, 0x00, 0x00, 0x00, 0x64, 0x06, 0x00, 0x00, 0x5b, 0x04, 0x00, 0x00, 0x00,
    0x00, 0x00, 0x00, 0x00, 0x00, 0x24, 0x00, 0x5b, 0x07, 0x00, 0x00, 0x00, 0x00, 0x00, 0x00, 0x00,
    0x00, 0x55, 0x00, 0x35, 0x01, 0x00, 0x00, 0x00, 0x00, 0x00, 0x00, 0x5b, 0x07, 0x00, 0x00, 0x00,
    0x00, 0x00, 0x00, 0x00, 0x00, 0x55, 0x01, 0x35, 0x01, 0x00, 0x00, 0x00, 0x00, 0x00, 0x00, 0x3a,
    0x94, 0x00, 0x00, 0x61, 0x01, 0x00, 0x00, 0x67, 0x01, 0x55, 0x00, 0x13, 0x00, 0x48, 0x0a, 0x00,
    0x00, 0x6e, 0x02, 0x58, 0x21, 0x3b, 0x01, 0x00, 0x00, 0x64, 0x02, 0x00, 0x00, 0x4d, 0x0a, 0x00,
    0x00, 0x20, 0x00, 0x67, 0x01, 0x0b, 0x00, 0x20, 0x00, 0x67, 0x02, 0xa9, 0x03, 0x4e, 0x46, 0x54,
    0xa9, 0x04, 0x72, 0xe5, 0x00, 0x00, 0x00, 0x72, 0x19, 0x00, 0x00, 0x00, 0x72, 0x38, 0x00, 0x00,
    0x00, 0x72, 0xe7, 0x00, 0x00, 0x00, 0xa9, 0x03, 0x72, 0x44, 0x00, 0x00, 0x00, 0xda, 0x05, 0x6f,
    0x74, 0x68, 0x65, 0x72, 0xda, 0x04, 0x65, 0x6c, 0x65, 0x6d, 0x73, 0x03, 0x00, 0x00, 0x00, 0x20,
    0x20, 0x20, 0x72, 0x09, 0x00, 0x00, 0x00, 0xda, 0x06, 0x5f, 0x5f, 0x6c, 0x65, 0x5f, 0x5f, 0xda,
    0x0a, 0x53, 0x65, 0x74, 0x2e, 0x5f, 0x5f, 0x6c, 0x65, 0x5f, 0x5f, 0x42, 0x02, 0x00, 0x00, 0x73,
    0x40, 0x00, 0x00, 0x00, 0x80, 0x00, 0xdc, 0x0f, 0x19, 0x98, 0x25, 0xa4, 0x13, 0xd7, 0x0f, 0x25,
    0xd1, 0x0f, 0x25, 0xdc, 0x13, 0x21, 0xd0, 0x0c, 0x21, 0xdc, 0x0b, 0x0e, 0x88, 0x74, 0x8b, 0x39,
    0x94, 0x73, 0x98, 0x35, 0x93, 0x7a, 0xd3, 0x0b, 0x21, 0xd8, 0x13, 0x18, 0xdb, 0x14, 0x18, 0x88,
    0x44, 0xd8, 0x0f, 0x13, 0xd5, 0x0f, 0x20, 0xd9, 0x17, 0x1c, 0xf1, 0x05, 0x00, 0x15, 0x19, 0xf0,
    0x06, 0x00, 0x10, 0x14, 0x72, 0x08, 0x00, 0x00, 0x00, 0x63, 0x02, 0x00, 0x00, 0x00, 0x00, 0x00,
    0x00, 0x00, 0x00, 0x00, 0x00, 0x00, 0x04, 0x00, 0x00, 0x00, 0x03, 0x00, 0x00, 0x00, 0xf3, 0x96,
    0x00, 0x00, 0x00, 0x95, 0x00, 0x5b, 0x01, 0x00, 0x00, 0x00, 0x00, 0x00, 0x00, 0x00, 0x00, 0x55,
    0x01, 0x5b, 0x02, 0x00, 0x00, 0x00, 0x00, 0x00, 0x00, 0x00, 0x00, 0x35, 0x02, 0x00, 0x00, 0x00,
    0x00, 0x00, 0x00, 0x28, 0x00, 0x00, 0x00, 0x00, 0x00, 0x00, 0x00, 0x64, 0x06, 0x00, 0x00, 0x5b,
    0x04, 0x00, 0x00, 0x00, 0x00, 0x00, 0x00, 0x00, 0x00, 0x24, 0x00, 0x5b, 0x07, 0x00, 0x00, 0x00,
    0x00, 0x00, 0x00, 0x00, 0x00, 0x55, 0x00, 0x35, 0x01, 0x00, 0x00, 0x00, 0x00, 0x00, 0x00, 0x5b,
    0x07, 0x00, 0x00, 0x00, 0x00, 0x00, 0x00, 0x00, 0x00, 0x55, 0x01, 0x35, 0x01, 0x00, 0x00, 0x00,
    0x00, 0x00, 0x00, 0x3a, 0x02, 0x00, 0x00, 0x3d, 0x01, 0x28, 0x00, 0x00, 0x00, 0x00, 0x00, 0x00,
    0x00, 0x61, 0x11, 0x00, 0x00, 0x20, 0x00, 0x55, 0x00, 0x52, 0x09, 0x00, 0x00, 0x00, 0x00, 0x00,
    0x00, 0x00, 0x00, 0x00, 0x00, 0x00, 0x00, 0x00, 0x00, 0x00, 0x00, 0x00, 0x00, 0x55, 0x01, 0x35,
    0x01, 0x00, 0x00, 0x00, 0x00, 0x00, 0x00, 0x24, 0x00, 0x72, 0x06, 0x00, 0x00, 0x00, 0xa9, 0x05,
    0x72, 0xe5, 0x00, 0x00, 0x00, 0x72, 0x19, 0x00, 0x00, 0x00, 0x72, 0x38, 0x00, 0x00, 0x00, 0x72,
    0xe7, 0x00, 0x00, 0x00, 0x72, 0x27, 0x01, 0x00, 0x00, 0xa9, 0x02, 0x72, 0x44, 0x00, 0x00, 0x00,
    0x72, 0x25, 0x01, 0x00, 0x00, 0x73, 0x02, 0x00, 0x00, 0x00, 0x20, 0x20, 0x72, 0x09, 0x00, 0x00,
    0x00, 0xda, 0x06, 0x5f, 0x5f, 0x6c, 0x74, 0x5f, 0x5f, 0xda, 0x0a, 0x53, 0x65, 0x74, 0x2e, 0x5f,
    0x5f, 0x6c, 0x74, 0x5f, 0x5f, 0x4c, 0x02, 0x00, 0x00, 0xf3, 0x36, 0x00, 0x00, 0x00, 0x80, 0x00,
    0xdc, 0x0f, 0x19, 0x98, 0x25, 0xa4, 0x13, 0xd7, 0x0f, 0x25, 0xd1, 0x0f, 0x25, 0xdc, 0x13, 0x21,
    0xd0, 0x0c, 0x21, 0xdc, 0x0f, 0x12, 0x90, 0x34, 0x8b, 0x79, 0x9c, 0x33, 0x98, 0x75, 0x9b, 0x3a,
    0xd1, 0x0f, 0x25, 0xd7, 0x0f, 0x3c, 0xa8, 0x24, 0xaf, 0x2b, 0xa9, 0x2b, 0xb0, 0x65, 0xd3, 0x2a,
    0x3c, 0xd0, 0x08, 0x3c, 0x72, 0x08, 0x00, 0x00, 0x00, 0x63, 0x02, 0x00, 0x00, 0x00, 0x00, 0x00,
    0x00, 0x00, 0x00, 0x00, 0x00, 0x00, 0x04, 0x00, 0x00, 0x00, 0x03, 0x00, 0x00, 0x00, 0xf3, 0x96,
    0x00, 0x00, 0x00, 0x95, 0x00, 0x5b, 0x01, 0x00, 0x00, 0x00, 0x00, 0x00, 0x00, 0x00, 0x00, 0x55,
    0x01, 0x5b, 0x02, 0x00, 0x00, 0x00, 0x00, 0x00, 0x00, 0x00, 0x00, 0x35, 0x02, 0x00, 0x00, 0x00,
    0x00, 0x00, 0x00, 0x28, 0x00, 0x00, 0x00, 0x00, 0x00, 0x00, 0x00, 0x64, 0x06, 0x00, 0x00, 0x5b,
    0x04, 0x00, 0x00, 0x00, 0x00, 0x00, 0x00, 0x00, 0x00, 0x24, 0x00, 0x5b, 0x07, 0x00, 0x00, 0x00,
    0x00, 0x00, 0x00, 0x00, 0x00, 0x55, 0x00, 0x35, 0x01, 0x00, 0x00, 0x00, 0x00, 0x00, 0x00, 0x5b,
    0x07, 0x00, 0x00, 0x00, 0x00, 0x00, 0x00, 0x00, 0x00, 0x55, 0x01, 0x35, 0x01, 0x00, 0x00, 0x00,
    0x00, 0x00, 0x00, 0x3a, 0x84, 0x00, 0x00, 0x3d, 0x01, 0x28, 0x00, 0x00, 0x00, 0x00, 0x00, 0x00,
    0x00, 0x61, 0x11, 0x00, 0x00, 0x20, 0x00, 0x55, 0x00, 0x52, 0x09, 0x00, 0x00, 0x00, 0x00, 0x00,
    0x00, 0x00, 0x00, 0x00, 0x00, 0x00, 0x00, 0x00, 0x00, 0x00, 0x00, 0x00, 0x00, 0x55, 0x01, 0x35,
    0x01, 0x00, 0x00, 0x00, 0x00, 0x00, 0x00, 0x24, 0x00, 0x72, 0x06, 0x00, 0x00, 0x00, 0x29, 0x05,
    0x72, 0xe5, 0x00, 0x00, 0x00, 0x72, 0x19, 0x00, 0x00, 0x00, 0x72, 0x38, 0x00, 0x00, 0x00, 0x72,
    0xe7, 0x00, 0x00, 0x00, 0xda, 0x06, 0x5f, 0x5f, 0x67, 0x65, 0x5f, 0x5f, 0x72, 0x2b, 0x01, 0x00,
    0x00, 0x73, 0x02, 0x00, 0x00, 0x00, 0x20, 0x20, 0x72, 0x09, 0x00, 0x00, 0x00, 0xda, 0x06, 0x5f,
    0x5f, 0x67, 0x74, 0x5f, 0x5f, 0xda, 0x0a, 0x53, 0x65, 0x74, 0x2e, 0x5f, 0x5f, 0x67, 0x74, 0x5f,
    0x5f, 0x51, 0x02, 0x00, 0x00, 0x72, 0x2e, 0x01, 0x00, 0x00, 0x72, 0x08, 0x00, 0x00, 0x00, 0x63,
    0x02, 0x00, 0x00, 0x00, 0x00, 0x00, 0x00, 0x00, 0x00, 0x00, 0x00, 0x00, 0x04, 0x00, 0x00, 0x00,
    0x03, 0x00, 0x00, 0x00, 0xf3, 0x8c, 0x00, 0x00, 0x00, 0x95, 0x00, 0x5b, 0x01, 0x00, 0x00, 0x00,
    0x00, 0x00, 0x00, 0x00, 0x00, 0x55, 0x01, 0x5b, 0x02, 0x00, 0x00, 0x00, 0x00, 0x00, 0x00, 0x00,
    0x00, 0x35, 0x02, 0x00, 0x00, 0x00, 0x00, 0x00, 0x00, 0x28, 0x00, 0x00, 0x00, 0x00, 0x00, 0x00,
    0x00, 0x64, 0x06, 0x00, 0x00, 0x5b, 0x04, 0x00, 0x00, 0x00, 0x00, 0x00, 0x00, 0x00, 0x00, 0x24,
    0x00, 0x5b, 0x07, 0x00, 0x00, 0x00, 0x00, 0x00, 0x00, 0x00, 0x00, 0x55, 0x00, 0x35, 0x01, 0x00,
    0x00, 0x00, 0x00, 0x00, 0x00, 0x5b, 0x07, 0x00, 0x00, 0x00, 0x00, 0x00, 0x00, 0x00, 0x00, 0x55,
    0x01, 0x35, 0x01, 0x00, 0x00, 0x00, 0x00, 0x00, 0x00, 0x3a, 0x12, 0x00, 0x00, 0x61, 0x01, 0x00,
    0x00, 0x67, 0x01, 0x55, 0x01, 0x13, 0x00, 0x48, 0x0a, 0x00, 0x00, 0x6e, 0x02, 0x58, 0x20, 0x3b,
    0x01, 0x00, 0x00, 0x64, 0x02, 0x00, 0x00, 0x4d, 0x0a, 0x00, 0x00, 0x20, 0x00, 0x67, 0x01, 0x0b,
    0x00, 0x20, 0x00, 0x67, 0x02, 0x72, 0x22, 0x01, 0x00, 0x00, 0x72, 0x23, 0x01, 0x00, 0x00, 0x72,
    0x24, 0x01, 0x00, 0x00, 0x73, 0x03, 0x00, 0x00, 0x00, 0x20, 0x20, 0x20, 0x72, 0x09, 0x00, 0x00,
    0x00, 0x72, 0x30, 0x01, 0x00, 0x00, 0xda, 0x0a, 0x53, 0x65, 0x74, 0x2e, 0x5f, 0x5f, 0x67, 0x65,
    0x5f, 0x5f, 0x56, 0x02, 0x00, 0x00, 0x73, 0x40, 0x00, 0x00, 0x00, 0x80, 0x00, 0xdc, 0x0f, 0x19,
    0x98, 0x25, 0xa4, 0x13, 0xd7, 0x0f, 0x25, 0xd1, 0x0f, 0x25, 0xdc, 0x13, 0x21, 0xd0, 0x0c, 0x21,
    0xdc, 0x0b, 0x0e, 0x88, 0x74, 0x8b, 0x39, 0x94, 0x73, 0x98, 0x35, 0x93, 0x7a, 0xd3, 0x0b, 0x21,
    0xd8, 0x13, 0x18, 0xdb, 0x14, 0x19, 0x88, 0x44, 0xd8, 0x0f, 0x13, 0xd5, 0x0f, 0x1f, 0xd9, 0x17,
    0x1c, 0xf1, 0x05, 0x00, 0x15, 0x1a, 0xf0, 0x06, 0x00, 0x10, 0x14, 0x72, 0x08, 0x00, 0x00, 0x00,
    0x63, 0x02, 0x00, 0x00, 0x00, 0x00, 0x00, 0x00, 0x00, 0x00, 0x00, 0x00, 0x00, 0x04, 0x00, 0x00,
    0x00, 0x03, 0x00, 0x00, 0x00, 0xf3, 0x96, 0x00, 0x00, 0x00, 0x95, 0x00, 0x5b, 0x01, 0x00, 0x00,
    0x00, 0x00, 0x00, 0x00, 0x00, 0x00, 0x55, 0x01, 0x5b, 0x02, 0x00, 0x00, 0x00, 0x00, 0x00, 0x00,
    0x00, 0x00, 0x35, 0x02, 0x00, 0x00, 0x00, 0x00, 0x00, 0x00, 0x28, 0x00, 0x00, 0x00, 0x00, 0x00,
    0x00, 0x00, 0x64, 0x06, 0x00, 0x00, 0x5b, 0x04, 0x00, 0x00, 0x00, 0x00, 0x00, 0x00, 0x00, 0x00,
    0x24, 0x00, 0x5b, 0x07, 0x00, 0x00, 0x00, 0x00, 0x00, 0x00, 0x00, 0x00, 0x55, 0x00, 0x35, 0x01,
    0x00, 0x00, 0x00, 0x00, 0x00, 0x00, 0x5b, 0x07, 0x00, 0x00, 0x00, 0x00, 0x00, 0x00, 0x00, 0x00,
    0x55, 0x01, 0x35, 0x01, 0x00, 0x00, 0x00, 0x00, 0x00, 0x00, 0x3a, 0x48, 0x00, 0x00, 0x3d, 0x01,
    0x28, 0x00, 0x00, 0x00, 0x00, 0x00, 0x00, 0x00, 0x61, 0x11, 0x00, 0x00, 0x20, 0x00, 0x55, 0x00,
    0x52, 0x09, 0x00, 0x00, 0x00, 0x00, 0x00, 0x00, 0x00, 0x00, 0x00, 0x00, 0x00, 0x00, 0x00, 0x00,
    0x00, 0x00, 0x00, 0x00, 0x55, 0x01, 0x35, 0x01, 0x00, 0x00, 0x00, 0x00, 0x00, 0x00, 0x24, 0x00,
    0x72, 0x06, 0x00, 0x00, 0x00, 0x72, 0x2a, 0x01, 0x00, 0x00, 0x72, 0x2b, 0x01, 0x00, 0x00, 0x73,
    0x02, 0x00, 0x00, 0x00, 0x20, 0x20, 0x72, 0x09, 0x00, 0x00, 0x00, 0xda, 0x06, 0x5f, 0x5f, 0x65,
    0x71, 0x5f, 0x5f, 0xda, 0x0a, 0x53, 0x65, 0x74, 0x2e, 0x5f, 0x5f, 0x65, 0x71, 0x5f, 0x5f, 0x60,
    0x02, 0x00, 0x00, 0x73, 0x36, 0x00, 0x00, 0x00, 0x80, 0x00, 0xdc, 0x0f, 0x19, 0x98, 0x25, 0xa4,
    0x13, 0xd7, 0x0f, 0x25, 0xd1, 0x0f, 0x25, 0xdc, 0x13, 0x21, 0xd0, 0x0c, 0x21, 0xdc, 0x0f, 0x12,
    0x90, 0x34, 0x8b, 0x79, 0x9c, 0x43, 0xa0, 0x05, 0x9b, 0x4a, 0xd1, 0x0f, 0x26, 0xd7, 0x0f, 0x3d,
    0xa8, 0x34, 0xaf, 0x3b, 0xa9, 0x3b, 0xb0, 0x75, 0xd3, 0x2b, 0x3d, 0xd0, 0x08, 0x3d, 0x72, 0x08,
    0x00, 0x00, 0x00, 0x63, 0x02, 0x00, 0x00, 0x00, 0x00, 0x00, 0x00, 0x00, 0x00, 0x00, 0x00, 0x00,
    0x03, 0x00, 0x00, 0x00, 0x03, 0x00, 0x00, 0x00, 0xf3, 0x12, 0x00, 0x00, 0x00, 0x95, 0x00, 0x55,
    0x00, 0x22, 0x00, 0x55, 0x01, 0x35, 0x01, 0x00, 0x00, 0x00, 0x00, 0x00, 0x00, 0x24, 0x00, 0x29,
    0x01, 0x7a, 0xa4, 0x43, 0x6f, 0x6e, 0x73, 0x74, 0x72, 0x75, 0x63, 0x74, 0x20, 0x61, 0x6e, 0x20,
    0x69, 0x6e, 0x73, 0x74, 0x61, 0x6e, 0x63, 0x65, 0x20, 0x6f, 0x66, 0x20, 0x74, 0x68, 0x65, 0x20,
    0x63, 0x6c, 0x61, 0x73, 0x73, 0x20, 0x66, 0x72, 0x6f, 0x6d, 0x20, 0x61, 0x6e, 0x79, 0x20, 0x69,
    0x74, 0x65, 0x72, 0x61, 0x62, 0x6c, 0x65, 0x20, 0x69, 0x6e, 0x70, 0x75, 0x74, 0x2e, 0x0a, 0x0a,
    0x4d, 0x75, 0x73, 0x74, 0x20, 0x6f, 0x76, 0x65, 0x72, 0x72, 0x69, 0x64, 0x65, 0x20, 0x74, 0x68,
    0x69, 0x73, 0x20, 0x6d, 0x65, 0x74, 0x68, 0x6f, 0x64, 0x20, 0x69, 0x66, 0x20, 0x74, 0x68, 0x65,
    0x20, 0x63, 0x6c, 0x61, 0x73, 0x73, 0x20, 0x63, 0x6f, 0x6e, 0x73, 0x74, 0x72, 0x75, 0x63, 0x74,
    0x6f, 0x72, 0x20, 0x73, 0x69, 0x67, 0x6e, 0x61, 0x74, 0x75, 0x72, 0x65, 0x0a, 0x64, 0x6f, 0x65,
    0x73, 0x20, 0x6e, 0x6f, 0x74, 0x20, 0x61, 0x63, 0x63, 0x65, 0x70, 0x74, 0x20, 0x61, 0x6e, 0x20,
    0x69, 0x74, 0x65, 0x72, 0x61, 0x62, 0x6c, 0x65, 0x20, 0x66, 0x6f, 0x72, 0x20, 0x61, 0x6e, 0x20,
    0x69, 0x6e, 0x70, 0x75, 0x74, 0x2e, 0x0a, 0x72, 0x07, 0x00, 0x00, 0x00, 0xa9, 0x02, 0x72, 0x4a,
    0x00, 0x00, 0x00, 0xda, 0x02, 0x69, 0x74, 0x73, 0x02, 0x00, 0x00, 0x00, 0x20, 0x20, 0x72, 0x09,
    0x00, 0x00, 0x00, 0xda, 0x0e, 0x5f, 0x66, 0x72, 0x6f, 0x6d, 0x5f, 0x69, 0x74, 0x65, 0x72, 0x61,
    0x62, 0x6c, 0x65, 0xda, 0x12, 0x53, 0x65, 0x74, 0x2e, 0x5f, 0x66, 0x72, 0x6f, 0x6d, 0x5f, 0x69,
    0x74, 0x65, 0x72, 0x61, 0x62, 0x6c, 0x65, 0x65, 0x02, 0x00, 0x00, 0x73, 0x0d, 0x00, 0x00, 0x00,
    0x80, 0x00, 0xf1, 0x0e, 0x00, 0x10, 0x13, 0x90, 0x32, 0x8b, 0x77, 0x88, 0x0e, 0x72, 0x08, 0x00,
    0x00, 0x00, 0x63, 0x02, 0x00, 0x00, 0x00, 0x00, 0x00, 0x00, 0x00, 0x00, 0x00, 0x00, 0x00, 0x04,
    0x00, 0x00, 0x00, 0x03, 0x00, 0x00, 0x00, 0xf3, 0x70, 0x00, 0x00, 0x00, 0x5e, 0x00, 0x95, 0x00,
    0x5b, 0x01, 0x00, 0x00, 0x00, 0x00, 0x00, 0x00, 0x00, 0x00, 0x55, 0x01, 0x5b, 0x02, 0x00, 0x00,
    0x00, 0x00, 0x00, 0x00, 0x00, 0x00, 0x35, 0x02, 0x00, 0x00, 0x00, 0x00, 0x00, 0x00, 0x28, 0x00,
    0x00, 0x00, 0x00, 0x00, 0x00, 0x00, 0x64, 0x06, 0x00, 0x00, 0x5b, 0x04, 0x00, 0x00, 0x00, 0x00,
    0x00, 0x00, 0x00, 0x00, 0x24, 0x00, 0x54, 0x00, 0x52, 0x07, 0x00, 0x00, 0x00, 0x00, 0x00, 0x00,
    0x00, 0x00, 0x00, 0x00, 0x00, 0x00, 0x00, 0x00, 0x00, 0x00, 0x00, 0x00, 0x55, 0x00, 0x34, 0x01,
    0x53, 0x01, 0x1a, 0x00, 0x6a, 0x08, 0x55, 0x01, 0x13, 0x00, 0x35, 0x00, 0x00, 0x00, 0x00, 0x00,
    0x00, 0x00, 0x35, 0x01, 0x00, 0x00, 0x00, 0x00, 0x00, 0x00, 0x24, 0x00, 0x29, 0x02, 0x4e, 0x63,
    0x01, 0x00, 0x00, 0x00, 0x00, 0x00, 0x00, 0x00, 0x00, 0x00, 0x00, 0x00, 0x03, 0x00, 0x00, 0x00,
    0x33, 0x00, 0x00, 0x00, 0xf3, 0x36, 0x00, 0x00, 0x00, 0x3e, 0x01, 0x23, 0x00, 0x20, 0x00, 0x95,
    0x00, 0x55, 0x00, 0x13, 0x00, 0x48, 0x0e, 0x00, 0x00, 0x6f, 0x11, 0x54, 0x02, 0x3b, 0x00, 0x00,
    0x00, 0x64, 0x02, 0x00, 0x00, 0x4d, 0x0a, 0x00, 0x00, 0x55, 0x01, 0x76, 0x00, 0x95, 0x05, 0x20,
    0x00, 0x4d, 0x10, 0x00, 0x00, 0x0b, 0x00, 0x20, 0x00, 0x67, 0x00, 0x37, 0x03, 0x66, 0x01, 0x72,
    0x06, 0x00, 0x00, 0x00, 0x72, 0x07, 0x00, 0x00, 0x00, 0xa9, 0x03, 0x72, 0x0c, 0x01, 0x00, 0x00,
    0x72, 0x66, 0x00, 0x00, 0x00, 0x72, 0x44, 0x00, 0x00, 0x00, 0x73, 0x03, 0x00, 0x00, 0x00, 0x20,
    0x20, 0x80, 0x72, 0x09, 0x00, 0x00, 0x00, 0x72, 0x0f, 0x01, 0x00, 0x00, 0xda, 0x1e, 0x53, 0x65,
    0x74, 0x2e, 0x5f, 0x5f, 0x61, 0x6e, 0x64, 0x5f, 0x5f, 0x2e, 0x3c, 0x6c, 0x6f, 0x63, 0x61, 0x6c,
    0x73, 0x3e, 0x2e, 0x3c, 0x67, 0x65, 0x6e, 0x65, 0x78, 0x70, 0x72, 0x3e, 0x71, 0x02, 0x00, 0x00,
    0x73, 0x17, 0x00, 0x00, 0x00, 0xf8, 0xe9, 0x00, 0x80, 0x00, 0xd0, 0x22, 0x4d, 0xb2, 0x65, 0xa8,
    0x55, 0xc8, 0x04, 0xb9, 0x7d, 0xa7, 0x35, 0xa1, 0x35, 0xb2, 0x65, 0xf9, 0x73, 0x08, 0x00, 0x00,
    0x00, 0x83, 0x09, 0x19, 0x01, 0x90, 0x09, 0x19, 0x01, 0xa9, 0x04, 0x72, 0xe5, 0x00, 0x00, 0x00,
    0x72, 0x11, 0x00, 0x00, 0x00, 0x72, 0x38, 0x00, 0x00, 0x00, 0x72, 0x3b, 0x01, 0x00, 0x00, 0x72,
    0x2b, 0x01, 0x00, 0x00, 0x73, 0x02, 0x00, 0x00, 0x00, 0x60, 0x20, 0x72, 0x09, 0x00, 0x00, 0x00,
    0xda, 0x07, 0x5f, 0x5f, 0x61, 0x6e, 0x64, 0x5f, 0x5f, 0xda, 0x0b, 0x53, 0x65, 0x74, 0x2e, 0x5f,
    0x5f, 0x61, 0x6e, 0x64, 0x5f, 0x5f, 0x6e, 0x02, 0x00, 0x00, 0x73, 0x2d, 0x00, 0x00, 0x00, 0xf8,
    0x80, 0x00, 0xdc, 0x0f, 0x19, 0x98, 0x25, 0xa4, 0x18, 0xd7, 0x0f, 0x2a, 0xd1, 0x0f, 0x2a, 0xdc,
    0x13, 0x21, 0xd0, 0x0c, 0x21, 0xd8, 0x0f, 0x13, 0xd7, 0x0f, 0x22, 0xd1, 0x0f, 0x22, 0xd4, 0x22,
    0x4d, 0xb1, 0x65, 0xd3, 0x22, 0x4d, 0xd3, 0x0f, 0x4d, 0xd0, 0x08, 0x4d, 0x72, 0x08, 0x00, 0x00,
    0x00, 0x63, 0x02, 0x00, 0x00, 0x00, 0x00, 0x00, 0x00, 0x00, 0x00, 0x00, 0x00, 0x00, 0x03, 0x00,
    0x00, 0x00, 0x03, 0x00, 0x00, 0x00, 0xf3, 0x24, 0x00, 0x00, 0x00, 0x95, 0x00, 0x55, 0x01, 0x13,
    0x00, 0x48, 0x0a, 0x00, 0x00, 0x6e, 0x02, 0x58, 0x20, 0x3b, 0x00, 0x00, 0x00, 0x64, 0x02, 0x00,
    0x00, 0x4d, 0x0a, 0x00, 0x00, 0x20, 0x00, 0x67, 0x01, 0x0b, 0x00, 0x20, 0x00, 0x67, 0x02, 0x29,
    0x03, 0x7a, 0x31, 0x52, 0x65, 0x74, 0x75, 0x72, 0x6e, 0x20, 0x54, 0x72, 0x75, 0x65, 0x20, 0x69,
    0x66, 0x20, 0x74, 0x77, 0x6f, 0x20, 0x73, 0x65, 0x74, 0x73, 0x20, 0x68, 0x61, 0x76, 0x65, 0x20,
    0x61, 0x20, 0x6e, 0x75, 0x6c, 0x6c, 0x20, 0x69, 0x6e, 0x74, 0x65, 0x72, 0x73, 0x65, 0x63, 0x74,
    0x69, 0x6f, 0x6e, 0x2e, 0x46, 0x54, 0x72, 0x07, 0x00, 0x00, 0x00, 0x29, 0x03, 0x72, 0x44, 0x00,
    0x00, 0x00, 0x72, 0x25, 0x01, 0x00, 0x00, 0x72, 0x66, 0x00, 0x00, 0x00, 0x73, 0x03, 0x00, 0x00,
    0x00, 0x20, 0x20, 0x20, 0x72, 0x09, 0x00, 0x00, 0x00, 0xda, 0x0a, 0x69, 0x73, 0x64, 0x69, 0x73,
    0x6a, 0x6f, 0x69, 0x6e, 0x74, 0xda, 0x0e, 0x53, 0x65, 0x74, 0x2e, 0x69, 0x73, 0x64, 0x69, 0x73,
    0x6a, 0x6f, 0x69, 0x6e, 0x74, 0x75, 0x02, 0x00, 0x00, 0x73, 0x19, 0x00, 0x00, 0x00, 0x80, 0x00,
    0xe3, 0x15, 0x1a, 0x88, 0x45, 0xd8, 0x0f, 0x14, 0x8d, 0x7d, 0xd9, 0x17, 0x1c, 0xf1, 0x05, 0x00,
    0x16, 0x1b, 0xf0, 0x06, 0x00, 0x10, 0x14, 0x72, 0x08, 0x00, 0x00, 0x00, 0x63, 0x02, 0x00, 0x00,
    0x00, 0x00, 0x00, 0x00, 0x00, 0x00, 0x00, 0x00, 0x00, 0x04, 0x00, 0x00, 0x00, 0x03, 0x00, 0x00,
    0x00, 0xf3, 0x6e, 0x00, 0x00, 0x00, 0x95, 0x00, 0x5b, 0x01, 0x00, 0x00, 0x00, 0x00, 0x00, 0x00,
    0x00, 0x00, 0x55, 0x01, 0x5b, 0x02, 0x00, 0x00, 0x00, 0x00, 0x00, 0x00, 0x00, 0x00, 0x35, 0x02,
    0x00, 0x00, 0x00, 0x00, 0x00, 0x00, 0x28, 0x00, 0x00, 0x00, 0x00, 0x00, 0x00, 0x00, 0x64, 0x06,
    0x00, 0x00, 0x5b, 0x04, 0x00, 0x00, 0x00, 0x00, 0x00, 0x00, 0x00, 0x00, 0x24, 0x00, 0x53, 0x01,
    0x1a, 0x00, 0x58, 0x01, 0x34, 0x02, 0x13, 0x00, 0x35, 0x00, 0x00, 0x00, 0x00, 0x00, 0x00, 0x00,
    0x6e, 0x02, 0x55, 0x00, 0x52, 0x07, 0x00, 0x00, 0x00, 0x00, 0x00, 0x00, 0x00, 0x00, 0x00, 0x00,
    0x00, 0x00, 0x00, 0x00, 0x00, 0x00, 0x00, 0x00, 0x55, 0x02, 0x35, 0x01, 0x00, 0x00, 0x00, 0x00,
    0x00, 0x00, 0x24, 0x00, 0x29, 0x02, 0x4e, 0x63, 0x01, 0x00, 0x00, 0x00, 0x00, 0x00, 0x00, 0x00,
    0x00, 0x00, 0x00, 0x00, 0x03, 0x00, 0x00, 0x00, 0x33, 0x00, 0x00, 0x00, 0xf3, 0x36, 0x00, 0x00,
    0x00, 0x23, 0x00, 0x20, 0x00, 0x95, 0x00, 0x55, 0x00, 0x13, 0x00, 0x48, 0x0f, 0x00, 0x00, 0x6f,
    0x11, 0x13, 0x00, 0x13, 0x00, 0x48, 0x06, 0x00, 0x00, 0x6f, 0x22, 0x76, 0x00, 0x95, 0x05, 0x20,
    0x00, 0x4d, 0x08, 0x00, 0x00, 0x0b, 0x00, 0x20, 0x00, 0x4d, 0x11, 0x00, 0x00, 0x0b, 0x00, 0x20,
    0x00, 0x67, 0x00, 0x37, 0x03, 0x66, 0x01, 0x72, 0x06, 0x00, 0x00, 0x00, 0x72, 0x07, 0x00, 0x00,
    0x00, 0x29, 0x03, 0x72, 0x0c, 0x01, 0x00, 0x00, 0xda, 0x01, 0x73, 0xda, 0x01, 0x65, 0x73, 0x03,
    0x00, 0x00, 0x00, 0x20, 0x20, 0x20, 0x72, 0x09, 0x00, 0x00, 0x00, 0x72, 0x0f, 0x01, 0x00, 0x00,
    0xda, 0x1d, 0x53, 0x65, 0x74, 0x2e, 0x5f, 0x5f, 0x6f, 0x72, 0x5f, 0x5f, 0x2e, 0x3c, 0x6c, 0x6f,
    0x63, 0x61, 0x6c, 0x73, 0x3e, 0x2e, 0x3c, 0x67, 0x65, 0x6e, 0x65, 0x78, 0x70, 0x72, 0x3e, 0x7f,
    0x02, 0x00, 0x00, 0x73, 0x18, 0x00, 0x00, 0x00, 0xe9, 0x00, 0x80, 0x00, 0xd0, 0x10, 0x35, 0x9a,
    0x4d, 0x90, 0x71, 0xb3, 0x31, 0xa8, 0x61, 0x94, 0x11, 0xb1, 0x31, 0x91, 0x11, 0x9a, 0x4d, 0xf9,
    0x73, 0x04, 0x00, 0x00, 0x00, 0x82, 0x17, 0x19, 0x01, 0x72, 0x41, 0x01, 0x00, 0x00, 0x29, 0x03,
    0x72, 0x44, 0x00, 0x00, 0x00, 0x72, 0x25, 0x01, 0x00, 0x00, 0xda, 0x05, 0x63, 0x68, 0x61, 0x69,
    0x6e, 0x73, 0x03, 0x00, 0x00, 0x00, 0x20, 0x20, 0x20, 0x72, 0x09, 0x00, 0x00, 0x00, 0xda, 0x06,
    0x5f, 0x5f, 0x6f, 0x72, 0x5f, 0x5f, 0xda, 0x0a, 0x53, 0x65, 0x74, 0x2e, 0x5f, 0x5f, 0x6f, 0x72,
    0x5f, 0x5f, 0x7c, 0x02, 0x00, 0x00, 0x73, 0x32, 0x00, 0x00, 0x00, 0x80, 0x00, 0xdc, 0x0f, 0x19,
    0x98, 0x25, 0xa4, 0x18, 0xd7, 0x0f, 0x2a, 0xd1, 0x0f, 0x2a, 0xdc, 0x13, 0x21, 0xd0, 0x0c, 0x21,
    0xd9, 0x10, 0x35, 0x98, 0x54, 0x99, 0x4d, 0xd3, 0x10, 0x35, 0x88, 0x05, 0xd8, 0x0f, 0x13, 0xd7,
    0x0f, 0x22, 0xd1, 0x0f, 0x22, 0xa0, 0x35, 0xd3, 0x0f, 0x29, 0xd0, 0x08, 0x29, 0x72, 0x08, 0x00,
    0x00, 0x00, 0x63, 0x02, 0x00, 0x00, 0x00, 0x00, 0x00, 0x00, 0x00, 0x00, 0x00, 0x00, 0x00, 0x04,
    0x00, 0x00, 0x00, 0x03, 0x00, 0x00, 0x00, 0xf3, 0xbc, 0x00, 0x00, 0x00, 0x5e, 0x01, 0x95, 0x00,
    0x5b, 0x01, 0x00, 0x00, 0x00, 0x00, 0x00, 0x00, 0x00, 0x00, 0x54, 0x01, 0x5b, 0x02, 0x00, 0x00,
    0x00, 0x00, 0x00, 0x00, 0x00, 0x00, 0x35, 0x02, 0x00, 0x00, 0x00, 0x00, 0x00, 0x00, 0x28, 0x00,
    0x00, 0x00, 0x00, 0x00, 0x00, 0x00, 0x64, 0x2c, 0x00, 0x00, 0x5b, 0x01, 0x00, 0x00, 0x00, 0x00,
    0x00, 0x00, 0x00, 0x00, 0x54, 0x01, 0x5b, 0x04, 0x00, 0x00, 0x00, 0x00, 0x00, 0x00, 0x00, 0x00,
    0x35, 0x02, 0x00, 0x00, 0x00, 0x00, 0x00, 0x00, 0x28, 0x00, 0x00, 0x00, 0x00, 0x00, 0x00, 0x00,
    0x64, 0x06, 0x00, 0x00, 0x5b, 0x06, 0x00, 0x00, 0x00, 0x00, 0x00, 0x00, 0x00, 0x00, 0x24, 0x00,
    0x55, 0x00, 0x52, 0x09, 0x00, 0x00, 0x00, 0x00, 0x00, 0x00, 0x00, 0x00, 0x00, 0x00, 0x00, 0x00,
    0x00, 0x00, 0x00, 0x00, 0x00, 0x00, 0x54, 0x01, 0x35, 0x01, 0x00, 0x00, 0x00, 0x00, 0x00, 0x00,
    0x6d, 0x01, 0x55, 0x00, 0x52, 0x09, 0x00, 0x00, 0x00, 0x00, 0x00, 0x00, 0x00, 0x00, 0x00, 0x00,
    0x00, 0x00, 0x00, 0x00, 0x00, 0x00, 0x00, 0x00, 0x55, 0x01, 0x34, 0x01, 0x53, 0x01, 0x1a, 0x00,
    0x6a, 0x08, 0x55, 0x00, 0x13, 0x00, 0x35, 0x00, 0x00, 0x00, 0x00, 0x00, 0x00, 0x00, 0x35, 0x01,
    0x00, 0x00, 0x00, 0x00, 0x00, 0x00, 0x24, 0x00, 0x29, 0x02, 0x4e, 0x63, 0x01, 0x00, 0x00, 0x00,
    0x00, 0x00, 0x00, 0x00, 0x00, 0x00, 0x00, 0x00, 0x03, 0x00, 0x00, 0x00, 0x33, 0x00, 0x00, 0x00,
    0xf3, 0x38, 0x00, 0x00, 0x00, 0x3e, 0x01, 0x23, 0x00, 0x20, 0x00, 0x95, 0x00, 0x55, 0x00, 0x13,
    0x00, 0x48, 0x0f, 0x00, 0x00, 0x6e, 0x01, 0x55, 0x01, 0x54, 0x02, 0x3b, 0x01, 0x00, 0x00, 0x64,
    0x02, 0x00, 0x00, 0x4d, 0x0b, 0x00, 0x00, 0x55, 0x01, 0x76, 0x00, 0x95, 0x05, 0x20, 0x00, 0x4d,
    0x11, 0x00, 0x00, 0x0b, 0x00, 0x20, 0x00, 0x67, 0x00, 0x37, 0x03, 0x66, 0x01, 0x72, 0x06, 0x00,
    0x00, 0x00, 0x72, 0x07, 0x00, 0x00, 0x00, 0x29, 0x03, 0x72, 0x0c, 0x01, 0x00, 0x00, 0x72, 0x66,
    0x00, 0x00, 0x00, 0x72, 0x25, 0x01, 0x00, 0x00, 0x73, 0x03, 0x00, 0x00, 0x00, 0x20, 0x20, 0x80,
    0x72, 0x09, 0x00, 0x00, 0x00, 0x72, 0x0f, 0x01, 0x00, 0x00, 0xda, 0x1e, 0x53, 0x65, 0x74, 0x2e,
    0x5f, 0x5f, 0x73, 0x75, 0x62, 0x5f, 0x5f, 0x2e, 0x3c, 0x6c, 0x6f, 0x63, 0x61, 0x6c, 0x73, 0x3e,
    0x2e, 0x3c, 0x67, 0x65, 0x6e, 0x65, 0x78, 0x70, 0x72, 0x3e, 0x89, 0x02, 0x00, 0x00, 0x73, 0x20,
    0x00, 0x00, 0x00, 0xf8, 0xe9, 0x00, 0x80, 0x00, 0xf0, 0x00, 0x01, 0x23, 0x3a, 0xb2, 0x64, 0xa8,
    0x55, 0xd8, 0x26, 0x2b, 0xb0, 0x35, 0xd1, 0x26, 0x38, 0xf7, 0x03, 0x00, 0x24, 0x29, 0xa1, 0x35,
    0xb2, 0x64, 0xf9, 0xf3, 0x08, 0x00, 0x00, 0x00, 0x83, 0x0a, 0x1a, 0x01, 0x91, 0x09, 0x1a, 0x01,
    0xa9, 0x05, 0x72, 0xe5, 0x00, 0x00, 0x00, 0x72, 0x19, 0x00, 0x00, 0x00, 0x72, 0x11, 0x00, 0x00,
    0x00, 0x72, 0x38, 0x00, 0x00, 0x00, 0x72, 0x3b, 0x01, 0x00, 0x00, 0x72, 0x2b, 0x01, 0x00, 0x00,
    0x73, 0x02, 0x00, 0x00, 0x00, 0x20, 0x60, 0x72, 0x09, 0x00, 0x00, 0x00, 0xda, 0x07, 0x5f, 0x5f,
    0x73, 0x75, 0x62, 0x5f, 0x5f, 0xda, 0x0b, 0x53, 0x65, 0x74, 0x2e, 0x5f, 0x5f, 0x73, 0x75, 0x62,
    0x5f, 0x5f, 0x84, 0x02, 0x00, 0x00, 0x73, 0x52, 0x00, 0x00, 0x00, 0xf8, 0x80, 0x00, 0xdc, 0x0f,
    0x19, 0x98, 0x25, 0xa4, 0x13, 0xd7, 0x0f, 0x25, 0xd1, 0x0f, 0x25, 0xdc, 0x13, 0x1d, 0x98, 0x65,
    0xa4, 0x58, 0xd7, 0x13, 0x2e, 0xd1, 0x13, 0x2e, 0xdc, 0x17, 0x25, 0xd0, 0x10, 0x25, 0xd8, 0x14,
    0x18, 0xd7, 0x14, 0x27, 0xd1, 0x14, 0x27, 0xa8, 0x05, 0xd3, 0x14, 0x2e, 0x88, 0x45, 0xd8, 0x0f,
    0x13, 0xd7, 0x0f, 0x22, 0xd1, 0x0f, 0x22, 0xf4, 0x00, 0x01, 0x23, 0x3a, 0xb1, 0x64, 0xf3, 0x00,
    0x01, 0x23, 0x3a, 0xf3, 0x00, 0x01, 0x10, 0x3a, 0xf0, 0x00, 0x01, 0x09, 0x3a, 0x72, 0x08, 0x00,
    0x00, 0x00, 0x63, 0x02, 0x00, 0x00, 0x00, 0x00, 0x00, 0x00, 0x00, 0x00, 0x00, 0x00, 0x00, 0x04,
    0x00, 0x00, 0x00, 0x03, 0x00, 0x00, 0x00, 0xf3, 0xbc, 0x00, 0x00, 0x00, 0x5e, 0x00, 0x95, 0x00,
    0x5b, 0x01, 0x00, 0x00, 0x00, 0x00, 0x00, 0x00, 0x00, 0x00, 0x55, 0x01, 0x5b, 0x02, 0x00, 0x00,
    0x00, 0x00, 0x00, 0x00, 0x00, 0x00, 0x35, 0x02, 0x00, 0x00, 0x00, 0x00, 0x00, 0x00, 0x28, 0x00,
    0x00, 0x00, 0x00, 0x00, 0x00, 0x00, 0x64, 0x2c, 0x00, 0x00, 0x5b, 0x01, 0x00, 0x00, 0x00, 0x00,
    0x00, 0x00, 0x00, 0x00, 0x55, 0x01, 0x5b, 0x04, 0x00, 0x00, 0x00, 0x00, 0x00, 0x00, 0x00, 0x00,
    0x35, 0x02, 0x00, 0x00, 0x00, 0x00, 0x00, 0x00, 0x28, 0x00, 0x00, 0x00, 0x00, 0x00, 0x00, 0x00,
    0x64, 0x06, 0x00, 0x00, 0x5b, 0x06, 0x00, 0x00, 0x00, 0x00, 0x00, 0x00, 0x00, 0x00, 0x24, 0x00,
    0x54, 0x00, 0x52, 0x09, 0x00, 0x00, 0x00, 0x00, 0x00, 0x00, 0x00, 0x00, 0x00, 0x00, 0x00, 0x00,
    0x00, 0x00, 0x00, 0x00, 0x00, 0x00, 0x55, 0x01, 0x35, 0x01, 0x00, 0x00, 0x00, 0x00, 0x00, 0x00,
    0x6e, 0x01, 0x54, 0x00, 0x52, 0x09, 0x00, 0x00, 0x00, 0x00, 0x00, 0x00, 0x00, 0x00, 0x00, 0x00,
    0x00, 0x00, 0x00, 0x00, 0x00, 0x00, 0x00, 0x00, 0x55, 0x00, 0x34, 0x01, 0x53, 0x01, 0x1a, 0x00,
    0x6a, 0x08, 0x55, 0x01, 0x13, 0x00, 0x35, 0x00, 0x00, 0x00, 0x00, 0x00, 0x00, 0x00, 0x35, 0x01,
    0x00, 0x00, 0x00, 0x00, 0x00, 0x00, 0x24, 0x00, 0x29, 0x02, 0x4e, 0x63, 0x01, 0x00, 0x00, 0x00,
    0x00, 0x00, 0x00, 0x00, 0x00, 0x00, 0x00, 0x00, 0x03, 0x00, 0x00, 0x00, 0x33, 0x00, 0x00, 0x00,
    0xf3, 0x38, 0x00, 0x00, 0x00, 0x3e, 0x01, 0x23, 0x00, 0x20, 0x00, 0x95, 0x00, 0x55, 0x00, 0x13,
    0x00, 0x48, 0x0f, 0x00, 0x00, 0x6e, 0x01, 0x55, 0x01, 0x54, 0x02, 0x3b, 0x01, 0x00, 0x00, 0x64,
    0x02, 0x00, 0x00, 0x4d, 0x0b, 0x00, 0x00, 0x55, 0x01, 0x76, 0x00, 0x95, 0x05, 0x20, 0x00, 0x4d,
    0x11, 0x00, 0x00, 0x0b, 0x00, 0x20, 0x00, 0x67, 0x00, 0x37, 0x03, 0x66, 0x01, 0x72, 0x06, 0x00,
    0x00, 0x00, 0x72, 0x07, 0x00, 0x00, 0x00, 0x72, 0x3f, 0x01, 0x00, 0x00, 0x73, 0x03, 0x00, 0x00,
    0x00, 0x20, 0x20, 0x80, 0x72, 0x09, 0x00, 0x00, 0x00, 0x72, 0x0f, 0x01, 0x00, 0x00, 0xda, 0x1f,
    0x53, 0x65, 0x74, 0x2e, 0x5f, 0x5f, 0x72, 0x73, 0x75, 0x62, 0x5f, 0x5f, 0x2e, 0x3c, 0x6c, 0x6f,
    0x63, 0x61, 0x6c, 0x73, 0x3e, 0x2e, 0x3c, 0x67, 0x65, 0x6e, 0x65, 0x78, 0x70, 0x72, 0x3e, 0x91,
    0x02, 0x00, 0x00, 0x73, 0x20, 0x00, 0x00, 0x00, 0xf8, 0xe9, 0x00, 0x80, 0x00, 0xf0, 0x00, 0x01,
    0x23, 0x39, 0xb2, 0x65, 0xa8, 0x55, 0xd8, 0x26, 0x2b, 0xb0, 0x34, 0xd1, 0x26, 0x37, 0xf7, 0x03,
    0x00, 0x24, 0x29, 0xa1, 0x35, 0xb2, 0x65, 0xf9, 0x72, 0x52, 0x01, 0x00, 0x00, 0x72, 0x53, 0x01,
    0x00, 0x00, 0x72, 0x2b, 0x01, 0x00, 0x00, 0x73, 0x02, 0x00, 0x00, 0x00, 0x60, 0x20, 0x72, 0x09,
    0x00, 0x00, 0x00, 0xda, 0x08, 0x5f, 0x5f, 0x72, 0x73, 0x75, 0x62, 0x5f, 0x5f, 0xda, 0x0c, 0x53,
    0x65, 0x74, 0x2e, 0x5f, 0x5f, 0x72, 0x73, 0x75, 0x62, 0x5f, 0x5f, 0x8c, 0x02, 0x00, 0x00, 0x73,
    0x52, 0x00, 0x00, 0x00, 0xf8, 0x80, 0x00, 0xdc, 0x0f, 0x19, 0x98, 0x25, 0xa4, 0x13, 0xd7, 0x0f,
    0x25, 0xd1, 0x0f, 0x25, 0xdc, 0x13, 0x1d, 0x98, 0x65, 0xa4, 0x58, 0xd7, 0x13, 0x2e, 0xd1, 0x13,
    0x2e, 0xdc, 0x17, 0x25, 0xd0, 0x10, 0x25, 0xd8, 0x14, 0x18, 0xd7, 0x14, 0x27, 0xd1, 0x14, 0x27,
    0xa8, 0x05, 0xd3, 0x14, 0x2e, 0x88, 0x45, 0xd8, 0x0f, 0x13, 0xd7, 0x0f, 0x22, 0xd1, 0x0f, 0x22,
    0xf4, 0x00, 0x01, 0x23, 0x39, 0xb1, 0x65, 0xf3, 0x00, 0x01, 0x23, 0x39, 0xf3, 0x00, 0x01, 0x10,
    0x39, 0xf0, 0x00, 0x01, 0x09, 0x39, 0x72, 0x08, 0x00, 0x00, 0x00, 0x63, 0x02, 0x00, 0x00, 0x00,
    0x00, 0x00, 0x00, 0x00, 0x00, 0x00, 0x00, 0x00, 0x04, 0x00, 0x00, 0x00, 0x03, 0x00, 0x00, 0x00,
    0xf3, 0x96, 0x00, 0x00, 0x00, 0x95, 0x00, 0x5b, 0x01, 0x00, 0x00, 0x00, 0x00, 0x00, 0x00, 0x00,
    0x00, 0x55, 0x01, 0x5b, 0x02, 0x00, 0x00, 0x00, 0x00, 0x00, 0x00, 0x00, 0x00, 0x35, 0x02, 0x00,
    0x00, 0x00, 0x00, 0x00, 0x00, 0x28, 0x00, 0x00, 0x00, 0x00, 0x00, 0x00, 0x00, 0x64, 0x2c, 0x00,
    0x00, 0x5b, 0x01, 0x00, 0x00, 0x00, 0x00, 0x00, 0x00, 0x00, 0x00, 0x55, 0x01, 0x5b, 0x04, 0x00,
    0x00, 0x00, 0x00, 0x00, 0x00, 0x00, 0x00, 0x35, 0x02, 0x00, 0x00, 0x00, 0x00, 0x00, 0x00, 0x28,
    0x00, 0x00, 0x00, 0x00, 0x00, 0x00, 0x00, 0x64, 0x06, 0x00, 0x00, 0x5b, 0x06, 0x00, 0x00, 0x00,
    0x00, 0x00, 0x00, 0x00, 0x00, 0x24, 0x00, 0x55, 0x00, 0x52, 0x09, 0x00, 0x00, 0x00, 0x00, 0x00,
    0x00, 0x00, 0x00, 0x00, 0x00, 0x00, 0x00, 0x00, 0x00, 0x00, 0x00, 0x00, 0x00, 0x55, 0x01, 0x35,
    0x01, 0x00, 0x00, 0x00, 0x00, 0x00, 0x00, 0x6e, 0x01, 0x58, 0x01, 0x2d, 0x0a, 0x00, 0x00, 0x58,
    0x10, 0x2d, 0x0a, 0x00, 0x00, 0x2d, 0x07, 0x00, 0x00, 0x24, 0x00, 0x72, 0x06, 0x00, 0x00, 0x00,
    0x72, 0x53, 0x01, 0x00, 0x00, 0x72, 0x2b, 0x01, 0x00, 0x00, 0x73, 0x02, 0x00, 0x00, 0x00, 0x20,
    0x20, 0x72, 0x09, 0x00, 0x00, 0x00, 0xda, 0x07, 0x5f, 0x5f, 0x78, 0x6f, 0x72, 0x5f, 0x5f, 0xda,
    0x0b, 0x53, 0x65, 0x74, 0x2e, 0x5f, 0x5f, 0x78, 0x6f, 0x72, 0x5f, 0x5f, 0x94, 0x02, 0x00, 0x00,
    0x73, 0x41, 0x00, 0x00, 0x00, 0x80, 0x00, 0xdc, 0x0f, 0x19, 0x98, 0x25, 0xa4, 0x13, 0xd7, 0x0f,
    0x25, 0xd1, 0x0f, 0x25, 0xdc, 0x13, 0x1d, 0x98, 0x65, 0xa4, 0x58, 0xd7, 0x13, 0x2e, 0xd1, 0x13,
    0x2e, 0xdc, 0x17, 0x25, 0xd0, 0x10, 0x25, 0xd8, 0x14, 0x18, 0xd7, 0x14, 0x27, 0xd1, 0x14, 0x27,
    0xa8, 0x05, 0xd3, 0x14, 0x2e, 0x88, 0x45, 0xd8, 0x10, 0x14, 0x91, 0x0c, 0xa0, 0x15, 0xa1, 0x1c,
    0xd1, 0x0f, 0x2e, 0xd0, 0x08, 0x2e, 0x72, 0x08, 0x00, 0x00, 0x00, 0x63, 0x01, 0x00, 0x00, 0x00,
    0x00, 0x00, 0x00, 0x00, 0x00, 0x00, 0x00, 0x00, 0x05, 0x00, 0x00, 0x00, 0x03, 0x00, 0x00, 0x00,
    0xf3, 0x0e, 0x01, 0x00, 0x00, 0x95, 0x00, 0x5b, 0x00, 0x00, 0x00, 0x00, 0x00, 0x00, 0x00, 0x00,
    0x00, 0x52, 0x02, 0x00, 0x00, 0x00, 0x00, 0x00, 0x00, 0x00, 0x00, 0x00, 0x00, 0x00, 0x00, 0x00,
    0x00, 0x00, 0x00, 0x00, 0x00, 0x6e, 0x01, 0x53, 0x01, 0x55, 0x01, 0x2d, 0x05, 0x00, 0x00, 0x53,
    0x02, 0x2d, 0x00, 0x00, 0x00, 0x6e, 0x02, 0x5b, 0x05, 0x00, 0x00, 0x00, 0x00, 0x00, 0x00, 0x00,
    0x00, 0x55, 0x00, 0x35, 0x01, 0x00, 0x00, 0x00, 0x00, 0x00, 0x00, 0x6e, 0x03, 0x53, 0x03, 0x55,
    0x03, 0x53, 0x02, 0x2d, 0x00, 0x00, 0x00, 0x2d, 0x05, 0x00, 0x00, 0x6e, 0x04, 0x58, 0x42, 0x2d,
    0x0e, 0x00, 0x00, 0x6e, 0x04, 0x55, 0x00, 0x13, 0x00, 0x48, 0x22, 0x00, 0x00, 0x6e, 0x05, 0x5b,
    0x07, 0x00, 0x00, 0x00, 0x00, 0x00, 0x00, 0x00, 0x00, 0x55, 0x05, 0x35, 0x01, 0x00, 0x00, 0x00,
    0x00, 0x00, 0x00, 0x6e, 0x06, 0x58, 0x46, 0x55, 0x06, 0x53, 0x04, 0x2d, 0x03, 0x00, 0x00, 0x2d,
    0x0c, 0x00, 0x00, 0x53, 0x05, 0x2d, 0x0c, 0x00, 0x00, 0x53, 0x06, 0x2d, 0x05, 0x00, 0x00, 0x2d,
    0x19, 0x00, 0x00, 0x6e, 0x04, 0x58, 0x42, 0x2d, 0x0e, 0x00, 0x00, 0x6e, 0x04, 0x4d, 0x24, 0x00,
    0x00, 0x0b, 0x00, 0x20, 0x00, 0x58, 0x44, 0x53, 0x07, 0x2d, 0x09, 0x00, 0x00, 0x55, 0x04, 0x53,
    0x08, 0x2d, 0x09, 0x00, 0x00, 0x2d, 0x0c, 0x00, 0x00, 0x2d, 0x19, 0x00, 0x00, 0x6e, 0x04, 0x55,
    0x04, 0x53, 0x09, 0x2d, 0x05, 0x00, 0x00, 0x53, 0x0a, 0x2d, 0x00, 0x00, 0x00, 0x6e, 0x04, 0x58,
    0x42, 0x2d, 0x0e, 0x00, 0x00, 0x6e, 0x04, 0x58, 0x41, 0x3a, 0x94, 0x00, 0x00, 0x61, 0x07, 0x00,
    0x00, 0x58, 0x42, 0x53, 0x02, 0x2d, 0x00, 0x00, 0x00, 0x2d, 0x17, 0x00, 0x00, 0x6e, 0x04, 0x55,
    0x04, 0x53, 0x0b, 0x3a, 0x58, 0x00, 0x00, 0x61, 0x02, 0x00, 0x00, 0x53, 0x0c, 0x6e, 0x04, 0x55,
    0x04, 0x24, 0x00, 0x29, 0x0d, 0x61, 0xdb, 0x01, 0x00, 0x00, 0x43, 0x6f, 0x6d, 0x70, 0x75, 0x74,
    0x65, 0x20, 0x74, 0x68, 0x65, 0x20, 0x68, 0x61, 0x73, 0x68, 0x20, 0x76, 0x61, 0x6c, 0x75, 0x65,
    0x20, 0x6f, 0x66, 0x20, 0x61, 0x20, 0x73, 0x65, 0x74, 0x2e, 0x0a, 0x0a, 0x4e, 0x6f, 0x74, 0x65,
    0x20, 0x74, 0x68, 0x61, 0x74, 0x20, 0x77, 0x65, 0x20, 0x64, 0x6f, 0x6e, 0x27, 0x74, 0x20, 0x64,
    0x65, 0x66, 0x69, 0x6e, 0x65, 0x20, 0x5f, 0x5f, 0x68, 0x61, 0x73, 0x68, 0x5f, 0x5f, 0x3a, 0x20,
    0x6e, 0x6f, 0x74, 0x20, 0x61, 0x6c, 0x6c, 0x20, 0x73, 0x65, 0x74, 0x73, 0x20, 0x61, 0x72, 0x65,
    0x20, 0x68, 0x61, 0x73, 0x68, 0x61, 0x62, 0x6c, 0x65, 0x2e, 0x0a, 0x42, 0x75, 0x74, 0x20, 0x69,
    0x66, 0x20, 0x79, 0x6f, 0x75, 0x20, 0x64, 0x65, 0x66, 0x69, 0x6e, 0x65, 0x20, 0x61, 0x20, 0x68,
    0x61, 0x73, 0x68, 0x61, 0x62, 0x6c, 0x65, 0x20, 0x73, 0x65, 0x74, 0x20, 0x74, 0x79, 0x70, 0x65,
    0x2c, 0x20, 0x69, 0x74, 0x73, 0x20, 0x5f, 0x5f, 0x68, 0x61, 0x73, 0x68, 0x5f, 0x5f, 0x20, 0x73,
    0x68, 0x6f, 0x75, 0x6c, 0x64, 0x0a, 0x63, 0x61, 0x6c, 0x6c, 0x20, 0x74, 0x68, 0x69, 0x73, 0x20,
    0x66, 0x75, 0x6e, 0x63, 0x74, 0x69, 0x6f, 0x6e, 0x2e, 0x0a, 0x0a, 0x54, 0x68, 0x69, 0x73, 0x20,
    0x6d, 0x75, 0x73, 0x74, 0x20, 0x62, 0x65, 0x20, 0x63, 0x6f, 0x6d, 0x70, 0x61, 0x74, 0x69, 0x62,
    0x6c, 0x65, 0x20, 0x5f, 0x5f, 0x65, 0x71, 0x5f, 0x5f, 0x2e, 0x0a, 0x0a, 0x41, 0x6c, 0x6c, 0x20,
    0x73, 0x65, 0x74, 0x73, 0x20, 0x6f, 0x75, 0x67, 0x68, 0x74, 0x20, 0x74, 0x6f, 0x20, 0x63, 0x6f,
    0x6d, 0x70, 0x61, 0x72, 0x65, 0x20, 0x65, 0x71, 0x75, 0x61, 0x6c, 0x20, 0x69, 0x66, 0x20, 0x74,
    0x68, 0x65, 0x79, 0x20, 0x63, 0x6f, 0x6e, 0x74, 0x61, 0x69, 0x6e, 0x20, 0x74, 0x68, 0x65, 0x20,
    0x73, 0x61, 0x6d, 0x65, 0x0a, 0x65, 0x6c, 0x65, 0x6d, 0x65, 0x6e, 0x74, 0x73, 0x2c, 0x20, 0x72,
    0x65, 0x67, 0x61, 0x72, 0x64, 0x6c, 0x65, 0x73, 0x73, 0x20, 0x6f, 0x66, 0x20, 0x68, 0x6f, 0x77,
    0x20, 0x74, 0x68, 0x65, 0x79, 0x20, 0x61, 0x72, 0x65, 0x20, 0x69, 0x6d, 0x70, 0x6c, 0x65, 0x6d,
    0x65, 0x6e, 0x74, 0x65, 0x64, 0x2c, 0x20, 0x61, 0x6e, 0x64, 0x0a, 0x72, 0x65, 0x67, 0x61, 0x72,
    0x64, 0x6c, 0x65, 0x73, 0x73, 0x20, 0x6f, 0x66, 0x20, 0x74, 0x68, 0x65, 0x20, 0x6f, 0x72, 0x64,
    0x65, 0x72, 0x20, 0x6f, 0x66, 0x20, 0x74, 0x68, 0x65, 0x20, 0x65, 0x6c, 0x65, 0x6d, 0x65, 0x6e,
    0x74, 0x73, 0x3b, 0x20, 0x73, 0x6f, 0x20, 0x74, 0x68, 0x65, 0x72, 0x65, 0x27, 0x73, 0x20, 0x6e,
    0x6f, 0x74, 0x20, 0x6d, 0x75, 0x63, 0x68, 0x0a, 0x66, 0x72, 0x65, 0x65, 0x64, 0x6f, 0x6d, 0x20,
    0x66, 0x6f, 0x72, 0x20, 0x5f, 0x5f, 0x65, 0x71, 0x5f, 0x5f, 0x20, 0x6f, 0x72, 0x20, 0x5f, 0x5f,
    0x68, 0x61, 0x73, 0x68, 0x5f, 0x5f, 0x2e, 0x20, 0x20, 0x57, 0x65, 0x20, 0x6d, 0x61, 0x74, 0x63,
    0x68, 0x20, 0x74, 0x68, 0x65, 0x20, 0x61, 0x6c, 0x67, 0x6f, 0x72, 0x69, 0x74, 0x68, 0x6d, 0x20,
    0x75, 0x73, 0x65, 0x64, 0x0a, 0x62, 0x79, 0x20, 0x74, 0x68, 0x65, 0x20, 0x62, 0x75, 0x69, 0x6c,
    0x74, 0x2d, 0x69, 0x6e, 0x20, 0x66, 0x72, 0x6f, 0x7a, 0x65, 0x6e, 0x73, 0x65, 0x74, 0x20, 0x74,
    0x79, 0x70, 0x65, 0x2e, 0x0a, 0x72, 0xe4, 0x00, 0x00, 0x00, 0x72, 0x25, 0x00, 0x00, 0x00, 0x69,
    0x4d, 0xef, 0xe8, 0x72, 0xe9, 0x10, 0x00, 0x00, 0x00, 0x69, 0xb3, 0x4d, 0x5b, 0x05, 0x6c, 0x03,
    0x00, 0x00, 0x00, 0xd7, 0x34, 0x7e, 0x32, 0x03, 0x00, 0xe9, 0x0b, 0x00, 0x00, 0x00, 0xe9, 0x19,
    0x00, 0x00, 0x00, 0x69, 0xcd, 0x0d, 0x01, 0x00, 0x69, 0xe3, 0xc3, 0x11, 0x36, 0x72, 0xf4, 0x00,
    0x00, 0x00, 0x69, 0xc1, 0xc7, 0x38, 0x23, 0x29, 0x04, 0x72, 0x29, 0x00, 0x00, 0x00, 0xda, 0x07,
    0x6d, 0x61, 0x78, 0x73, 0x69, 0x7a, 0x65, 0x72, 0xe7, 0x00, 0x00, 0x00, 0xda, 0x04, 0x68, 0x61,
    0x73, 0x68, 0x29, 0x07, 0x72, 0x44, 0x00, 0x00, 0x00, 0xda, 0x03, 0x4d, 0x41, 0x58, 0xda, 0x04,
    0x4d, 0x41, 0x53, 0x4b, 0xda, 0x01, 0x6e, 0xda, 0x01, 0x68, 0x72, 0xcc, 0x00, 0x00, 0x00, 0xda,
    0x02, 0x68, 0x78, 0x73, 0x07, 0x00, 0x00, 0x00, 0x20, 0x20, 0x20, 0x20, 0x20, 0x20, 0x20, 0x72,
    0x09, 0x00, 0x00, 0x00, 0xda, 0x05, 0x5f, 0x68, 0x61, 0x73, 0x68, 0xda, 0x09, 0x53, 0x65, 0x74,
    0x2e, 0x5f, 0x68, 0x61, 0x73, 0x68, 0x9d, 0x02, 0x00, 0x00, 0x73, 0xb9, 0x00, 0x00, 0x00, 0x80,
    0x00, 0xf4, 0x1e, 0x00, 0x0f, 0x12, 0x8f, 0x6b, 0x89, 0x6b, 0x88, 0x03, 0xd8, 0x0f, 0x10, 0x90,
    0x33, 0x89, 0x77, 0x98, 0x11, 0x89, 0x7b, 0x88, 0x04, 0xdc, 0x0c, 0x0f, 0x90, 0x04, 0x8b, 0x49,
    0x88, 0x01, 0xd8, 0x0c, 0x16, 0x98, 0x21, 0x98, 0x61, 0x99, 0x25, 0xd1, 0x0c, 0x20, 0x88, 0x01,
    0xd8, 0x08, 0x09, 0x89, 0x09, 0x88, 0x01, 0xdb, 0x11, 0x15, 0x88, 0x41, 0xdc, 0x11, 0x15, 0x90,
    0x61, 0x93, 0x17, 0x88, 0x42, 0xd8, 0x0c, 0x0d, 0x98, 0x02, 0x98, 0x62, 0x99, 0x08, 0x91, 0x2f,
    0xa0, 0x48, 0xd1, 0x12, 0x2c, 0xb0, 0x1a, 0xd1, 0x11, 0x3b, 0xd1, 0x0c, 0x3b, 0x88, 0x41, 0xd8,
    0x0c, 0x0d, 0x89, 0x49, 0x8a, 0x41, 0xf1, 0x07, 0x00, 0x12, 0x16, 0xf0, 0x08, 0x00, 0x09, 0x0a,
    0x90, 0x32, 0x89, 0x67, 0x98, 0x21, 0x98, 0x72, 0x99, 0x27, 0xd1, 0x0d, 0x22, 0xd1, 0x08, 0x22,
    0x88, 0x01, 0xd8, 0x0c, 0x0d, 0x90, 0x05, 0x89, 0x49, 0x98, 0x09, 0xd1, 0x0c, 0x21, 0x88, 0x01,
    0xd8, 0x08, 0x09, 0x89, 0x09, 0x88, 0x01, 0xd8, 0x0b, 0x0c, 0x8b, 0x37, 0xd8, 0x0c, 0x0d, 0x98,
    0x01, 0x91, 0x18, 0x89, 0x4d, 0x88, 0x41, 0xd8, 0x0b, 0x0c, 0x90, 0x02, 0x8b, 0x37, 0xd8, 0x10,
    0x19, 0x88, 0x41, 0xd8, 0x0f, 0x10, 0x88, 0x08, 0x72, 0x08, 0x00, 0x00, 0x00, 0x4e, 0x29, 0x18,
    0x72, 0x4e, 0x00, 0x00, 0x00, 0x72, 0x4f, 0x00, 0x00, 0x00, 0x72, 0x50, 0x00, 0x00, 0x00, 0x72,
    0x51, 0x00, 0x00, 0x00, 0x72, 0x04, 0x01, 0x00, 0x00, 0x72, 0x52, 0x00, 0x00, 0x00, 0x72, 0x27,
    0x01, 0x00, 0x00, 0x72, 0x2c, 0x01, 0x00, 0x00, 0x72, 0x31, 0x01, 0x00, 0x00, 0x72, 0x30, 0x01,
    0x00, 0x00, 0x72, 0x36, 0x01, 0x00, 0x00, 0x72, 0x53, 0x00, 0x00, 0x00, 0x72, 0x3b, 0x01, 0x00,
    0x00, 0x72, 0x42, 0x01, 0x00, 0x00, 0xda, 0x08, 0x5f, 0x5f, 0x72, 0x61, 0x6e, 0x64, 0x5f, 0x5f,
    0x72, 0x45, 0x01, 0x00, 0x00, 0x72, 0x4d, 0x01, 0x00, 0x00, 0xda, 0x07, 0x5f, 0x5f, 0x72, 0x6f,
    0x72, 0x5f, 0x5f, 0x72, 0x54, 0x01, 0x00, 0x00, 0x72, 0x59, 0x01, 0x00, 0x00, 0x72, 0x5c, 0x01,
    0x00, 0x00, 0xda, 0x08, 0x5f, 0x5f, 0x72, 0x78, 0x6f, 0x72, 0x5f, 0x5f, 0x72, 0x69, 0x01, 0x00,
    0x00, 0x72, 0x54, 0x00, 0x00, 0x00, 0x72, 0x07, 0x00, 0x00, 0x00, 0x72, 0x08, 0x00, 0x00, 0x00,
    0x72, 0x09, 0x00, 0x00, 0x00, 0x72, 0x19, 0x00, 0x00, 0x00, 0x72, 0x19, 0x00, 0x00, 0x00, 0x35,
    0x02, 0x00, 0x00, 0x73, 0x74, 0x00, 0x00, 0x00, 0x86, 0x00, 0xf1, 0x02, 0x08, 0x05, 0x08, 0xf0,
    0x14, 0x00, 0x11, 0x13, 0x80, 0x49, 0xf2, 0x04, 0x08, 0x05, 0x14, 0xf2, 0x14, 0x03, 0x05, 0x3d,
    0xf2, 0x0a, 0x03, 0x05, 0x3d, 0xf2, 0x0a, 0x08, 0x05, 0x14, 0xf2, 0x14, 0x03, 0x05, 0x3e, 0xf0,
    0x0a, 0x00, 0x06, 0x11, 0xf1, 0x02, 0x06, 0x05, 0x17, 0xf3, 0x03, 0x00, 0x06, 0x11, 0xf0, 0x02,
    0x06, 0x05, 0x17, 0xf2, 0x10, 0x03, 0x05, 0x4e, 0x01, 0xf0, 0x0a, 0x00, 0x10, 0x17, 0x80, 0x48,
    0xf2, 0x04, 0x05, 0x05, 0x14, 0xf2, 0x0e, 0x04, 0x05, 0x2a, 0xf0, 0x0c, 0x00, 0x0f, 0x15, 0x80,
    0x47, 0xf2, 0x04, 0x06, 0x05, 0x3a, 0xf2, 0x10, 0x06, 0x05, 0x39, 0xf2, 0x10, 0x05, 0x05, 0x2f,
    0xf0, 0x0e, 0x00, 0x10, 0x17, 0x80, 0x48, 0xf5, 0x04, 0x1f, 0x05, 0x11, 0x72, 0x08, 0x00, 0x00,
    0x00, 0x72, 0x19, 0x00, 0x00, 0x00, 0x63, 0x00, 0x00, 0x00, 0x00, 0x00, 0x00, 0x00, 0x00, 0x00,
    0x00, 0x00, 0x00, 0x02, 0x00, 0x00, 0x00, 0x00, 0x00, 0x00, 0x00, 0xf3, 0x66, 0x00, 0x00, 0x00,
    0x95, 0x00, 0x5c, 0x00, 0x72, 0x01, 0x53, 0x00, 0x72, 0x02, 0x53, 0x01, 0x72, 0x03, 0x53, 0x02,
    0x72, 0x04, 0x53, 0x03, 0x72, 0x05, 0x5c, 0x06, 0x53, 0x04, 0x1a, 0x00, 0x35, 0x00, 0x00, 0x00,
    0x00, 0x00, 0x00, 0x00, 0x72, 0x07, 0x5c, 0x06, 0x53, 0x05, 0x1a, 0x00, 0x35, 0x00, 0x00, 0x00,
    0x00, 0x00, 0x00, 0x00, 0x72, 0x08, 0x53, 0x06, 0x1a, 0x00, 0x72, 0x09, 0x53, 0x07, 0x1a, 0x00,
    0x72, 0x0a, 0x53, 0x08, 0x1a, 0x00, 0x72, 0x0b, 0x53, 0x09, 0x1a, 0x00, 0x72, 0x0c, 0x53, 0x0a,
    0x1a, 0x00, 0x72, 0x0d, 0x53, 0x0b, 0x1a, 0x00, 0x72, 0x0e, 0x53, 0x0c, 0x1a, 0x00, 0x72, 0x0f,
    0x53, 0x03, 0x72, 0x10, 0x67, 0x0d, 0x29, 0x0e, 0x72, 0x1a, 0x00, 0x00, 0x00, 0x69, 0xc2, 0x02,
    0x00, 0x00, 0x61, 0x6b, 0x01, 0x00, 0x00, 0x41, 0x20, 0x6d, 0x75, 0x74, 0x61, 0x62, 0x6c, 0x65,
    0x20, 0x73, 0x65, 0x74, 0x20, 0x69, 0x73, 0x20, 0x61, 0x20, 0x66, 0x69, 0x6e, 0x69, 0x74, 0x65,
    0x2c, 0x20, 0x69, 0x74, 0x65, 0x72, 0x61, 0x62, 0x6c, 0x65, 0x20, 0x63, 0x6f, 0x6e, 0x74, 0x61,
    0x69, 0x6e, 0x65, 0x72, 0x2e, 0x0a, 0x0a, 0x54, 0x68, 0x69, 0x73, 0x20, 0x63, 0x6c, 0x61, 0x73,
    0x73, 0x20, 0x70, 0x72, 0x6f, 0x76, 0x69, 0x64, 0x65, 0x73, 0x20, 0x63, 0x6f, 0x6e, 0x63, 0x72,
    0x65, 0x74, 0x65, 0x20, 0x67, 0x65, 0x6e, 0x65, 0x72, 0x69, 0x63, 0x20, 0x69, 0x6d, 0x70, 0x6c,
    0x65, 0x6d, 0x65, 0x6e, 0x74, 0x61, 0x74, 0x69, 0x6f, 0x6e, 0x73, 0x20, 0x6f, 0x66, 0x20, 0x61,
    0x6c, 0x6c, 0x0a, 0x6d, 0x65, 0x74, 0x68, 0x6f, 0x64, 0x73, 0x20, 0x65, 0x78, 0x63, 0x65, 0x70,
    0x74, 0x20, 0x66, 0x6f, 0x72, 0x20, 0x5f, 0x5f, 0x63, 0x6f, 0x6e, 0x74, 0x61, 0x69, 0x6e, 0x73,
    0x5f, 0x5f, 0x2c, 0x20, 0x5f, 0x5f, 0x69, 0x74, 0x65, 0x72, 0x5f, 0x5f, 0x2c, 0x20, 0x5f, 0x5f,
    0x6c, 0x65, 0x6e, 0x5f, 0x5f, 0x2c, 0x0a, 0x61, 0x64, 0x64, 0x28, 0x29, 0x2c, 0x20, 0x61, 0x6e,
    0x64, 0x20, 0x64, 0x69, 0x73, 0x63, 0x61, 0x72, 0x64, 0x28, 0x29, 0x2e, 0x0a, 0x0a, 0x54, 0x6f,
    0x20, 0x6f, 0x76, 0x65, 0x72, 0x72, 0x69, 0x64, 0x65, 0x20, 0x74, 0x68, 0x65, 0x20, 0x63, 0x6f,
    0x6d, 0x70, 0x61, 0x72, 0x69, 0x73, 0x6f, 0x6e, 0x73, 0x20, 0x28, 0x70, 0x72, 0x65, 0x73, 0x75,
    0x6d, 0x61, 0x62, 0x6c, 0x79, 0x20, 0x66, 0x6f, 0x72, 0x20, 0x73, 0x70, 0x65, 0x65, 0x64, 0x2c,
    0x20, 0x61, 0x73, 0x20, 0x74, 0x68, 0x65, 0x0a, 0x73, 0x65, 0x6d, 0x61, 0x6e, 0x74, 0x69, 0x63,
    0x73, 0x20, 0x61, 0x72, 0x65, 0x20, 0x66, 0x69, 0x78, 0x65, 0x64, 0x29, 0x2c, 0x20, 0x61, 0x6c,
    0x6c, 0x20, 0x79, 0x6f, 0x75, 0x20, 0x68, 0x61, 0x76, 0x65, 0x20, 0x74, 0x6f, 0x20, 0x64, 0x6f,
    0x20, 0x69, 0x73, 0x20, 0x72, 0x65, 0x64, 0x65, 0x66, 0x69, 0x6e, 0x65, 0x20, 0x5f, 0x5f, 0x6c,
    0x65, 0x5f, 0x5f, 0x20, 0x61, 0x6e, 0x64, 0x0a, 0x74, 0x68, 0x65, 0x6e, 0x20, 0x74, 0x68, 0x65,
    0x20, 0x6f, 0x74, 0x68, 0x65, 0x72, 0x20, 0x6f, 0x70, 0x65, 0x72, 0x61, 0x74, 0x69, 0x6f, 0x6e,
    0x73, 0x20, 0x77, 0x69, 0x6c, 0x6c, 0x20, 0x61, 0x75, 0x74, 0x6f, 0x6d, 0x61, 0x74, 0x69, 0x63,
    0x61, 0x6c, 0x6c, 0x79, 0x20, 0x66, 0x6f, 0x6c, 0x6c, 0x6f, 0x77, 0x20, 0x73, 0x75, 0x69, 0x74,
    0x2e, 0x0a, 0x72, 0x07, 0x00, 0x00, 0x00, 0x63, 0x02, 0x00, 0x00, 0x00, 0x00, 0x00, 0x00, 0x00,
    0x00, 0x00, 0x00, 0x00, 0x01, 0x00, 0x00, 0x00, 0x03, 0x00, 0x00, 0x00, 0xf3, 0x0e, 0x00, 0x00,
    0x00, 0x95, 0x00, 0x5b, 0x00, 0x00, 0x00, 0x00, 0x00, 0x00, 0x00, 0x00, 0x00, 0x65, 0x01, 0x29,
    0x01, 0x7a, 0x0f, 0x41, 0x64, 0x64, 0x20, 0x61, 0x6e, 0x20, 0x65, 0x6c, 0x65, 0x6d, 0x65, 0x6e,
    0x74, 0x2e, 0x72, 0xd9, 0x00, 0x00, 0x00, 0x72, 0x65, 0x00, 0x00, 0x00, 0x73, 0x02, 0x00, 0x00,
    0x00, 0x20, 0x20, 0x72, 0x09, 0x00, 0x00, 0x00, 0xda, 0x03, 0x61, 0x64, 0x64, 0xda, 0x0e, 0x4d,
    0x75, 0x74, 0x61, 0x62, 0x6c, 0x65, 0x53, 0x65, 0x74, 0x2e, 0x61, 0x64, 0x64, 0xd0, 0x02, 0x00,
    0x00, 0xf3, 0x0a, 0x00, 0x00, 0x00, 0x80, 0x00, 0xf4, 0x06, 0x00, 0x0f, 0x22, 0xd0, 0x08, 0x21,
    0x72, 0x08, 0x00, 0x00, 0x00, 0x63, 0x02, 0x00, 0x00, 0x00, 0x00, 0x00, 0x00, 0x00, 0x00, 0x00,
    0x00, 0x00, 0x01, 0x00, 0x00, 0x00, 0x03, 0x00, 0x00, 0x00, 0xf3, 0x0e, 0x00, 0x00, 0x00, 0x95,
    0x00, 0x5b, 0x00, 0x00, 0x00, 0x00, 0x00, 0x00, 0x00, 0x00, 0x00, 0x65, 0x01, 0x29, 0x01, 0x7a,
    0x38, 0x52, 0x65, 0x6d, 0x6f, 0x76, 0x65, 0x20, 0x61, 0x6e, 0x20, 0x65, 0x6c, 0x65, 0x6d, 0x65,
    0x6e, 0x74, 0x2e, 0x20, 0x20, 0x44, 0x6f, 0x20, 0x6e, 0x6f, 0x74, 0x20, 0x72, 0x61, 0x69, 0x73,
    0x65, 0x20, 0x61, 0x6e, 0x20, 0x65, 0x78, 0x63, 0x65, 0x70, 0x74, 0x69, 0x6f, 0x6e, 0x20, 0x69,
    0x66, 0x20, 0x61, 0x62, 0x73, 0x65, 0x6e, 0x74, 0x2e, 0x72, 0xd9, 0x00, 0x00, 0x00, 0x72, 0x65,
    0x00, 0x00, 0x00, 0x73, 0x02, 0x00, 0x00, 0x00, 0x20, 0x20, 0x72, 0x09, 0x00, 0x00, 0x00, 0xda,
    0x07, 0x64, 0x69, 0x73, 0x63, 0x61, 0x72, 0x64, 0xda, 0x12, 0x4d, 0x75, 0x74, 0x61, 0x62, 0x6c,
    0x65, 0x53, 0x65, 0x74, 0x2e, 0x64, 0x69, 0x73, 0x63, 0x61, 0x72, 0x64, 0xd5, 0x02, 0x00, 0x00,
    0x72, 0x72, 0x01, 0x00, 0x00, 0x72, 0x08, 0x00, 0x00, 0x00, 0x63, 0x02, 0x00, 0x00, 0x00, 0x00,
    0x00, 0x00, 0x00, 0x00, 0x00, 0x00, 0x00, 0x03, 0x00, 0x00, 0x00, 0x03, 0x00, 0x00, 0x00, 0xf3,
    0x46, 0x00, 0x00, 0x00, 0x95, 0x00, 0x58, 0x10, 0x3b, 0x01, 0x00, 0x00, 0x61, 0x0b, 0x00, 0x00,
    0x5b, 0x01, 0x00, 0x00, 0x00, 0x00, 0x00, 0x00, 0x00, 0x00, 0x55, 0x01, 0x35, 0x01, 0x00, 0x00,
    0x00, 0x00, 0x00, 0x00, 0x65, 0x01, 0x55, 0x00, 0x52, 0x03, 0x00, 0x00, 0x00, 0x00, 0x00, 0x00,
    0x00, 0x00, 0x00, 0x00, 0x00, 0x00, 0x00, 0x00, 0x00, 0x00, 0x00, 0x00, 0x55, 0x01, 0x35, 0x01,
    0x00, 0x00, 0x00, 0x00, 0x00, 0x00, 0x20, 0x00, 0x67, 0x01, 0x29, 0x02, 0x7a, 0x35, 0x52, 0x65,
    0x6d, 0x6f, 0x76, 0x65, 0x20, 0x61, 0x6e, 0x20, 0x65, 0x6c, 0x65, 0x6d, 0x65, 0x6e, 0x74, 0x2e,
    0x20, 0x49, 0x66, 0x20, 0x6e, 0x6f, 0x74, 0x20, 0x61, 0x20, 0x6d, 0x65, 0x6d, 0x62, 0x65, 0x72,
    0x2c, 0x20, 0x72, 0x61, 0x69, 0x73, 0x65, 0x20, 0x61, 0x20, 0x4b, 0x65, 0x79, 0x45, 0x72, 0x72,
    0x6f, 0x72, 0x2e, 0x4e, 0x29, 0x02, 0xda, 0x08, 0x4b, 0x65, 0x79, 0x45, 0x72, 0x72, 0x6f, 0x72,
    0x72, 0x74, 0x01, 0x00, 0x00, 0x72, 0x65, 0x00, 0x00, 0x00, 0x73, 0x02, 0x00, 0x00, 0x00, 0x20,
    0x20, 0x72, 0x09, 0x00, 0x00, 0x00, 0xda, 0x06, 0x72, 0x65, 0x6d, 0x6f, 0x76, 0x65, 0xda, 0x11,
    0x4d, 0x75, 0x74, 0x61, 0x62, 0x6c, 0x65, 0x53, 0x65, 0x74, 0x2e, 0x72, 0x65, 0x6d, 0x6f, 0x76,
    0x65, 0xda, 0x02, 0x00, 0x00, 0x73, 0x1e, 0x00, 0x00, 0x00, 0x80, 0x00, 0xe0, 0x0b, 0x10, 0xd3,
    0x0b, 0x1c, 0xdc, 0x12, 0x1a, 0x98, 0x35, 0x93, 0x2f, 0xd0, 0x0c, 0x21, 0xd8, 0x08, 0x0c, 0x8f,
    0x0c, 0x89, 0x0c, 0x90, 0x55, 0xd5, 0x08, 0x1b, 0x72, 0x08, 0x00, 0x00, 0x00, 0x63, 0x01, 0x00,
    0x00, 0x00, 0x00, 0x00, 0x00, 0x00, 0x00, 0x00, 0x00, 0x00, 0x04, 0x00, 0x00, 0x00, 0x03, 0x00,
    0x00, 0x00, 0xf3, 0x80, 0x00, 0x00, 0x00, 0x95, 0x00, 0x5b, 0x01, 0x00, 0x00, 0x00, 0x00, 0x00,
    0x00, 0x00, 0x00, 0x55, 0x00, 0x35, 0x01, 0x00, 0x00, 0x00, 0x00, 0x00, 0x00, 0x6e, 0x01, 0x1e,
    0x00, 0x5b, 0x03, 0x00, 0x00, 0x00, 0x00, 0x00, 0x00, 0x00, 0x00, 0x55, 0x01, 0x35, 0x01, 0x00,
    0x00, 0x00, 0x00, 0x00, 0x00, 0x6e, 0x02, 0x55, 0x00, 0x52, 0x09, 0x00, 0x00, 0x00, 0x00, 0x00,
    0x00, 0x00, 0x00, 0x00, 0x00, 0x00, 0x00, 0x00, 0x00, 0x00, 0x00, 0x00, 0x00, 0x55, 0x02, 0x35,
    0x01, 0x00, 0x00, 0x00, 0x00, 0x00, 0x00, 0x20, 0x00, 0x55, 0x02, 0x24, 0x00, 0x21, 0x00, 0x5b,
    0x04, 0x00, 0x00, 0x00, 0x00, 0x00, 0x00, 0x00, 0x00, 0x07, 0x00, 0x61, 0x08, 0x00, 0x00, 0x20,
    0x00, 0x5b, 0x06, 0x00, 0x00, 0x00, 0x00, 0x00, 0x00, 0x00, 0x00, 0x53, 0x01, 0x65, 0x02, 0x66,
    0x00, 0x3d, 0x03, 0x1f, 0x00, 0x66, 0x01, 0x29, 0x02, 0x7a, 0x32, 0x52, 0x65, 0x74, 0x75, 0x72,
    0x6e, 0x20, 0x74, 0x68, 0x65, 0x20, 0x70, 0x6f, 0x70, 0x70, 0x65, 0x64, 0x20, 0x76, 0x61, 0x6c,
    0x75, 0x65, 0x2e, 0x20, 0x20, 0x52, 0x61, 0x69, 0x73, 0x65, 0x20, 0x4b, 0x65, 0x79, 0x45, 0x72,
    0x72, 0x6f, 0x72, 0x20, 0x69, 0x66, 0x20, 0x65, 0x6d, 0x70, 0x74, 0x79, 0x2e, 0x4e, 0x29, 0x05,
    0xda, 0x04, 0x69, 0x74, 0x65, 0x72, 0xda, 0x04, 0x6e, 0x65, 0x78, 0x74, 0x72, 0x64, 0x00, 0x00,
    0x00, 0x72, 0x77, 0x01, 0x00, 0x00, 0x72, 0x74, 0x01, 0x00, 0x00, 0xa9, 0x03, 0x72, 0x44, 0x00,
    0x00, 0x00, 0x72, 0x3a, 0x01, 0x00, 0x00, 0x72, 0x66, 0x00, 0x00, 0x00, 0x73, 0x03, 0x00, 0x00,
    0x00, 0x20, 0x20, 0x20, 0x72, 0x09, 0x00, 0x00, 0x00, 0xda, 0x03, 0x70, 0x6f, 0x70, 0xda, 0x0e,
    0x4d, 0x75, 0x74, 0x61, 0x62, 0x6c, 0x65, 0x53, 0x65, 0x74, 0x2e, 0x70, 0x6f, 0x70, 0xe0, 0x02,
    0x00, 0x00, 0x73, 0x45, 0x00, 0x00, 0x00, 0x80, 0x00, 0xe4, 0x0d, 0x11, 0x90, 0x24, 0x8b, 0x5a,
    0x88, 0x02, 0xf0, 0x02, 0x03, 0x09, 0x25, 0xdc, 0x14, 0x18, 0x98, 0x12, 0x93, 0x48, 0x88, 0x45,
    0xf0, 0x06, 0x00, 0x09, 0x0d, 0x8f, 0x0c, 0x89, 0x0c, 0x90, 0x55, 0xd4, 0x08, 0x1b, 0xd8, 0x0f,
    0x14, 0x88, 0x0c, 0xf8, 0xf4, 0x07, 0x00, 0x10, 0x1d, 0xf3, 0x00, 0x01, 0x09, 0x25, 0xdc, 0x12,
    0x1a, 0xa0, 0x04, 0xd0, 0x0c, 0x24, 0xf0, 0x03, 0x01, 0x09, 0x25, 0xfa, 0x73, 0x08, 0x00, 0x00,
    0x00, 0x8d, 0x0b, 0x2b, 0x00, 0xab, 0x12, 0x3d, 0x03, 0x63, 0x01, 0x00, 0x00, 0x00, 0x00, 0x00,
    0x00, 0x00, 0x00, 0x00, 0x00, 0x00, 0x04, 0x00, 0x00, 0x00, 0x03, 0x00, 0x00, 0x00, 0xf3, 0x4a,
    0x00, 0x00, 0x00, 0x95, 0x00, 0x1e, 0x00, 0x1e, 0x00, 0x55, 0x00, 0x52, 0x01, 0x00, 0x00, 0x00,
    0x00, 0x00, 0x00, 0x00, 0x00, 0x00, 0x00, 0x00, 0x00, 0x00, 0x00, 0x00, 0x00, 0x00, 0x00, 0x35,
    0x00, 0x00, 0x00, 0x00, 0x00, 0x00, 0x00, 0x20, 0x00, 0x4d, 0x12, 0x00, 0x00, 0x21, 0x00, 0x5b,
    0x02, 0x00, 0x00, 0x00, 0x00, 0x00, 0x00, 0x00, 0x00, 0x07, 0x00, 0x61, 0x03, 0x00, 0x00, 0x20,
    0x00, 0x1f, 0x00, 0x67, 0x01, 0x66, 0x00, 0x3d, 0x03, 0x1f, 0x00, 0x66, 0x01, 0x29, 0x02, 0x7a,
    0x36, 0x54, 0x68, 0x69, 0x73, 0x20, 0x69, 0x73, 0x20, 0x73, 0x6c, 0x6f, 0x77, 0x20, 0x28, 0x63,
    0x72, 0x65, 0x61, 0x74, 0x65, 0x73, 0x20, 0x4e, 0x20, 0x6e, 0x65, 0x77, 0x20, 0x69, 0x74, 0x65,
    0x72, 0x61, 0x74, 0x6f, 0x72, 0x73, 0x21, 0x29, 0x20, 0x62, 0x75, 0x74, 0x20, 0x65, 0x66, 0x66,
    0x65, 0x63, 0x74, 0x69, 0x76, 0x65, 0x2e, 0x4e, 0x29, 0x02, 0x72, 0x7e, 0x01, 0x00, 0x00, 0x72,
    0x77, 0x01, 0x00, 0x00, 0x72, 0x43, 0x00, 0x00, 0x00, 0x73, 0x01, 0x00, 0x00, 0x00, 0x20, 0x72,
    0x09, 0x00, 0x00, 0x00, 0xda, 0x05, 0x63, 0x6c, 0x65, 0x61, 0x72, 0xda, 0x10, 0x4d, 0x75, 0x74,
    0x61, 0x62, 0x6c, 0x65, 0x53, 0x65, 0x74, 0x2e, 0x63, 0x6c, 0x65, 0x61, 0x72, 0xea, 0x02, 0x00,
    0x00, 0x73, 0x2a, 0x00, 0x00, 0x00, 0x80, 0x00, 0xf0, 0x04, 0x04, 0x09, 0x11, 0xd8, 0x12, 0x16,
    0xd8, 0x10, 0x14, 0x97, 0x08, 0x91, 0x08, 0x94, 0x0a, 0xf1, 0x03, 0x00, 0x13, 0x17, 0xf8, 0xe4,
    0x0f, 0x17, 0xf3, 0x00, 0x01, 0x09, 0x11, 0xd9, 0x0c, 0x10, 0xf0, 0x03, 0x01, 0x09, 0x11, 0xfa,
    0xf3, 0x0c, 0x00, 0x00, 0x00, 0x82, 0x13, 0x15, 0x00, 0x95, 0x0a, 0x22, 0x03, 0xa1, 0x01, 0x22,
    0x03, 0x63, 0x02, 0x00, 0x00, 0x00, 0x00, 0x00, 0x00, 0x00, 0x00, 0x00, 0x00, 0x00, 0x04, 0x00,
    0x00, 0x00, 0x03, 0x00, 0x00, 0x00, 0xf3, 0x3a, 0x00, 0x00, 0x00, 0x95, 0x00, 0x55, 0x01, 0x13,
    0x00, 0x48, 0x14, 0x00, 0x00, 0x6e, 0x02, 0x55, 0x00, 0x52, 0x01, 0x00, 0x00, 0x00, 0x00, 0x00,
    0x00, 0x00, 0x00, 0x00, 0x00, 0x00, 0x00, 0x00, 0x00, 0x00, 0x00, 0x00, 0x00, 0x55, 0x02, 0x35,
    0x01, 0x00, 0x00, 0x00, 0x00, 0x00, 0x00, 0x20, 0x00, 0x4d, 0x16, 0x00, 0x00, 0x0b, 0x00, 0x20,
    0x00, 0x55, 0x00, 0x24, 0x00, 0x72, 0x06, 0x00, 0x00, 0x00, 0x29, 0x01, 0x72, 0x70, 0x01, 0x00,
    0x00, 0x72, 0x7d, 0x01, 0x00, 0x00, 0x73, 0x03, 0x00, 0x00, 0x00, 0x20, 0x20, 0x20, 0x72, 0x09,
    0x00, 0x00, 0x00, 0xda, 0x07, 0x5f, 0x5f, 0x69, 0x6f, 0x72, 0x5f, 0x5f, 0xda, 0x12, 0x4d, 0x75,
    0x74, 0x61, 0x62, 0x6c, 0x65, 0x53, 0x65, 0x74, 0x2e, 0x5f, 0x5f, 0x69, 0x6f, 0x72, 0x5f, 0x5f,
    0xf2, 0x02, 0x00, 0x00, 0x73, 0x1c, 0x00, 0x00, 0x00, 0x80, 0x00, 0xdb, 0x15, 0x17, 0x88, 0x45,
    0xd8, 0x0c, 0x10, 0x8f, 0x48, 0x89, 0x48, 0x90, 0x55, 0x8e, 0x4f, 0xf1, 0x03, 0x00, 0x16, 0x18,
    0xe0, 0x0f, 0x13, 0x88, 0x0b, 0x72, 0x08, 0x00, 0x00, 0x00, 0x63, 0x02, 0x00, 0x00, 0x00, 0x00,
    0x00, 0x00, 0x00, 0x00, 0x00, 0x00, 0x00, 0x04, 0x00, 0x00, 0x00, 0x03, 0x00, 0x00, 0x00, 0xf3,
    0x3e, 0x00, 0x00, 0x00, 0x95, 0x00, 0x58, 0x01, 0x2d, 0x0a, 0x00, 0x00, 0x13, 0x00, 0x48, 0x14,
    0x00, 0x00, 0x6e, 0x02, 0x55, 0x00, 0x52, 0x01, 0x00, 0x00, 0x00, 0x00, 0x00, 0x00, 0x00, 0x00,
    0x00, 0x00, 0x00, 0x00, 0x00, 0x00, 0x00, 0x00, 0x00, 0x00, 0x55, 0x02, 0x35, 0x01, 0x00, 0x00,
    0x00, 0x00, 0x00, 0x00, 0x20, 0x00, 0x4d, 0x16, 0x00, 0x00, 0x0b, 0x00, 0x20, 0x00, 0x55, 0x00,
    0x24, 0x00, 0x72, 0x06, 0x00, 0x00, 0x00, 0x29, 0x01, 0x72, 0x74, 0x01, 0x00, 0x00, 0x72, 0x7d,
    0x01, 0x00, 0x00, 0x73, 0x03, 0x00, 0x00, 0x00, 0x20, 0x20, 0x20, 0x72, 0x09, 0x00, 0x00, 0x00,
    0xda, 0x08, 0x5f, 0x5f, 0x69, 0x61, 0x6e, 0x64, 0x5f, 0x5f, 0xda, 0x13, 0x4d, 0x75, 0x74, 0x61,
    0x62, 0x6c, 0x65, 0x53, 0x65, 0x74, 0x2e, 0x5f, 0x5f, 0x69, 0x61, 0x6e, 0x64, 0x5f, 0x5f, 0xf7,
    0x02, 0x00, 0x00, 0x73, 0x1f, 0x00, 0x00, 0x00, 0x80, 0x00, 0xd8, 0x16, 0x1a, 0x94, 0x69, 0x88,
    0x45, 0xd8, 0x0c, 0x10, 0x8f, 0x4c, 0x89, 0x4c, 0x98, 0x15, 0xd6, 0x0c, 0x1f, 0xf1, 0x03, 0x00,
    0x17, 0x20, 0xe0, 0x0f, 0x13, 0x88, 0x0b, 0x72, 0x08, 0x00, 0x00, 0x00, 0x63, 0x02, 0x00, 0x00,
    0x00, 0x00, 0x00, 0x00, 0x00, 0x00, 0x00, 0x00, 0x00, 0x04, 0x00, 0x00, 0x00, 0x03, 0x00, 0x00,
    0x00, 0xf3, 0xe2, 0x00, 0x00, 0x00, 0x95, 0x00, 0x58, 0x10, 0x4c, 0x00, 0x61, 0x12, 0x00, 0x00,
    0x55, 0x00, 0x52, 0x01, 0x00, 0x00, 0x00, 0x00, 0x00, 0x00, 0x00, 0x00, 0x00, 0x00, 0x00, 0x00,
    0x00, 0x00, 0x00, 0x00, 0x00, 0x00, 0x35, 0x00, 0x00, 0x00, 0x00, 0x00, 0x00, 0x00, 0x20, 0x00,
    0x55, 0x00, 0x24, 0x00, 0x5b, 0x03, 0x00, 0x00, 0x00, 0x00, 0x00, 0x00, 0x00, 0x00, 0x55, 0x01,
    0x5b, 0x04, 0x00, 0x00, 0x00, 0x00, 0x00, 0x00, 0x00, 0x00, 0x35, 0x02, 0x00, 0x00, 0x00, 0x00,
    0x00, 0x00, 0x28, 0x00, 0x00, 0x00, 0x00, 0x00, 0x00, 0x00, 0x64, 0x11, 0x00, 0x00, 0x55, 0x00,
    0x52, 0x07, 0x00, 0x00, 0x00, 0x00, 0x00, 0x00, 0x00, 0x00, 0x00, 0x00, 0x00, 0x00, 0x00, 0x00,
    0x00, 0x00, 0x00, 0x00, 0x55, 0x01, 0x35, 0x01, 0x00, 0x00, 0x00, 0x00, 0x00, 0x00, 0x6e, 0x01,
    0x55, 0x01, 0x13, 0x00, 0x48, 0x2c, 0x00, 0x00, 0x6e, 0x02, 0x58, 0x20, 0x3b, 0x00, 0x00, 0x00,
    0x61, 0x13, 0x00, 0x00, 0x55, 0x00, 0x52, 0x09, 0x00, 0x00, 0x00, 0x00, 0x00, 0x00, 0x00, 0x00,
    0x00, 0x00, 0x00, 0x00, 0x00, 0x00, 0x00, 0x00, 0x00, 0x00, 0x55, 0x02, 0x35, 0x01, 0x00, 0x00,
    0x00, 0x00, 0x00, 0x00, 0x20, 0x00, 0x4d, 0x1b, 0x00, 0x00, 0x55, 0x00, 0x52, 0x0b, 0x00, 0x00,
    0x00, 0x00, 0x00, 0x00, 0x00, 0x00, 0x00, 0x00, 0x00, 0x00, 0x00, 0x00, 0x00, 0x00, 0x00, 0x00,
    0x55, 0x02, 0x35, 0x01, 0x00, 0x00, 0x00, 0x00, 0x00, 0x00, 0x20, 0x00, 0x4d, 0x2e, 0x00, 0x00,
    0x0b, 0x00, 0x20, 0x00, 0x55, 0x00, 0x24, 0x00, 0x72, 0x06, 0x00, 0x00, 0x00, 0x29, 0x06, 0x72,
    0x81, 0x01, 0x00, 0x00, 0x72, 0xe5, 0x00, 0x00, 0x00, 0x72, 0x19, 0x00, 0x00, 0x00, 0x72, 0x3b,
    0x01, 0x00, 0x00, 0x72, 0x74, 0x01, 0x00, 0x00, 0x72, 0x70, 0x01, 0x00, 0x00, 0x72, 0x7d, 0x01,
    0x00, 0x00, 0x73, 0x03, 0x00, 0x00, 0x00, 0x20, 0x20, 0x20, 0x72, 0x09, 0x00, 0x00, 0x00, 0xda,
    0x08, 0x5f, 0x5f, 0x69, 0x78, 0x6f, 0x72, 0x5f, 0x5f, 0xda, 0x13, 0x4d, 0x75, 0x74, 0x61, 0x62,
    0x6c, 0x65, 0x53, 0x65, 0x74, 0x2e, 0x5f, 0x5f, 0x69, 0x78, 0x6f, 0x72, 0x5f, 0x5f, 0xfc, 0x02,
    0x00, 0x00, 0x73, 0x63, 0x00, 0x00, 0x00, 0x80, 0x00, 0xd8, 0x0b, 0x0d, 0x8a, 0x3a, 0xd8, 0x0c,
    0x10, 0x8f, 0x4a, 0x89, 0x4a, 0x8c, 0x4c, 0xf0, 0x12, 0x00, 0x10, 0x14, 0x88, 0x0b, 0xf4, 0x0f,
    0x00, 0x14, 0x1e, 0x98, 0x62, 0xa4, 0x23, 0xd7, 0x13, 0x26, 0xd1, 0x13, 0x26, 0xd8, 0x15, 0x19,
    0xd7, 0x15, 0x28, 0xd1, 0x15, 0x28, 0xa8, 0x12, 0xd3, 0x15, 0x2c, 0x90, 0x02, 0xdb, 0x19, 0x1b,
    0x90, 0x05, 0xd8, 0x13, 0x18, 0x93, 0x3d, 0xd8, 0x14, 0x18, 0x97, 0x4c, 0x91, 0x4c, 0xa0, 0x15,
    0xd6, 0x14, 0x27, 0xe0, 0x14, 0x18, 0x97, 0x48, 0x91, 0x48, 0x98, 0x55, 0x96, 0x4f, 0xf1, 0x09,
    0x00, 0x1a, 0x1c, 0xf0, 0x0a, 0x00, 0x10, 0x14, 0x88, 0x0b, 0x72, 0x08, 0x00, 0x00, 0x00, 0x63,
    0x02, 0x00, 0x00, 0x00, 0x00, 0x00, 0x00, 0x00, 0x00, 0x00, 0x00, 0x00, 0x04, 0x00, 0x00, 0x00,
    0x03, 0x00, 0x00, 0x00, 0xf3, 0x66, 0x00, 0x00, 0x00, 0x95, 0x00, 0x58, 0x10, 0x4c, 0x00, 0x61,
    0x12, 0x00, 0x00, 0x55, 0x00, 0x52, 0x01, 0x00, 0x00, 0x00, 0x00, 0x00, 0x00, 0x00, 0x00, 0x00,
    0x00, 0x00, 0x00, 0x00, 0x00, 0x00, 0x00, 0x00, 0x00, 0x35, 0x00, 0x00, 0x00, 0x00, 0x00, 0x00,
    0x00, 0x20, 0x00, 0x55, 0x00, 0x24, 0x00, 0x55, 0x01, 0x13, 0x00, 0x48, 0x14, 0x00, 0x00, 0x6e,
    0x02, 0x55, 0x00, 0x52, 0x03, 0x00, 0x00, 0x00, 0x00, 0x00, 0x00, 0x00, 0x00, 0x00, 0x00, 0x00,
    0x00, 0x00, 0x00, 0x00, 0x00, 0x00, 0x00, 0x55, 0x02, 0x35, 0x01, 0x00, 0x00, 0x00, 0x00, 0x00,
    0x00, 0x20, 0x00, 0x4d, 0x16, 0x00, 0x00, 0x0b, 0x00, 0x20, 0x00, 0x55, 0x00, 0x24, 0x00, 0x72,
    0x06, 0x00, 0x00, 0x00, 0x29, 0x02, 0x72, 0x81, 0x01, 0x00, 0x00, 0x72, 0x74, 0x01, 0x00, 0x00,
    0x72, 0x7d, 0x01, 0x00, 0x00, 0x73, 0x03, 0x00, 0x00, 0x00, 0x20, 0x20, 0x20, 0x72, 0x09, 0x00,
    0x00, 0x00, 0xda, 0x08, 0x5f, 0x5f, 0x69, 0x73, 0x75, 0x62, 0x5f, 0x5f, 0xda, 0x13, 0x4d, 0x75,
    0x74, 0x61, 0x62, 0x6c, 0x65, 0x53, 0x65, 0x74, 0x2e, 0x5f, 0x5f, 0x69, 0x73, 0x75, 0x62, 0x5f,
    0x5f, 0x09, 0x03, 0x00, 0x00, 0x73, 0x34, 0x00, 0x00, 0x00, 0x80, 0x00, 0xd8, 0x0b, 0x0d, 0x8a,
    0x3a, 0xd8, 0x0c, 0x10, 0x8f, 0x4a, 0x89, 0x4a, 0x8c, 0x4c, 0xf0, 0x08, 0x00, 0x10, 0x14, 0x88,
    0x0b, 0xf3, 0x05, 0x00, 0x1a, 0x1c, 0x90, 0x05, 0xd8, 0x10, 0x14, 0x97, 0x0c, 0x91, 0x0c, 0x98,
    0x55, 0xd6, 0x10, 0x23, 0xf1, 0x03, 0x00, 0x1a, 0x1c, 0xe0, 0x0f, 0x13, 0x88, 0x0b, 0x72, 0x08,
    0x00, 0x00, 0x00, 0x4e, 0x29, 0x11, 0x72, 0x4e, 0x00, 0x00, 0x00, 0x72, 0x4f, 0x00, 0x00, 0x00,
    0x72, 0x50, 0x00, 0x00, 0x00, 0x72, 0x51, 0x00, 0x00, 0x00, 0x72, 0x04, 0x01, 0x00, 0x00, 0x72,
    0x52, 0x00, 0x00, 0x00, 0x72, 0x04, 0x00, 0x00, 0x00, 0x72, 0x70, 0x01, 0x00, 0x00, 0x72, 0x74,
    0x01, 0x00, 0x00, 0x72, 0x78, 0x01, 0x00, 0x00, 0x72, 0x7e, 0x01, 0x00, 0x00, 0x72, 0x81, 0x01,
    0x00, 0x00, 0x72, 0x85, 0x01, 0x00, 0x00, 0x72, 0x88, 0x01, 0x00, 0x00, 0x72, 0x8b, 0x01, 0x00,
    0x00, 0x72, 0x8e, 0x01, 0x00, 0x00, 0x72, 0x54, 0x00, 0x00, 0x00, 0x72, 0x07, 0x00, 0x00, 0x00,
    0x72, 0x08, 0x00, 0x00, 0x00, 0x72, 0x09, 0x00, 0x00, 0x00, 0x72, 0x1a, 0x00, 0x00, 0x00, 0x72,
    0x1a, 0x00, 0x00, 0x00, 0xc2, 0x02, 0x00, 0x00, 0x73, 0x57, 0x00, 0x00, 0x00, 0x86, 0x00, 0xf1,
    0x02, 0x09, 0x05, 0x08, 0xf0, 0x16, 0x00, 0x11, 0x13, 0x80, 0x49, 0xe0, 0x05, 0x13, 0xf1, 0x02,
    0x02, 0x05, 0x22, 0xf3, 0x03, 0x00, 0x06, 0x14, 0xf0, 0x02, 0x02, 0x05, 0x22, 0xf0, 0x08, 0x00,
    0x06, 0x14, 0xf1, 0x02, 0x02, 0x05, 0x22, 0xf3, 0x03, 0x00, 0x06, 0x14, 0xf0, 0x02, 0x02, 0x05,
    0x22, 0xf2, 0x08, 0x04, 0x05, 0x1c, 0xf2, 0x0c, 0x08, 0x05, 0x15, 0xf2, 0x14, 0x06, 0x05, 0x11,
    0xf2, 0x10, 0x03, 0x05, 0x14, 0xf2, 0x0a, 0x03, 0x05, 0x14, 0xf2, 0x0a, 0x0b, 0x05, 0x14, 0xf5,
    0x1a, 0x06, 0x05, 0x14, 0x72, 0x08, 0x00, 0x00, 0x00, 0x72, 0x1a, 0x00, 0x00, 0x00, 0x63, 0x00,
    0x00, 0x00, 0x00, 0x00, 0x00, 0x00, 0x00, 0x00, 0x00, 0x00, 0x00, 0x02, 0x00, 0x00, 0x00, 0x00,
    0x00, 0x00, 0x00, 0xf3, 0x5c, 0x00, 0x00, 0x00, 0x95, 0x00, 0x5c, 0x00, 0x72, 0x01, 0x53, 0x00,
    0x72, 0x02, 0x53, 0x01, 0x72, 0x03, 0x53, 0x02, 0x72, 0x04, 0x53, 0x03, 0x72, 0x05, 0x53, 0x04,
    0x72, 0x06, 0x5c, 0x07, 0x53, 0x05, 0x1a, 0x00, 0x35, 0x00, 0x00, 0x00, 0x00, 0x00, 0x00, 0x00,
    0x72, 0x08, 0x53, 0x0d, 0x53, 0x07, 0x1a, 0x00, 0x6a, 0x01, 0x72, 0x09, 0x53, 0x08, 0x1a, 0x00,
    0x72, 0x0a, 0x53, 0x09, 0x1a, 0x00, 0x72, 0x0b, 0x53, 0x0a, 0x1a, 0x00, 0x72, 0x0c, 0x53, 0x0b,
    0x1a, 0x00, 0x72, 0x0d, 0x53, 0x0c, 0x1a, 0x00, 0x72, 0x0e, 0x53, 0x06, 0x72, 0x0f, 0x53, 0x03,
    0x72, 0x10, 0x67, 0x06, 0x29, 0x0e, 0x72, 0x1b, 0x00, 0x00, 0x00, 0x69, 0x17, 0x03, 0x00, 0x00,
    0x7a, 0xb6, 0x41, 0x20, 0x4d, 0x61, 0x70, 0x70, 0x69, 0x6e, 0x67, 0x20, 0x69, 0x73, 0x20, 0x61,
    0x20, 0x67, 0x65, 0x6e, 0x65, 0x72, 0x69, 0x63, 0x20, 0x63, 0x6f, 0x6e, 0x74, 0x61, 0x69, 0x6e,
    0x65, 0x72, 0x20, 0x66, 0x6f, 0x72, 0x20, 0x61, 0x73, 0x73, 0x6f, 0x63, 0x69, 0x61, 0x74, 0x69,
    0x6e, 0x67, 0x20, 0x6b, 0x65, 0x79, 0x2f, 0x76, 0x61, 0x6c, 0x75, 0x65, 0x0a, 0x70, 0x61, 0x69,
    0x72, 0x73, 0x2e, 0x0a, 0x0a, 0x54, 0x68, 0x69, 0x73, 0x20, 0x63, 0x6c, 0x61, 0x73, 0x73, 0x20,
    0x70, 0x72, 0x6f, 0x76, 0x69, 0x64, 0x65, 0x73, 0x20, 0x63, 0x6f, 0x6e, 0x63, 0x72, 0x65, 0x74,
    0x65, 0x20, 0x67, 0x65, 0x6e, 0x65, 0x72, 0x69, 0x63, 0x20, 0x69, 0x6d, 0x70, 0x6c, 0x65, 0x6d,
    0x65, 0x6e, 0x74, 0x61, 0x74, 0x69, 0x6f, 0x6e, 0x73, 0x20, 0x6f, 0x66, 0x20, 0x61, 0x6c, 0x6c,
    0x0a, 0x6d, 0x65, 0x74, 0x68, 0x6f, 0x64, 0x73, 0x20, 0x65, 0x78, 0x63, 0x65, 0x70, 0x74, 0x20,
    0x66, 0x6f, 0x72, 0x20, 0x5f, 0x5f, 0x67, 0x65, 0x74, 0x69, 0x74, 0x65, 0x6d, 0x5f, 0x5f, 0x2c,
    0x20, 0x5f, 0x5f, 0x69, 0x74, 0x65, 0x72, 0x5f, 0x5f, 0x2c, 0x20, 0x61, 0x6e, 0x64, 0x20, 0x5f,
    0x5f, 0x6c, 0x65, 0x6e, 0x5f, 0x5f, 0x2e, 0x0a, 0x72, 0x07, 0x00, 0x00, 0x00, 0xe9, 0x40, 0x00,
    0x00, 0x00, 0x63, 0x02, 0x00, 0x00, 0x00, 0x00, 0x00, 0x00, 0x00, 0x00, 0x00, 0x00, 0x00, 0x01,
    0x00, 0x00, 0x00, 0x03, 0x00, 0x00, 0x00, 0xf3, 0x0e, 0x00, 0x00, 0x00, 0x95, 0x00, 0x5b, 0x00,
    0x00, 0x00, 0x00, 0x00, 0x00, 0x00, 0x00, 0x00, 0x65, 0x01, 0x72, 0x06, 0x00, 0x00, 0x00, 0xa9,
    0x01, 0x72, 0x77, 0x01, 0x00, 0x00, 0xa9, 0x02, 0x72, 0x44, 0x00, 0x00, 0x00, 0xda, 0x03, 0x6b,
    0x65, 0x79, 0x73, 0x02, 0x00, 0x00, 0x00, 0x20, 0x20, 0x72, 0x09, 0x00, 0x00, 0x00, 0x72, 0x00,
    0x01, 0x00, 0x00, 0xda, 0x13, 0x4d, 0x61, 0x70, 0x70, 0x69, 0x6e, 0x67, 0x2e, 0x5f, 0x5f, 0x67,
    0x65, 0x74, 0x69, 0x74, 0x65, 0x6d, 0x5f, 0x5f, 0x24, 0x03, 0x00, 0x00, 0xf3, 0x07, 0x00, 0x00,
    0x00, 0x80, 0x00, 0xe4, 0x0e, 0x16, 0x88, 0x0e, 0x72, 0x08, 0x00, 0x00, 0x00, 0x4e, 0x63, 0x03,
    0x00, 0x00, 0x00, 0x00, 0x00, 0x00, 0x00, 0x00, 0x00, 0x00, 0x00, 0x04, 0x00, 0x00, 0x00, 0x03,
    0x00, 0x00, 0x00, 0xf3, 0x30, 0x00, 0x00, 0x00, 0x95, 0x00, 0x1e, 0x00, 0x58, 0x01, 0x05, 0x00,
    0x00, 0x00, 0x24, 0x00, 0x21, 0x00, 0x5b, 0x00, 0x00, 0x00, 0x00, 0x00, 0x00, 0x00, 0x00, 0x00,
    0x07, 0x00, 0x61, 0x05, 0x00, 0x00, 0x20, 0x00, 0x55, 0x02, 0x73, 0x02, 0x1f, 0x00, 0x24, 0x00,
    0x66, 0x00, 0x3d, 0x03, 0x1f, 0x00, 0x66, 0x01, 0x29, 0x01, 0x7a, 0x3c, 0x44, 0x2e, 0x67, 0x65,
    0x74, 0x28, 0x6b, 0x5b, 0x2c, 0x64, 0x5d, 0x29, 0x20, 0x2d, 0x3e, 0x20, 0x44, 0x5b, 0x6b, 0x5d,
    0x20, 0x69, 0x66, 0x20, 0x6b, 0x20, 0x69, 0x6e, 0x20, 0x44, 0x2c, 0x20, 0x65, 0x6c, 0x73, 0x65,
    0x20, 0x64, 0x2e, 0x20, 0x20, 0x64, 0x20, 0x64, 0x65, 0x66, 0x61, 0x75, 0x6c, 0x74, 0x73, 0x20,
    0x74, 0x6f, 0x20, 0x4e, 0x6f, 0x6e, 0x65, 0x2e, 0x72, 0x93, 0x01, 0x00, 0x00, 0xa9, 0x03, 0x72,
    0x44, 0x00, 0x00, 0x00, 0x72, 0x95, 0x01, 0x00, 0x00, 0xda, 0x07, 0x64, 0x65, 0x66, 0x61, 0x75,
    0x6c, 0x74, 0x73, 0x03, 0x00, 0x00, 0x00, 0x20, 0x20, 0x20, 0x72, 0x09, 0x00, 0x00, 0x00, 0xda,
    0x03, 0x67, 0x65, 0x74, 0xda, 0x0b, 0x4d, 0x61, 0x70, 0x70, 0x69, 0x6e, 0x67, 0x2e, 0x67, 0x65,
    0x74, 0x28, 0x03, 0x00, 0x00, 0x73, 0x23, 0x00, 0x00, 0x00, 0x80, 0x00, 0xf0, 0x04, 0x03, 0x09,
    0x1b, 0xd8, 0x13, 0x17, 0x91, 0x39, 0xd0, 0x0c, 0x1c, 0xf8, 0xdc, 0x0f, 0x17, 0xf3, 0x00, 0x01,
    0x09, 0x1b, 0xd8, 0x13, 0x1a, 0x8a, 0x4e, 0xf0, 0x03, 0x01, 0x09, 0x1b, 0xfa, 0x73, 0x0c, 0x00,
    0x00, 0x00, 0x82, 0x03, 0x06, 0x00, 0x86, 0x0c, 0x15, 0x03, 0x94, 0x01, 0x15, 0x03, 0x63, 0x02,
    0x00, 0x00, 0x00, 0x00, 0x00, 0x00, 0x00, 0x00, 0x00, 0x00, 0x00, 0x04, 0x00, 0x00, 0x00, 0x03,
    0x00, 0x00, 0x00, 0xf3, 0x2e, 0x00, 0x00, 0x00, 0x95, 0x00, 0x1e, 0x00, 0x58, 0x01, 0x05, 0x00,
    0x00, 0x00, 0x20, 0x00, 0x67, 0x01, 0x21, 0x00, 0x5b, 0x00, 0x00, 0x00, 0x00, 0x00, 0x00, 0x00,
    0x00, 0x00, 0x07, 0x00, 0x61, 0x03, 0x00, 0x00, 0x20, 0x00, 0x1f, 0x00, 0x67, 0x02, 0x66, 0x00,
    0x3d, 0x03, 0x1f, 0x00, 0x66, 0x01, 0xa9, 0x03, 0x4e, 0x54, 0x46, 0x72, 0x93, 0x01, 0x00, 0x00,
    0x72, 0x94, 0x01, 0x00, 0x00, 0x73, 0x02, 0x00, 0x00, 0x00, 0x20, 0x20, 0x72, 0x09, 0x00, 0x00,
    0x00, 0x72, 0xcd, 0x00, 0x00, 0x00, 0xda, 0x14, 0x4d, 0x61, 0x70, 0x70, 0x69, 0x6e, 0x67, 0x2e,
    0x5f, 0x5f, 0x63, 0x6f, 0x6e, 0x74, 0x61, 0x69, 0x6e, 0x73, 0x5f, 0x5f, 0x2f, 0x03, 0x00, 0x00,
    0x73, 0x25, 0x00, 0x00, 0x00, 0x80, 0x00, 0xf0, 0x02, 0x05, 0x09, 0x18, 0xd8, 0x0c, 0x10, 0x8a,
    0x49, 0xf0, 0x08, 0x00, 0x14, 0x18, 0xf8, 0xf4, 0x07, 0x00, 0x10, 0x18, 0xf3, 0x00, 0x01, 0x09,
    0x19, 0xd9, 0x13, 0x18, 0xf0, 0x03, 0x01, 0x09, 0x19, 0xfa, 0x73, 0x0c, 0x00, 0x00, 0x00, 0x82,
    0x04, 0x07, 0x00, 0x87, 0x0a, 0x14, 0x03, 0x93, 0x01, 0x14, 0x03, 0x63, 0x01, 0x00, 0x00, 0x00,
    0x00, 0x00, 0x00, 0x00, 0x00, 0x00, 0x00, 0x00, 0x03, 0x00, 0x00, 0x00, 0x03, 0x00, 0x00, 0x00,
    0xf3, 0x18, 0x00, 0x00, 0x00, 0x95, 0x00, 0x5b, 0x01, 0x00, 0x00, 0x00, 0x00, 0x00, 0x00, 0x00,
    0x00, 0x55, 0x00, 0x35, 0x01, 0x00, 0x00, 0x00, 0x00, 0x00, 0x00, 0x24, 0x00, 0x29, 0x01, 0x7a,
    0x3a, 0x44, 0x2e, 0x6b, 0x65, 0x79, 0x73, 0x28, 0x29, 0x20, 0x2d, 0x3e, 0x20, 0x61, 0x20, 0x73,
    0x65, 0x74, 0x2d, 0x6c, 0x69, 0x6b, 0x65, 0x20, 0x6f, 0x62, 0x6a, 0x65, 0x63, 0x74, 0x20, 0x70,
    0x72, 0x6f, 0x76, 0x69, 0x64, 0x69, 0x6e, 0x67, 0x20, 0x61, 0x20, 0x76, 0x69, 0x65, 0x77, 0x20,
    0x6f, 0x6e, 0x20, 0x44, 0x27, 0x73, 0x20, 0x6b, 0x65, 0x79, 0x73, 0x29, 0x01, 0x72, 0x1e, 0x00,
    0x00, 0x00, 0x72, 0x43, 0x00, 0x00, 0x00, 0x73, 0x01, 0x00, 0x00, 0x00, 0x20, 0x72, 0x09, 0x00,
    0x00, 0x00, 0xda, 0x04, 0x6b, 0x65, 0x79, 0x73, 0xda, 0x0c, 0x4d, 0x61, 0x70, 0x70, 0x69, 0x6e,
    0x67, 0x2e, 0x6b, 0x65, 0x79, 0x73, 0x37, 0x03, 0x00, 0x00, 0x73, 0x0c, 0x00, 0x00, 0x00, 0x80,
    0x00, 0xe4, 0x0f, 0x17, 0x98, 0x04, 0x8b, 0x7e, 0xd0, 0x08, 0x1d, 0x72, 0x08, 0x00, 0x00, 0x00,
    0x63, 0x01, 0x00, 0x00, 0x00, 0x00, 0x00, 0x00, 0x00, 0x00, 0x00, 0x00, 0x00, 0x03, 0x00, 0x00,
    0x00, 0x03, 0x00, 0x00, 0x00, 0xf3, 0x18, 0x00, 0x00, 0x00, 0x95, 0x00, 0x5b, 0x01, 0x00, 0x00,
    0x00, 0x00, 0x00, 0x00, 0x00, 0x00, 0x55, 0x00, 0x35, 0x01, 0x00, 0x00, 0x00, 0x00, 0x00, 0x00,
    0x24, 0x00, 0x29, 0x01, 0x7a, 0x3c, 0x44, 0x2e, 0x69, 0x74, 0x65, 0x6d, 0x73, 0x28, 0x29, 0x20,
    0x2d, 0x3e, 0x20, 0x61, 0x20, 0x73, 0x65, 0x74, 0x2d, 0x6c, 0x69, 0x6b, 0x65, 0x20, 0x6f, 0x62,
    0x6a, 0x65, 0x63, 0x74, 0x20, 0x70, 0x72, 0x6f, 0x76, 0x69, 0x64, 0x69, 0x6e, 0x67, 0x20, 0x61,
    0x20, 0x76, 0x69, 0x65, 0x77, 0x20, 0x6f, 0x6e, 0x20, 0x44, 0x27, 0x73, 0x20, 0x69, 0x74, 0x65,
    0x6d, 0x73, 0x29, 0x01, 0x72, 0x1f, 0x00, 0x00, 0x00, 0x72, 0x43, 0x00, 0x00, 0x00, 0x73, 0x01,
    0x00, 0x00, 0x00, 0x20, 0x72, 0x09, 0x00, 0x00, 0x00, 0xda, 0x05, 0x69, 0x74, 0x65, 0x6d, 0x73,
    0xda, 0x0d, 0x4d, 0x61, 0x70, 0x70, 0x69, 0x6e, 0x67, 0x2e, 0x69, 0x74, 0x65, 0x6d, 0x73, 0x3b,
    0x03, 0x00, 0x00, 0x73, 0x0c, 0x00, 0x00, 0x00, 0x80, 0x00, 0xe4, 0x0f, 0x18, 0x98, 0x14, 0x8b,
    0x7f, 0xd0, 0x08, 0x1e, 0x72, 0x08, 0x00, 0x00, 0x00, 0x63, 0x01, 0x00, 0x00, 0x00, 0x00, 0x00,
    0x00, 0x00, 0x00, 0x00, 0x00, 0x00, 0x03, 0x00, 0x00, 0x00, 0x03, 0x00, 0x00, 0x00, 0xf3, 0x18,
    0x00, 0x00, 0x00, 0x95, 0x00, 0x5b, 0x01, 0x00, 0x00, 0x00, 0x00, 0x00, 0x00, 0x00, 0x00, 0x55,
    0x00, 0x35, 0x01, 0x00, 0x00, 0x00, 0x00, 0x00, 0x00, 0x24, 0x00, 0x29, 0x01, 0x7a, 0x36, 0x44,
    0x2e, 0x76, 0x61, 0x6c, 0x75, 0x65, 0x73, 0x28, 0x29, 0x20, 0x2d, 0x3e, 0x20, 0x61, 0x6e, 0x20,
    0x6f, 0x62, 0x6a, 0x65, 0x63, 0x74, 0x20, 0x70, 0x72, 0x6f, 0x76, 0x69, 0x64, 0x69, 0x6e, 0x67,
    0x20, 0x61, 0x20, 0x76, 0x69, 0x65, 0x77, 0x20, 0x6f, 0x6e, 0x20, 0x44, 0x27, 0x73, 0x20, 0x76,
    0x61, 0x6c, 0x75, 0x65, 0x73, 0x29, 0x01, 0x72, 0x20, 0x00, 0x00, 0x00, 0x72, 0x43, 0x00, 0x00,
    0x00, 0x73, 0x01, 0x00, 0x00, 0x00, 0x20, 0x72, 0x09, 0x00, 0x00, 0x00, 0xda, 0x06, 0x76, 0x61,
    0x6c, 0x75, 0x65, 0x73, 0xda, 0x0e, 0x4d, 0x61, 0x70, 0x70, 0x69, 0x6e, 0x67, 0x2e, 0x76, 0x61,
    0x6c, 0x75, 0x65, 0x73, 0x3f, 0x03, 0x00, 0x00, 0x73, 0x0d, 0x00, 0x00, 0x00, 0x80, 0x00, 0xe4,
    0x0f, 0x19, 0x98, 0x24, 0xd3, 0x0f, 0x1f, 0xd0, 0x08, 0x1f, 0x72, 0x08, 0x00, 0x00, 0x00, 0x63,
    0x02, 0x00, 0x00, 0x00, 0x00, 0x00, 0x00, 0x00, 0x00, 0x00, 0x00, 0x00, 0x05, 0x00, 0x00, 0x00,
    0x03, 0x00, 0x00, 0x00, 0xf3, 0x9e, 0x00, 0x00, 0x00, 0x95, 0x00, 0x5b, 0x01, 0x00, 0x00, 0x00,
    0x00, 0x00, 0x00, 0x00, 0x00, 0x55, 0x01, 0x5b, 0x02, 0x00, 0x00, 0x00, 0x00, 0x00, 0x00, 0x00,
    0x00, 0x35, 0x02, 0x00, 0x00, 0x00, 0x00, 0x00, 0x00, 0x28, 0x00, 0x00, 0x00, 0x00, 0x00, 0x00,
    0x00, 0x64, 0x06, 0x00, 0x00, 0x5b, 0x04, 0x00, 0x00, 0x00, 0x00, 0x00, 0x00, 0x00, 0x00, 0x24,
    0x00, 0x5b, 0x07, 0x00, 0x00, 0x00, 0x00, 0x00, 0x00, 0x00, 0x00, 0x55, 0x00, 0x52, 0x09, 0x00,
    0x00, 0x00, 0x00, 0x00, 0x00, 0x00, 0x00, 0x00, 0x00, 0x00, 0x00, 0x00, 0x00, 0x00, 0x00, 0x00,
    0x00, 0x35, 0x00, 0x00, 0x00, 0x00, 0x00, 0x00, 0x00, 0x35, 0x01, 0x00, 0x00, 0x00, 0x00, 0x00,
    0x00, 0x5b, 0x07, 0x00, 0x00, 0x00, 0x00, 0x00, 0x00, 0x00, 0x00, 0x55, 0x01, 0x52, 0x09, 0x00,
    0x00, 0x00, 0x00, 0x00, 0x00, 0x00, 0x00, 0x00, 0x00, 0x00, 0x00, 0x00, 0x00, 0x00, 0x00, 0x00,
    0x00, 0x35, 0x00, 0x00, 0x00, 0x00, 0x00, 0x00, 0x00, 0x35, 0x01, 0x00, 0x00, 0x00, 0x00, 0x00,
    0x00, 0x3a, 0x48, 0x00, 0x00, 0x24, 0x00, 0x72, 0x06, 0x00, 0x00, 0x00, 0x29, 0x05, 0x72, 0xe5,
    0x00, 0x00, 0x00, 0x72, 0x1b, 0x00, 0x00, 0x00, 0x72, 0x38, 0x00, 0x00, 0x00, 0xda, 0x04, 0x64,
    0x69, 0x63, 0x74, 0x72, 0xa4, 0x01, 0x00, 0x00, 0x72, 0x2b, 0x01, 0x00, 0x00, 0x73, 0x02, 0x00,
    0x00, 0x00, 0x20, 0x20, 0x72, 0x09, 0x00, 0x00, 0x00, 0x72, 0x36, 0x01, 0x00, 0x00, 0xda, 0x0e,
    0x4d, 0x61, 0x70, 0x70, 0x69, 0x6e, 0x67, 0x2e, 0x5f, 0x5f, 0x65, 0x71, 0x5f, 0x5f, 0x43, 0x03,
    0x00, 0x00, 0x73, 0x36, 0x00, 0x00, 0x00, 0x80, 0x00, 0xdc, 0x0f, 0x19, 0x98, 0x25, 0xa4, 0x17,
    0xd7, 0x0f, 0x29, 0xd1, 0x0f, 0x29, 0xdc, 0x13, 0x21, 0xd0, 0x0c, 0x21, 0xdc, 0x0f, 0x13, 0x90,
    0x44, 0x97, 0x4a, 0x91, 0x4a, 0x93, 0x4c, 0xd3, 0x0f, 0x21, 0xa4, 0x54, 0xa8, 0x25, 0xaf, 0x2b,
    0xa9, 0x2b, 0xab, 0x2d, 0xd3, 0x25, 0x38, 0xd1, 0x0f, 0x38, 0xd0, 0x08, 0x38, 0x72, 0x08, 0x00,
    0x00, 0x00, 0x72, 0x06, 0x00, 0x00, 0x00, 0x29, 0x11, 0x72, 0x4e, 0x00, 0x00, 0x00, 0x72, 0x4f,
    0x00, 0x00, 0x00, 0x72, 0x50, 0x00, 0x00, 0x00, 0x72, 0x51, 0x00, 0x00, 0x00, 0x72, 0x04, 0x01,
    0x00, 0x00, 0x72, 0x52, 0x00, 0x00, 0x00, 0xda, 0x0f, 0x5f, 0x5f, 0x61, 0x62, 0x63, 0x5f, 0x74,
    0x70, 0x66, 0x6c, 0x61, 0x67, 0x73, 0x5f, 0x5f, 0x72, 0x04, 0x00, 0x00, 0x00, 0x72, 0x00, 0x01,
    0x00, 0x00, 0x72, 0x9b, 0x01, 0x00, 0x00, 0x72, 0xcd, 0x00, 0x00, 0x00, 0x72, 0xa1, 0x01, 0x00,
    0x00, 0x72, 0xa4, 0x01, 0x00, 0x00, 0x72, 0xa7, 0x01, 0x00, 0x00, 0x72, 0x36, 0x01, 0x00, 0x00,
    0x72, 0xb4, 0x00, 0x00, 0x00, 0x72, 0x54, 0x00, 0x00, 0x00, 0x72, 0x07, 0x00, 0x00, 0x00, 0x72,
    0x08, 0x00, 0x00, 0x00, 0x72, 0x09, 0x00, 0x00, 0x00, 0x72, 0x1b, 0x00, 0x00, 0x00, 0x72, 0x1b,
    0x00, 0x00, 0x00, 0x17, 0x03, 0x00, 0x00, 0x73, 0x4c, 0x00, 0x00, 0x00, 0x86, 0x00, 0xf1, 0x02,
    0x05, 0x05, 0x08, 0xf0, 0x0e, 0x00, 0x11, 0x13, 0x80, 0x49, 0xf0, 0x06, 0x00, 0x17, 0x1d, 0x80,
    0x4f, 0xe0, 0x05, 0x13, 0xf1, 0x02, 0x01, 0x05, 0x17, 0xf3, 0x03, 0x00, 0x06, 0x14, 0xf0, 0x02,
    0x01, 0x05, 0x17, 0xf4, 0x06, 0x05, 0x05, 0x1b, 0xf2, 0x0e, 0x06, 0x05, 0x18, 0xf2, 0x10, 0x02,
    0x05, 0x1e, 0xf2, 0x08, 0x02, 0x05, 0x1f, 0xf2, 0x08, 0x02, 0x05, 0x20, 0xf2, 0x08, 0x03, 0x05,
    0x39, 0xf0, 0x0a, 0x00, 0x14, 0x18, 0x83, 0x4c, 0x72, 0x08, 0x00, 0x00, 0x00, 0x72, 0x1b, 0x00,
    0x00, 0x00, 0x63, 0x00, 0x00, 0x00, 0x00, 0x00, 0x00, 0x00, 0x00, 0x00, 0x00, 0x00, 0x00, 0x03,
    0x00, 0x00, 0x00, 0x00, 0x00, 0x00, 0x00, 0xf3, 0x3a, 0x00, 0x00, 0x00, 0x95, 0x00, 0x5c, 0x00,
    0x72, 0x01, 0x53, 0x00, 0x72, 0x02, 0x53, 0x01, 0x72, 0x03, 0x53, 0x02, 0x72, 0x04, 0x53, 0x03,
    0x1a, 0x00, 0x72, 0x05, 0x53, 0x04, 0x1a, 0x00, 0x72, 0x06, 0x53, 0x05, 0x1a, 0x00, 0x72, 0x07,
    0x5c, 0x08, 0x22, 0x00, 0x5c, 0x09, 0x35, 0x01, 0x00, 0x00, 0x00, 0x00, 0x00, 0x00, 0x72, 0x0a,
    0x53, 0x02, 0x72, 0x0b, 0x67, 0x06, 0x29, 0x07, 0x72, 0x1d, 0x00, 0x00, 0x00, 0x69, 0x4e, 0x03,
    0x00, 0x00, 0xa9, 0x01, 0xda, 0x08, 0x5f, 0x6d, 0x61, 0x70, 0x70, 0x69, 0x6e, 0x67, 0x63, 0x02,
    0x00, 0x00, 0x00, 0x00, 0x00, 0x00, 0x00, 0x00, 0x00, 0x00, 0x00, 0x02, 0x00, 0x00, 0x00, 0x03,
    0x00, 0x00, 0x00, 0xf3, 0x10, 0x00, 0x00, 0x00, 0x95, 0x00, 0x58, 0x10, 0x6c, 0x00, 0x00, 0x00,
    0x00, 0x00, 0x00, 0x00, 0x00, 0x00, 0x67, 0x00, 0x72, 0x06, 0x00, 0x00, 0x00, 0x72, 0xae, 0x01,
    0x00, 0x00, 0x29, 0x02, 0x72, 0x44, 0x00, 0x00, 0x00, 0xda, 0x07, 0x6d, 0x61, 0x70, 0x70, 0x69,
    0x6e, 0x67, 0x73, 0x02, 0x00, 0x00, 0x00, 0x20, 0x20, 0x72, 0x09, 0x00, 0x00, 0x00, 0xda, 0x08,
    0x5f, 0x5f, 0x69, 0x6e, 0x69, 0x74, 0x5f, 0x5f, 0xda, 0x14, 0x4d, 0x61, 0x70, 0x70, 0x69, 0x6e,
    0x67, 0x56, 0x69, 0x65, 0x77, 0x2e, 0x5f, 0x5f, 0x69, 0x6e, 0x69, 0x74, 0x5f, 0x5f, 0x52, 0x03,
    0x00, 0x00, 0x73, 0x07, 0x00, 0x00, 0x00, 0x80, 0x00, 0xd8, 0x18, 0x1f, 0x8d, 0x0d, 0x72, 0x08,
    0x00, 0x00, 0x00, 0x63, 0x01, 0x00, 0x00, 0x00, 0x00, 0x00, 0x00, 0x00, 0x00, 0x00, 0x00, 0x00,
    0x03, 0x00, 0x00, 0x00, 0x03, 0x00, 0x00, 0x00, 0xf3, 0x2c, 0x00, 0x00, 0x00, 0x95, 0x00, 0x5b,
    0x01, 0x00, 0x00, 0x00, 0x00, 0x00, 0x00, 0x00, 0x00, 0x55, 0x00, 0x52, 0x02, 0x00, 0x00, 0x00,
    0x00, 0x00, 0x00, 0x00, 0x00, 0x00, 0x00, 0x00, 0x00, 0x00, 0x00, 0x00, 0x00, 0x00, 0x00, 0x35,
    0x01, 0x00, 0x00, 0x00, 0x00, 0x00, 0x00, 0x24, 0x00, 0x72, 0x06, 0x00, 0x00, 0x00, 0x29, 0x02,
    0x72, 0xe7, 0x00, 0x00, 0x00, 0x72, 0xaf, 0x01, 0x00, 0x00, 0x72, 0x43, 0x00, 0x00, 0x00, 0x73,
    0x01, 0x00, 0x00, 0x00, 0x20, 0x72, 0x09, 0x00, 0x00, 0x00, 0x72, 0xc5, 0x00, 0x00, 0x00, 0xda,
    0x13, 0x4d, 0x61, 0x70, 0x70, 0x69, 0x6e, 0x67, 0x56, 0x69, 0x65, 0x77, 0x2e, 0x5f, 0x5f, 0x6c,
    0x65, 0x6e, 0x5f, 0x5f, 0x55, 0x03, 0x00, 0x00, 0x73, 0x11, 0x00, 0x00, 0x00, 0x80, 0x00, 0xdc,
    0x0f, 0x12, 0x90, 0x34, 0x97, 0x3d, 0x91, 0x3d, 0xd3, 0x0f, 0x21, 0xd0, 0x08, 0x21, 0x72, 0x08,
    0x00, 0x00, 0x00, 0x63, 0x01, 0x00, 0x00, 0x00, 0x00, 0x00, 0x00, 0x00, 0x00, 0x00, 0x00, 0x00,
    0x03, 0x00, 0x00, 0x00, 0x03, 0x00, 0x00, 0x00, 0xf3, 0x24, 0x00, 0x00, 0x00, 0x95, 0x00, 0x53,
    0x01, 0x52, 0x01, 0x00, 0x00, 0x00, 0x00, 0x00, 0x00, 0x00, 0x00, 0x00, 0x00, 0x00, 0x00, 0x00,
    0x00, 0x00, 0x00, 0x00, 0x00, 0x55, 0x00, 0x35, 0x01, 0x00, 0x00, 0x00, 0x00, 0x00, 0x00, 0x24,
    0x00, 0x29, 0x02, 0x4e, 0x7a, 0x26, 0x7b, 0x30, 0x2e, 0x5f, 0x5f, 0x63, 0x6c, 0x61, 0x73, 0x73,
    0x5f, 0x5f, 0x2e, 0x5f, 0x5f, 0x6e, 0x61, 0x6d, 0x65, 0x5f, 0x5f, 0x7d, 0x28, 0x7b, 0x30, 0x2e,
    0x5f, 0x6d, 0x61, 0x70, 0x70, 0x69, 0x6e, 0x67, 0x21, 0x72, 0x7d, 0x29, 0x29, 0x01, 0xda, 0x06,
    0x66, 0x6f, 0x72, 0x6d, 0x61, 0x74, 0x72, 0x43, 0x00, 0x00, 0x00, 0x73, 0x01, 0x00, 0x00, 0x00,
    0x20, 0x72, 0x09, 0x00, 0x00, 0x00, 0x72, 0xf7, 0x00, 0x00, 0x00, 0xda, 0x14, 0x4d, 0x61, 0x70,
    0x70, 0x69, 0x6e, 0x67, 0x56, 0x69, 0x65, 0x77, 0x2e, 0x5f, 0x5f, 0x72, 0x65, 0x70, 0x72, 0x5f,
    0x5f, 0x58, 0x03, 0x00, 0x00, 0x73, 0x13, 0x00, 0x00, 0x00, 0x80, 0x00, 0xd8, 0x0f, 0x37, 0xd7,
    0x0f, 0x3e, 0xd1, 0x0f, 0x3e, 0xb8, 0x74, 0xd3, 0x0f, 0x44, 0xd0, 0x08, 0x44, 0x72, 0x08, 0x00,
    0x00, 0x00, 0x4e, 0x29, 0x0c, 0x72, 0x4e, 0x00, 0x00, 0x00, 0x72, 0x4f, 0x00, 0x00, 0x00, 0x72,
    0x50, 0x00, 0x00, 0x00, 0x72, 0x51, 0x00, 0x00, 0x00, 0x72, 0x52, 0x00, 0x00, 0x00, 0x72, 0xb2,
    0x01, 0x00, 0x00, 0x72, 0xc5, 0x00, 0x00, 0x00, 0x72, 0xf7, 0x00, 0x00, 0x00, 0x72, 0x53, 0x00,
    0x00, 0x00, 0x72, 0x5e, 0x00, 0x00, 0x00, 0x72, 0x5f, 0x00, 0x00, 0x00, 0x72, 0x54, 0x00, 0x00,
    0x00, 0x72, 0x07, 0x00, 0x00, 0x00, 0x72, 0x08, 0x00, 0x00, 0x00, 0x72, 0x09, 0x00, 0x00, 0x00,
    0x72, 0x1d, 0x00, 0x00, 0x00, 0x72, 0x1d, 0x00, 0x00, 0x00, 0x4e, 0x03, 0x00, 0x00, 0x73, 0x24,
    0x00, 0x00, 0x00, 0x86, 0x00, 0xe0, 0x10, 0x1b, 0x80, 0x49, 0xf2, 0x04, 0x01, 0x05, 0x20, 0xf2,
    0x06, 0x01, 0x05, 0x22, 0xf2, 0x06, 0x01, 0x05, 0x45, 0x01, 0xf1, 0x06, 0x00, 0x19, 0x24, 0xa0,
    0x4c, 0xd3, 0x18, 0x31, 0xd3, 0x04, 0x15, 0x72, 0x08, 0x00, 0x00, 0x00, 0x72, 0x1d, 0x00, 0x00,
    0x00, 0x63, 0x00, 0x00, 0x00, 0x00, 0x00, 0x00, 0x00, 0x00, 0x00, 0x00, 0x00, 0x00, 0x02, 0x00,
    0x00, 0x00, 0x00, 0x00, 0x00, 0x00, 0xf3, 0x34, 0x00, 0x00, 0x00, 0x95, 0x00, 0x5c, 0x00, 0x72,
    0x01, 0x53, 0x00, 0x72, 0x02, 0x53, 0x01, 0x72, 0x03, 0x53, 0x02, 0x72, 0x04, 0x5c, 0x05, 0x53,
    0x03, 0x1a, 0x00, 0x35, 0x00, 0x00, 0x00, 0x00, 0x00, 0x00, 0x00, 0x72, 0x06, 0x53, 0x04, 0x1a,
    0x00, 0x72, 0x07, 0x53, 0x05, 0x1a, 0x00, 0x72, 0x08, 0x53, 0x02, 0x72, 0x09, 0x67, 0x06, 0x29,
    0x07, 0x72, 0x1e, 0x00, 0x00, 0x00, 0x69, 0x5e, 0x03, 0x00, 0x00, 0x72, 0x07, 0x00, 0x00, 0x00,
    0x63, 0x02, 0x00, 0x00, 0x00, 0x00, 0x00, 0x00, 0x00, 0x00, 0x00, 0x00, 0x00, 0x03, 0x00, 0x00,
    0x00, 0x03, 0x00, 0x00, 0x00, 0xf3, 0x18, 0x00, 0x00, 0x00, 0x95, 0x00, 0x5b, 0x01, 0x00, 0x00,
    0x00, 0x00, 0x00, 0x00, 0x00, 0x00, 0x55, 0x01, 0x35, 0x01, 0x00, 0x00, 0x00, 0x00, 0x00, 0x00,
    0x24, 0x00, 0x72, 0x06, 0x00, 0x00, 0x00, 0xa9, 0x01, 0xda, 0x03, 0x73, 0x65, 0x74, 0x72, 0x39,
    0x01, 0x00, 0x00, 0x73, 0x02, 0x00, 0x00, 0x00, 0x20, 0x20, 0x72, 0x09, 0x00, 0x00, 0x00, 0x72,
    0x3b, 0x01, 0x00, 0x00, 0xda, 0x17, 0x4b, 0x65, 0x79, 0x73, 0x56, 0x69, 0x65, 0x77, 0x2e, 0x5f,
    0x66, 0x72, 0x6f, 0x6d, 0x5f, 0x69, 0x74, 0x65, 0x72, 0x61, 0x62, 0x6c, 0x65, 0x62, 0x03, 0x00,
    0x00, 0xf3, 0x0b, 0x00, 0x00, 0x00, 0x80, 0x00, 0xe4, 0x0f, 0x12, 0x90, 0x32, 0x8b, 0x77, 0x88,
    0x0e, 0x72, 0x08, 0x00, 0x00, 0x00, 0x63, 0x02, 0x00, 0x00, 0x00, 0x00, 0x00, 0x00, 0x00, 0x00,
    0x00, 0x00, 0x00, 0x02, 0x00, 0x00, 0x00, 0x03, 0x00, 0x00, 0x00, 0xf3, 0x1e, 0x00, 0x00, 0x00,
    0x95, 0x00, 0x58, 0x10, 0x52, 0x00, 0x00, 0x00, 0x00, 0x00, 0x00, 0x00, 0x00, 0x00, 0x00, 0x00,
    0x00, 0x00, 0x00, 0x00, 0x00, 0x00, 0x00, 0x00, 0x3b, 0x00, 0x00, 0x00, 0x24, 0x00, 0x72, 0x06,
    0x00, 0x00, 0x00, 0x72, 0xae, 0x01, 0x00, 0x00, 0x72, 0x94, 0x01, 0x00, 0x00, 0x73, 0x02, 0x00,
    0x00, 0x00, 0x20, 0x20, 0x72, 0x09, 0x00, 0x00, 0x00, 0x72, 0xcd, 0x00, 0x00, 0x00, 0xda, 0x15,
    0x4b, 0x65, 0x79, 0x73, 0x56, 0x69, 0x65, 0x77, 0x2e, 0x5f, 0x5f, 0x63, 0x6f, 0x6e, 0x74, 0x61,
    0x69, 0x6e, 0x73, 0x5f, 0x5f, 0x66, 0x03, 0x00, 0x00, 0x73, 0x0f, 0x00, 0x00, 0x00, 0x80, 0x00,
    0xd8, 0x0f, 0x12, 0x97, 0x6d, 0x91, 0x6d, 0xd1, 0x0f, 0x23, 0xd0, 0x08, 0x23, 0x72, 0x08, 0x00,
    0x00, 0x00, 0x63, 0x01, 0x00, 0x00, 0x00, 0x00, 0x00, 0x00, 0x00, 0x00, 0x00, 0x00, 0x00, 0x03,
    0x00, 0x00, 0x00, 0x23, 0x00, 0x00, 0x00, 0xf3, 0x38, 0x00, 0x00, 0x00, 0x23, 0x00, 0x20, 0x00,
    0x95, 0x00, 0x55, 0x00, 0x52, 0x00, 0x00, 0x00, 0x00, 0x00, 0x00, 0x00, 0x00, 0x00, 0x00, 0x00,
    0x00, 0x00, 0x00, 0x00, 0x00, 0x00, 0x00, 0x00, 0x15, 0x00, 0x53, 0x00, 0x68, 0x03, 0x00, 0x00,
    0x76, 0x01, 0x95, 0x02, 0x4e, 0x05, 0x0c, 0x00, 0x20, 0x00, 0x67, 0x00, 0x08, 0x00, 0x4e, 0x05,
    0x37, 0x03, 0x66, 0x01, 0x72, 0x06, 0x00, 0x00, 0x00, 0x72, 0xae, 0x01, 0x00, 0x00, 0x72, 0x43,
    0x00, 0x00, 0x00, 0x73, 0x01, 0x00, 0x00, 0x00, 0x20, 0x72, 0x09, 0x00, 0x00, 0x00, 0x72, 0xa5,
    0x00, 0x00, 0x00, 0xda, 0x11, 0x4b, 0x65, 0x79, 0x73, 0x56, 0x69, 0x65, 0x77, 0x2e, 0x5f, 0x5f,
    0x69, 0x74, 0x65, 0x72, 0x5f, 0x5f, 0x69, 0x03, 0x00, 0x00, 0x73, 0x12, 0x00, 0x00, 0x00, 0xe9,
    0x00, 0x80, 0x00, 0xd8, 0x13, 0x17, 0x97, 0x3d, 0x91, 0x3d, 0xd7, 0x08, 0x20, 0xd3, 0x08, 0x20,
    0xf9, 0x73, 0x0c, 0x00, 0x00, 0x00, 0x82, 0x10, 0x1a, 0x01, 0x92, 0x01, 0x18, 0x04, 0x93, 0x06,
    0x1a, 0x01, 0x4e, 0xa9, 0x0a, 0x72, 0x4e, 0x00, 0x00, 0x00, 0x72, 0x4f, 0x00, 0x00, 0x00, 0x72,
    0x50, 0x00, 0x00, 0x00, 0x72, 0x51, 0x00, 0x00, 0x00, 0x72, 0x52, 0x00, 0x00, 0x00, 0x72, 0x53,
    0x00, 0x00, 0x00, 0x72, 0x3b, 0x01, 0x00, 0x00, 0x72, 0xcd, 0x00, 0x00, 0x00, 0x72, 0xa5, 0x00,
    0x00, 0x00, 0x72, 0x54, 0x00, 0x00, 0x00, 0x72, 0x07, 0x00, 0x00, 0x00, 0x72, 0x08, 0x00, 0x00,
    0x00, 0x72, 0x09, 0x00, 0x00, 0x00, 0x72, 0x1e, 0x00, 0x00, 0x00, 0x72, 0x1e, 0x00, 0x00, 0x00,
    0x5e, 0x03, 0x00, 0x00, 0x73, 0x23, 0x00, 0x00, 0x00, 0x86, 0x00, 0xe0, 0x10, 0x12, 0x80, 0x49,
    0xe0, 0x05, 0x10, 0xf1, 0x02, 0x01, 0x05, 0x17, 0xf3, 0x03, 0x00, 0x06, 0x11, 0xf0, 0x02, 0x01,
    0x05, 0x17, 0xf2, 0x06, 0x01, 0x05, 0x24, 0xf5, 0x06, 0x01, 0x05, 0x21, 0x72, 0x08, 0x00, 0x00,
    0x00, 0x72, 0x1e, 0x00, 0x00, 0x00, 0x63, 0x00, 0x00, 0x00, 0x00, 0x00, 0x00, 0x00, 0x00, 0x00,
    0x00, 0x00, 0x00, 0x02, 0x00, 0x00, 0x00, 0x00, 0x00, 0x00, 0x00, 0xf3, 0x34, 0x00, 0x00, 0x00,
    0x95, 0x00, 0x5c, 0x00, 0x72, 0x01, 0x53, 0x00, 0x72, 0x02, 0x53, 0x01, 0x72, 0x03, 0x53, 0x02,
    0x72, 0x04, 0x5c, 0x05, 0x53, 0x03, 0x1a, 0x00, 0x35, 0x00, 0x00, 0x00, 0x00, 0x00, 0x00, 0x00,
    0x72, 0x06, 0x53, 0x04, 0x1a, 0x00, 0x72, 0x07, 0x53, 0x05, 0x1a, 0x00, 0x72, 0x08, 0x53, 0x02,
    0x72, 0x09, 0x67, 0x06, 0x29, 0x07, 0x72, 0x1f, 0x00, 0x00, 0x00, 0x69, 0x70, 0x03, 0x00, 0x00,
    0x72, 0x07, 0x00, 0x00, 0x00, 0x63, 0x02, 0x00, 0x00, 0x00, 0x00, 0x00, 0x00, 0x00, 0x00, 0x00,
    0x00, 0x00, 0x03, 0x00, 0x00, 0x00, 0x03, 0x00, 0x00, 0x00, 0xf3, 0x18, 0x00, 0x00, 0x00, 0x95,
    0x00, 0x5b, 0x01, 0x00, 0x00, 0x00, 0x00, 0x00, 0x00, 0x00, 0x00, 0x55, 0x01, 0x35, 0x01, 0x00,
    0x00, 0x00, 0x00, 0x00, 0x00, 0x24, 0x00, 0x72, 0x06, 0x00, 0x00, 0x00, 0x72, 0xbb, 0x01, 0x00,
    0x00, 0x72, 0x39, 0x01, 0x00, 0x00, 0x73, 0x02, 0x00, 0x00, 0x00, 0x20, 0x20, 0x72, 0x09, 0x00,
    0x00, 0x00, 0x72, 0x3b, 0x01, 0x00, 0x00, 0xda, 0x18, 0x49, 0x74, 0x65, 0x6d, 0x73, 0x56, 0x69,
    0x65, 0x77, 0x2e, 0x5f, 0x66, 0x72, 0x6f, 0x6d, 0x5f, 0x69, 0x74, 0x65, 0x72, 0x61, 0x62, 0x6c,
    0x65, 0x74, 0x03, 0x00, 0x00, 0x72, 0xbe, 0x01, 0x00, 0x00, 0x72, 0x08, 0x00, 0x00, 0x00, 0x63,
    0x02, 0x00, 0x00, 0x00, 0x00, 0x00, 0x00, 0x00, 0x00, 0x00, 0x00, 0x00, 0x04, 0x00, 0x00, 0x00,
    0x03, 0x00, 0x00, 0x00, 0xf3, 0x66, 0x00, 0x00, 0x00, 0x95, 0x00, 0x55, 0x01, 0x75, 0x02, 0x00,
    0x00, 0x70, 0x23, 0x1e, 0x00, 0x55, 0x00, 0x52, 0x00, 0x00, 0x00, 0x00, 0x00, 0x00, 0x00, 0x00,
    0x00, 0x00, 0x00, 0x00, 0x00, 0x00, 0x00, 0x00, 0x00, 0x00, 0x00, 0x55, 0x02, 0x05, 0x00, 0x00,
    0x00, 0x6e, 0x04, 0x58, 0x43, 0x4c, 0x00, 0x3d, 0x01, 0x28, 0x00, 0x00, 0x00, 0x00, 0x00, 0x00,
    0x00, 0x64, 0x04, 0x00, 0x00, 0x20, 0x00, 0x58, 0x43, 0x3a, 0x48, 0x00, 0x00, 0x24, 0x00, 0x21,
    0x00, 0x5b, 0x02, 0x00, 0x00, 0x00, 0x00, 0x00, 0x00, 0x00, 0x00, 0x07, 0x00, 0x61, 0x03, 0x00,
    0x00, 0x20, 0x00, 0x1f, 0x00, 0x67, 0x01, 0x66, 0x00, 0x3d, 0x03, 0x1f, 0x00, 0x66, 0x01, 0x72,
    0xcb, 0x00, 0x00, 0x00, 0x29, 0x02, 0x72, 0xaf, 0x01, 0x00, 0x00, 0x72, 0x77, 0x01, 0x00, 0x00,
    0x29, 0x05, 0x72, 0x44, 0x00, 0x00, 0x00, 0x72, 0x01, 0x01, 0x00, 0x00, 0x72, 0x95, 0x01, 0x00,
    0x00, 0x72, 0x66, 0x00, 0x00, 0x00, 0xda, 0x01, 0x76, 0x73, 0x05, 0x00, 0x00, 0x00, 0x20, 0x20,
    0x20, 0x20, 0x20, 0x72, 0x09, 0x00, 0x00, 0x00, 0x72, 0xcd, 0x00, 0x00, 0x00, 0xda, 0x16, 0x49,
    0x74, 0x65, 0x6d, 0x73, 0x56, 0x69, 0x65, 0x77, 0x2e, 0x5f, 0x5f, 0x63, 0x6f, 0x6e, 0x74, 0x61,
    0x69, 0x6e, 0x73, 0x5f, 0x5f, 0x78, 0x03, 0x00, 0x00, 0x73, 0x41, 0x00, 0x00, 0x00, 0x80, 0x00,
    0xd8, 0x15, 0x19, 0x89, 0x0a, 0x88, 0x03, 0xf0, 0x02, 0x05, 0x09, 0x2c, 0xd8, 0x10, 0x14, 0x97,
    0x0d, 0x91, 0x0d, 0x98, 0x63, 0xd1, 0x10, 0x22, 0x88, 0x41, 0xf0, 0x08, 0x00, 0x14, 0x15, 0x90,
    0x3a, 0xd7, 0x13, 0x2b, 0xa0, 0x11, 0xa1, 0x1a, 0xd0, 0x0c, 0x2b, 0xf8, 0xf4, 0x07, 0x00, 0x10,
    0x18, 0xf3, 0x00, 0x01, 0x09, 0x19, 0xd9, 0x13, 0x18, 0xf0, 0x03, 0x01, 0x09, 0x19, 0xfa, 0x73,
    0x0c, 0x00, 0x00, 0x00, 0x86, 0x0f, 0x23, 0x00, 0xa3, 0x0a, 0x30, 0x03, 0xaf, 0x01, 0x30, 0x03,
    0x63, 0x01, 0x00, 0x00, 0x00, 0x00, 0x00, 0x00, 0x00, 0x00, 0x00, 0x00, 0x00, 0x04, 0x00, 0x00,
    0x00, 0x23, 0x00, 0x00, 0x00, 0xf3, 0x56, 0x00, 0x00, 0x00, 0x23, 0x00, 0x20, 0x00, 0x95, 0x00,
    0x55, 0x00, 0x52, 0x00, 0x00, 0x00, 0x00, 0x00, 0x00, 0x00, 0x00, 0x00, 0x00, 0x00, 0x00, 0x00,
    0x00, 0x00, 0x00, 0x00, 0x00, 0x00, 0x13, 0x00, 0x48, 0x15, 0x00, 0x00, 0x6e, 0x01, 0x58, 0x10,
    0x52, 0x00, 0x00, 0x00, 0x00, 0x00, 0x00, 0x00, 0x00, 0x00, 0x00, 0x00, 0x00, 0x00, 0x00, 0x00,
    0x00, 0x00, 0x00, 0x00, 0x55, 0x01, 0x05, 0x00, 0x00, 0x00, 0x34, 0x02, 0x76, 0x00, 0x95, 0x05,
    0x20, 0x00, 0x4d, 0x17, 0x00, 0x00, 0x0b, 0x00, 0x20, 0x00, 0x67, 0x00, 0x37, 0x03, 0x66, 0x01,
    0x72, 0x06, 0x00, 0x00, 0x00, 0x72, 0xae, 0x01, 0x00, 0x00, 0x72, 0x94, 0x01, 0x00, 0x00, 0x73,
    0x02, 0x00, 0x00, 0x00, 0x20, 0x20, 0x72, 0x09, 0x00, 0x00, 0x00, 0x72, 0xa5, 0x00, 0x00, 0x00,
    0xda, 0x12, 0x49, 0x74, 0x65, 0x6d, 0x73, 0x56, 0x69, 0x65, 0x77, 0x2e, 0x5f, 0x5f, 0x69, 0x74,
    0x65, 0x72, 0x5f, 0x5f, 0x81, 0x03, 0x00, 0x00, 0x73, 0x25, 0x00, 0x00, 0x00, 0xe9, 0x00, 0x80,
    0x00, 0xd8, 0x13, 0x17, 0x97, 0x3d, 0x94, 0x3d, 0x88, 0x43, 0xd8, 0x13, 0x16, 0x9f, 0x0d, 0x99,
    0x0d, 0xa0, 0x63, 0xd1, 0x18, 0x2a, 0xd0, 0x12, 0x2b, 0xd4, 0x0c, 0x2b, 0xf2, 0x03, 0x00, 0x14,
    0x21, 0xf9, 0x73, 0x04, 0x00, 0x00, 0x00, 0x82, 0x27, 0x29, 0x01, 0x4e, 0x72, 0xc3, 0x01, 0x00,
    0x00, 0x72, 0x07, 0x00, 0x00, 0x00, 0x72, 0x08, 0x00, 0x00, 0x00, 0x72, 0x09, 0x00, 0x00, 0x00,
    0x72, 0x1f, 0x00, 0x00, 0x00, 0x72, 0x1f, 0x00, 0x00, 0x00, 0x70, 0x03, 0x00, 0x00, 0x73, 0x23,
    0x00, 0x00, 0x00, 0x86, 0x00, 0xe0, 0x10, 0x12, 0x80, 0x49, 0xe0, 0x05, 0x10, 0xf1, 0x02, 0x01,
    0x05, 0x17, 0xf3, 0x03, 0x00, 0x06, 0x11, 0xf0, 0x02, 0x01, 0x05, 0x17, 0xf2, 0x06, 0x07, 0x05,
    0x2c, 0xf5, 0x12, 0x02, 0x05, 0x2c, 0x72, 0x08, 0x00, 0x00, 0x00, 0x72, 0x1f, 0x00, 0x00, 0x00,
    0x63, 0x00, 0x00, 0x00, 0x00, 0x00, 0x00, 0x00, 0x00, 0x00, 0x00, 0x00, 0x00, 0x01, 0x00, 0x00,
    0x00, 0x00, 0x00, 0x00, 0x00, 0xf3, 0x24, 0x00, 0x00, 0x00, 0x95, 0x00, 0x5c, 0x00, 0x72, 0x01,
    0x53, 0x00, 0x72, 0x02, 0x53, 0x01, 0x72, 0x03, 0x53, 0x02, 0x72, 0x04, 0x53, 0x03, 0x1a, 0x00,
    0x72, 0x05, 0x53, 0x04, 0x1a, 0x00, 0x72, 0x06, 0x53, 0x02, 0x72, 0x07, 0x67, 0x05, 0x29, 0x06,
    0x72, 0x20, 0x00, 0x00, 0x00, 0x69, 0x89, 0x03, 0x00, 0x00, 0x72, 0x07, 0x00, 0x00, 0x00, 0x63,
    0x02, 0x00, 0x00, 0x00, 0x00, 0x00, 0x00, 0x00, 0x00, 0x00, 0x00, 0x00, 0x03, 0x00, 0x00, 0x00,
    0x03, 0x00, 0x00, 0x00, 0xf3, 0x5e, 0x00, 0x00, 0x00, 0x95, 0x00, 0x55, 0x00, 0x52, 0x00, 0x00,
    0x00, 0x00, 0x00, 0x00, 0x00, 0x00, 0x00, 0x00, 0x00, 0x00, 0x00, 0x00, 0x00, 0x00, 0x00, 0x00,
    0x00, 0x13, 0x00, 0x48, 0x1d, 0x00, 0x00, 0x6e, 0x02, 0x55, 0x00, 0x52, 0x00, 0x00, 0x00, 0x00,
    0x00, 0x00, 0x00, 0x00, 0x00, 0x00, 0x00, 0x00, 0x00, 0x00, 0x00, 0x00, 0x00, 0x00, 0x00, 0x55,
    0x02, 0x05, 0x00, 0x00, 0x00, 0x6e, 0x03, 0x58, 0x31, 0x4c, 0x00, 0x64, 0x07, 0x00, 0x00, 0x58,
    0x31, 0x3a, 0x58, 0x00, 0x00, 0x64, 0x02, 0x00, 0x00, 0x4d, 0x1d, 0x00, 0x00, 0x20, 0x00, 0x67,
    0x01, 0x0b, 0x00, 0x20, 0x00, 0x67, 0x02, 0x72, 0x9e, 0x01, 0x00, 0x00, 0x72, 0xae, 0x01, 0x00,
    0x00, 0x29, 0x04, 0x72, 0x44, 0x00, 0x00, 0x00, 0x72, 0x66, 0x00, 0x00, 0x00, 0x72, 0x95, 0x01,
    0x00, 0x00, 0x72, 0xc8, 0x01, 0x00, 0x00, 0x73, 0x04, 0x00, 0x00, 0x00, 0x20, 0x20, 0x20, 0x20,
    0x72, 0x09, 0x00, 0x00, 0x00, 0x72, 0xcd, 0x00, 0x00, 0x00, 0xda, 0x17, 0x56, 0x61, 0x6c, 0x75,
    0x65, 0x73, 0x56, 0x69, 0x65, 0x77, 0x2e, 0x5f, 0x5f, 0x63, 0x6f, 0x6e, 0x74, 0x61, 0x69, 0x6e,
    0x73, 0x5f, 0x5f, 0x8d, 0x03, 0x00, 0x00, 0x73, 0x2f, 0x00, 0x00, 0x00, 0x80, 0x00, 0xd8, 0x13,
    0x17, 0x97, 0x3d, 0x94, 0x3d, 0x88, 0x43, 0xd8, 0x10, 0x14, 0x97, 0x0d, 0x91, 0x0d, 0x98, 0x63,
    0xd1, 0x10, 0x22, 0x88, 0x41, 0xd8, 0x0f, 0x10, 0x8a, 0x7a, 0x98, 0x51, 0x9d, 0x5a, 0xd9, 0x17,
    0x1b, 0xf1, 0x07, 0x00, 0x14, 0x21, 0xf0, 0x08, 0x00, 0x10, 0x15, 0x72, 0x08, 0x00, 0x00, 0x00,
    0x63, 0x01, 0x00, 0x00, 0x00, 0x00, 0x00, 0x00, 0x00, 0x00, 0x00, 0x00, 0x00, 0x03, 0x00, 0x00,
    0x00, 0x23, 0x00, 0x00, 0x00, 0xf3, 0x54, 0x00, 0x00, 0x00, 0x23, 0x00, 0x20, 0x00, 0x95, 0x00,
    0x55, 0x00, 0x52, 0x00, 0x00, 0x00, 0x00, 0x00, 0x00, 0x00, 0x00, 0x00, 0x00, 0x00, 0x00, 0x00,
    0x00, 0x00, 0x00, 0x00, 0x00, 0x00, 0x13, 0x00, 0x48, 0x14, 0x00, 0x00, 0x6e, 0x01, 0x55, 0x00,
    0x52, 0x00, 0x00, 0x00, 0x00, 0x00, 0x00, 0x00, 0x00, 0x00, 0x00, 0x00, 0x00, 0x00, 0x00, 0x00,
    0x00, 0x00, 0x00, 0x00, 0x55, 0x01, 0x05, 0x00, 0x00, 0x00, 0x76, 0x00, 0x95, 0x05, 0x20, 0x00,
    0x4d, 0x16, 0x00, 0x00, 0x0b, 0x00, 0x20, 0x00, 0x67, 0x00, 0x37, 0x03, 0x66, 0x01, 0x72, 0x06,
    0x00, 0x00, 0x00, 0x72, 0xae, 0x01, 0x00, 0x00, 0x72, 0x94, 0x01, 0x00, 0x00, 0x73, 0x02, 0x00,
    0x00, 0x00, 0x20, 0x20, 0x72, 0x09, 0x00, 0x00, 0x00, 0x72, 0xa5, 0x00, 0x00, 0x00, 0xda, 0x13,
    0x56, 0x61, 0x6c, 0x75, 0x65, 0x73, 0x56, 0x69, 0x65, 0x77, 0x2e, 0x5f, 0x5f, 0x69, 0x74, 0x65,
    0x72, 0x5f, 0x5f, 0x94, 0x03, 0x00, 0x00, 0x73, 0x22, 0x00, 0x00, 0x00, 0xe9, 0x00, 0x80, 0x00,
    0xd8, 0x13, 0x17, 0x97, 0x3d, 0x94, 0x3d, 0x88, 0x43, 0xd8, 0x12, 0x16, 0x97, 0x2d, 0x91, 0x2d,
    0xa0, 0x03, 0xd1, 0x12, 0x24, 0xd4, 0x0c, 0x24, 0xf2, 0x03, 0x00, 0x14, 0x21, 0xf9, 0x72, 0x9d,
    0x00, 0x00, 0x00, 0x4e, 0x29, 0x08, 0x72, 0x4e, 0x00, 0x00, 0x00, 0x72, 0x4f, 0x00, 0x00, 0x00,
    0x72, 0x50, 0x00, 0x00, 0x00, 0x72, 0x51, 0x00, 0x00, 0x00, 0x72, 0x52, 0x00, 0x00, 0x00, 0x72,
    0xcd, 0x00, 0x00, 0x00, 0x72, 0xa5, 0x00, 0x00, 0x00, 0x72, 0x54, 0x00, 0x00, 0x00, 0x72, 0x07,
    0x00, 0x00, 0x00, 0x72, 0x08, 0x00, 0x00, 0x00, 0x72, 0x09, 0x00, 0x00, 0x00, 0x72, 0x20, 0x00,
    0x00, 0x00, 0x72, 0x20, 0x00, 0x00, 0x00, 0x89, 0x03, 0x00, 0x00, 0x73, 0x11, 0x00, 0x00, 0x00,
    0x86, 0x00, 0xe0, 0x10, 0x12, 0x80, 0x49, 0xf2, 0x04, 0x05, 0x05, 0x15, 0xf5, 0x0e, 0x02, 0x05,
    0x25, 0x72, 0x08, 0x00, 0x00, 0x00, 0x72, 0x20, 0x00, 0x00, 0x00, 0x63, 0x00, 0x00, 0x00, 0x00,
    0x00, 0x00, 0x00, 0x00, 0x00, 0x00, 0x00, 0x00, 0x02, 0x00, 0x00, 0x00, 0x00, 0x00, 0x00, 0x00,
    0xf3, 0x76, 0x00, 0x00, 0x00, 0x95, 0x00, 0x5c, 0x00, 0x72, 0x01, 0x53, 0x00, 0x72, 0x02, 0x53,
    0x01, 0x72, 0x03, 0x53, 0x02, 0x72, 0x04, 0x53, 0x03, 0x72, 0x05, 0x5c, 0x06, 0x53, 0x04, 0x1a,
    0x00, 0x35, 0x00, 0x00, 0x00, 0x00, 0x00, 0x00, 0x00, 0x72, 0x07, 0x5c, 0x06, 0x53, 0x05, 0x1a,
    0x00, 0x35, 0x00, 0x00, 0x00, 0x00, 0x00, 0x00, 0x00, 0x72, 0x08, 0x5c, 0x09, 0x22, 0x00, 0x35,
    0x00, 0x00, 0x00, 0x00, 0x00, 0x00, 0x00, 0x72, 0x0a, 0x5c, 0x0a, 0x34, 0x01, 0x53, 0x06, 0x1a,
    0x00, 0x6a, 0x01, 0x72, 0x0b, 0x53, 0x07, 0x1a, 0x00, 0x72, 0x0c, 0x53, 0x08, 0x1a, 0x00, 0x72,
    0x0d, 0x53, 0x0c, 0x53, 0x09, 0x1a, 0x00, 0x6a, 0x01, 0x72, 0x0e, 0x53, 0x0d, 0x53, 0x0b, 0x1a,
    0x00, 0x6a, 0x01, 0x72, 0x0f, 0x53, 0x03, 0x72, 0x10, 0x67, 0x0a, 0x29, 0x0e, 0x72, 0x1c, 0x00,
    0x00, 0x00, 0x69, 0x9c, 0x03, 0x00, 0x00, 0x7a, 0xd7, 0x41, 0x20, 0x4d, 0x75, 0x74, 0x61, 0x62,
    0x6c, 0x65, 0x4d, 0x61, 0x70, 0x70, 0x69, 0x6e, 0x67, 0x20, 0x69, 0x73, 0x20, 0x61, 0x20, 0x67,
    0x65, 0x6e, 0x65, 0x72, 0x69, 0x63, 0x20, 0x63, 0x6f, 0x6e, 0x74, 0x61, 0x69, 0x6e, 0x65, 0x72,
    0x20, 0x66, 0x6f, 0x72, 0x20, 0x61, 0x73, 0x73, 0x6f, 0x63, 0x69, 0x61, 0x74, 0x69, 0x6e, 0x67,
    0x0a, 0x6b, 0x65, 0x79, 0x2f, 0x76, 0x61, 0x6c, 0x75, 0x65, 0x20, 0x70, 0x61, 0x69, 0x72, 0x73,
    0x2e, 0x0a, 0x0a, 0x54, 0x68, 0x69, 0x73, 0x20, 0x63, 0x6c, 0x61, 0x73, 0x73, 0x20, 0x70, 0x72,
    0x6f, 0x76, 0x69, 0x64, 0x65, 0x73, 0x20, 0x63, 0x6f, 0x6e, 0x63, 0x72, 0x65, 0x74, 0x65, 0x20,
    0x67, 0x65, 0x6e, 0x65, 0x72, 0x69, 0x63, 0x20, 0x69, 0x6d, 0x70, 0x6c, 0x65, 0x6d, 0x65, 0x6e,
    0x74, 0x61, 0x74, 0x69, 0x6f, 0x6e, 0x73, 0x20, 0x6f, 0x66, 0x20, 0x61, 0x6c, 0x6c, 0x0a, 0x6d,
    0x65, 0x74, 0x68, 0x6f, 0x64, 0x73, 0x20, 0x65, 0x78, 0x63, 0x65, 0x70, 0x74, 0x20, 0x66, 0x6f,
    0x72, 0x20, 0x5f, 0x5f, 0x67, 0x65, 0x74, 0x69, 0x74, 0x65, 0x6d, 0x5f, 0x5f, 0x2c, 0x20, 0x5f,
    0x5f, 0x73, 0x65, 0x74, 0x69, 0x74, 0x65, 0x6d, 0x5f, 0x5f, 0x2c, 0x20, 0x5f, 0x5f, 0x64, 0x65,
    0x6c, 0x69, 0x74, 0x65, 0x6d, 0x5f, 0x5f, 0x2c, 0x0a, 0x5f, 0x5f, 0x69, 0x74, 0x65, 0x72, 0x5f,
    0x5f, 0x2c, 0x20, 0x61, 0x6e, 0x64, 0x20, 0x5f, 0x5f, 0x6c, 0x65, 0x6e, 0x5f, 0x5f, 0x2e, 0x0a,
    0x72, 0x07, 0x00, 0x00, 0x00, 0x63, 0x03, 0x00, 0x00, 0x00, 0x00, 0x00, 0x00, 0x00, 0x00, 0x00,
    0x00, 0x00, 0x01, 0x00, 0x00, 0x00, 0x03, 0x00, 0x00, 0x00, 0xf3, 0x0e, 0x00, 0x00, 0x00, 0x95,
    0x00, 0x5b, 0x00, 0x00, 0x00, 0x00, 0x00, 0x00, 0x00, 0x00, 0x00, 0x65, 0x01, 0x72, 0x06, 0x00,
    0x00, 0x00, 0x72, 0x93, 0x01, 0x00, 0x00, 0xa9, 0x03, 0x72, 0x44, 0x00, 0x00, 0x00, 0x72, 0x95,
    0x01, 0x00, 0x00, 0x72, 0x66, 0x00, 0x00, 0x00, 0x73, 0x03, 0x00, 0x00, 0x00, 0x20, 0x20, 0x20,
    0x72, 0x09, 0x00, 0x00, 0x00, 0xda, 0x0b, 0x5f, 0x5f, 0x73, 0x65, 0x74, 0x69, 0x74, 0x65, 0x6d,
    0x5f, 0x5f, 0xda, 0x1a, 0x4d, 0x75, 0x74, 0x61, 0x62, 0x6c, 0x65, 0x4d, 0x61, 0x70, 0x70, 0x69,
    0x6e, 0x67, 0x2e, 0x5f, 0x5f, 0x73, 0x65, 0x74, 0x69, 0x74, 0x65, 0x6d, 0x5f, 0x5f, 0xa7, 0x03,
    0x00, 0x00, 0x72, 0x97, 0x01, 0x00, 0x00, 0x72, 0x08, 0x00, 0x00, 0x00, 0x63, 0x02, 0x00, 0x00,
    0x00, 0x00, 0x00, 0x00, 0x00, 0x00, 0x00, 0x00, 0x00, 0x01, 0x00, 0x00, 0x00, 0x03, 0x00, 0x00,
    0x00, 0xf3, 0x0e, 0x00, 0x00, 0x00, 0x95, 0x00, 0x5b, 0x00, 0x00, 0x00, 0x00, 0x00, 0x00, 0x00,
    0x00, 0x00, 0x65, 0x01, 0x72, 0x06, 0x00, 0x00, 0x00, 0x72, 0x93, 0x01, 0x00, 0x00, 0x72, 0x94,
    0x01, 0x00, 0x00, 0x73, 0x02, 0x00, 0x00, 0x00, 0x20, 0x20, 0x72, 0x09, 0x00, 0x00, 0x00, 0xda,
    0x0b, 0x5f, 0x5f, 0x64, 0x65, 0x6c, 0x69, 0x74, 0x65, 0x6d, 0x5f, 0x5f, 0xda, 0x1a, 0x4d, 0x75,
    0x74, 0x61, 0x62, 0x6c, 0x65, 0x4d, 0x61, 0x70, 0x70, 0x69, 0x6e, 0x67, 0x2e, 0x5f, 0x5f, 0x64,
    0x65, 0x6c, 0x69, 0x74, 0x65, 0x6d, 0x5f, 0x5f, 0xab, 0x03, 0x00, 0x00, 0x72, 0x97, 0x01, 0x00,
    0x00, 0x72, 0x08, 0x00, 0x00, 0x00, 0x63, 0x03, 0x00, 0x00, 0x00, 0x00, 0x00, 0x00, 0x00, 0x00,
    0x00, 0x00, 0x00, 0x04, 0x00, 0x00, 0x00, 0x03, 0x00, 0x00, 0x00, 0xf3, 0x56, 0x00, 0x00, 0x00,
    0x95, 0x00, 0x1e, 0x00, 0x58, 0x01, 0x05, 0x00, 0x00, 0x00, 0x6e, 0x03, 0x58, 0x01, 0x09, 0x00,
    0x55, 0x03, 0x24, 0x00, 0x21, 0x00, 0x5b, 0x00, 0x00, 0x00, 0x00, 0x00, 0x00, 0x00, 0x00, 0x00,
    0x07, 0x00, 0x61, 0x14, 0x00, 0x00, 0x20, 0x00, 0x58, 0x20, 0x52, 0x02, 0x00, 0x00, 0x00, 0x00,
    0x00, 0x00, 0x00, 0x00, 0x00, 0x00, 0x00, 0x00, 0x00, 0x00, 0x00, 0x00, 0x00, 0x00, 0x4c, 0x00,
    0x61, 0x01, 0x00, 0x00, 0x65, 0x00, 0x55, 0x02, 0x73, 0x02, 0x1f, 0x00, 0x24, 0x00, 0x66, 0x00,
    0x3d, 0x03, 0x1f, 0x00, 0x66, 0x01, 0x29, 0x01, 0x7a, 0x97, 0x44, 0x2e, 0x70, 0x6f, 0x70, 0x28,
    0x6b, 0x5b, 0x2c, 0x64, 0x5d, 0x29, 0x20, 0x2d, 0x3e, 0x20, 0x76, 0x2c, 0x20, 0x72, 0x65, 0x6d,
    0x6f, 0x76, 0x65, 0x20, 0x73, 0x70, 0x65, 0x63, 0x69, 0x66, 0x69, 0x65, 0x64, 0x20, 0x6b, 0x65,
    0x79, 0x20, 0x61, 0x6e, 0x64, 0x20, 0x72, 0x65, 0x74, 0x75, 0x72, 0x6e, 0x20, 0x74, 0x68, 0x65,
    0x20, 0x63, 0x6f, 0x72, 0x72, 0x65, 0x73, 0x70, 0x6f, 0x6e, 0x64, 0x69, 0x6e, 0x67, 0x20, 0x76,
    0x61, 0x6c, 0x75, 0x65, 0x2e, 0x0a, 0x49, 0x66, 0x20, 0x6b, 0x65, 0x79, 0x20, 0x69, 0x73, 0x20,
    0x6e, 0x6f, 0x74, 0x20, 0x66, 0x6f, 0x75, 0x6e, 0x64, 0x2c, 0x20, 0x64, 0x20, 0x69, 0x73, 0x20,
    0x72, 0x65, 0x74, 0x75, 0x72, 0x6e, 0x65, 0x64, 0x20, 0x69, 0x66, 0x20, 0x67, 0x69, 0x76, 0x65,
    0x6e, 0x2c, 0x20, 0x6f, 0x74, 0x68, 0x65, 0x72, 0x77, 0x69, 0x73, 0x65, 0x20, 0x4b, 0x65, 0x79,
    0x45, 0x72, 0x72, 0x6f, 0x72, 0x20, 0x69, 0x73, 0x20, 0x72, 0x61, 0x69, 0x73, 0x65, 0x64, 0x2e,
    0x0a, 0x29, 0x02, 0x72, 0x77, 0x01, 0x00, 0x00, 0xda, 0x17, 0x5f, 0x4d, 0x75, 0x74, 0x61, 0x62,
    0x6c, 0x65, 0x4d, 0x61, 0x70, 0x70, 0x69, 0x6e, 0x67, 0x5f, 0x5f, 0x6d, 0x61, 0x72, 0x6b, 0x65,
    0x72, 0x29, 0x04, 0x72, 0x44, 0x00, 0x00, 0x00, 0x72, 0x95, 0x01, 0x00, 0x00, 0x72, 0x9a, 0x01,
    0x00, 0x00, 0x72, 0x66, 0x00, 0x00, 0x00, 0x73, 0x04, 0x00, 0x00, 0x00, 0x20, 0x20, 0x20, 0x20,
    0x72, 0x09, 0x00, 0x00, 0x00, 0x72, 0x7e, 0x01, 0x00, 0x00, 0xda, 0x12, 0x4d, 0x75, 0x74, 0x61,
    0x62, 0x6c, 0x65, 0x4d, 0x61, 0x70, 0x70, 0x69, 0x6e, 0x67, 0x2e, 0x70, 0x6f, 0x70, 0xb1, 0x03,
    0x00, 0x00, 0x73, 0x3d, 0x00, 0x00, 0x00, 0x80, 0x00, 0xf0, 0x08, 0x08, 0x09, 0x19, 0xd8, 0x14,
    0x18, 0x91, 0x49, 0x88, 0x45, 0xf0, 0x0c, 0x00, 0x11, 0x15, 0x90, 0x09, 0xd8, 0x13, 0x18, 0x88,
    0x4c, 0xf8, 0xf4, 0x0d, 0x00, 0x10, 0x18, 0xf3, 0x00, 0x03, 0x09, 0x1b, 0xd8, 0x0f, 0x16, 0x9f,
    0x2d, 0x99, 0x2d, 0xd2, 0x0f, 0x27, 0xd8, 0x10, 0x15, 0xd8, 0x13, 0x1a, 0x8a, 0x4e, 0xf0, 0x07,
    0x03, 0x09, 0x1b, 0xfa, 0x73, 0x0c, 0x00, 0x00, 0x00, 0x82, 0x04, 0x0a, 0x00, 0x8a, 0x1b, 0x28,
    0x03, 0xa7, 0x01, 0x28, 0x03, 0x63, 0x01, 0x00, 0x00, 0x00, 0x00, 0x00, 0x00, 0x00, 0x00, 0x00,
    0x00, 0x00, 0x05, 0x00, 0x00, 0x00, 0x03, 0x00, 0x00, 0x00, 0xf3, 0x68, 0x00, 0x00, 0x00, 0x95,
    0x00, 0x1e, 0x00, 0x5b, 0x01, 0x00, 0x00, 0x00, 0x00, 0x00, 0x00, 0x00, 0x00, 0x5b, 0x03, 0x00,
    0x00, 0x00, 0x00, 0x00, 0x00, 0x00, 0x00, 0x55, 0x00, 0x35, 0x01, 0x00, 0x00, 0x00, 0x00, 0x00,
    0x00, 0x35, 0x01, 0x00, 0x00, 0x00, 0x00, 0x00, 0x00, 0x6e, 0x01, 0x58, 0x01, 0x05, 0x00, 0x00,
    0x00, 0x6e, 0x02, 0x58, 0x01, 0x09, 0x00, 0x58, 0x12, 0x34, 0x02, 0x24, 0x00, 0x21, 0x00, 0x5b,
    0x04, 0x00, 0x00, 0x00, 0x00, 0x00, 0x00, 0x00, 0x00, 0x07, 0x00, 0x61, 0x08, 0x00, 0x00, 0x20,
    0x00, 0x5b, 0x06, 0x00, 0x00, 0x00, 0x00, 0x00, 0x00, 0x00, 0x00, 0x53, 0x01, 0x65, 0x02, 0x66,
    0x00, 0x3d, 0x03, 0x1f, 0x00, 0x66, 0x01, 0x29, 0x02, 0x7a, 0x70, 0x44, 0x2e, 0x70, 0x6f, 0x70,
    0x69, 0x74, 0x65, 0x6d, 0x28, 0x29, 0x20, 0x2d, 0x3e, 0x20, 0x28, 0x6b, 0x2c, 0x20, 0x76, 0x29,
    0x2c, 0x20, 0x72, 0x65, 0x6d, 0x6f, 0x76, 0x65, 0x20, 0x61, 0x6e, 0x64, 0x20, 0x72, 0x65, 0x74,
    0x75, 0x72, 0x6e, 0x20, 0x73, 0x6f, 0x6d, 0x65, 0x20, 0x28, 0x6b, 0x65, 0x79, 0x2c, 0x20, 0x76,
    0x61, 0x6c, 0x75, 0x65, 0x29, 0x20, 0x70, 0x61, 0x69, 0x72, 0x0a, 0x61, 0x73, 0x20, 0x61, 0x20,
    0x32, 0x2d, 0x74, 0x75, 0x70, 0x6c, 0x65, 0x3b, 0x20, 0x62, 0x75, 0x74, 0x20, 0x72, 0x61, 0x69,
    0x73, 0x65, 0x20, 0x4b, 0x65, 0x79, 0x45, 0x72, 0x72, 0x6f, 0x72, 0x20, 0x69, 0x66, 0x20, 0x44,
    0x20, 0x69, 0x73, 0x20, 0x65, 0x6d, 0x70, 0x74, 0x79, 0x2e, 0x0a, 0x4e, 0x29, 0x04, 0x72, 0x7c,
    0x01, 0x00, 0x00, 0x72, 0x7b, 0x01, 0x00, 0x00, 0x72, 0x64, 0x00, 0x00, 0x00, 0x72, 0x77, 0x01,
    0x00, 0x00, 0x72, 0xd3, 0x01, 0x00, 0x00, 0x73, 0x03, 0x00, 0x00, 0x00, 0x20, 0x20, 0x20, 0x72,
    0x09, 0x00, 0x00, 0x00, 0xda, 0x07, 0x70, 0x6f, 0x70, 0x69, 0x74, 0x65, 0x6d, 0xda, 0x16, 0x4d,
    0x75, 0x74, 0x61, 0x62, 0x6c, 0x65, 0x4d, 0x61, 0x70, 0x70, 0x69, 0x6e, 0x67, 0x2e, 0x70, 0x6f,
    0x70, 0x69, 0x74, 0x65, 0x6d, 0xbf, 0x03, 0x00, 0x00, 0x73, 0x44, 0x00, 0x00, 0x00, 0x80, 0x00,
    0xf0, 0x08, 0x03, 0x09, 0x25, 0xdc, 0x12, 0x16, 0x94, 0x74, 0x98, 0x44, 0x93, 0x7a, 0xd3, 0x12,
    0x22, 0x88, 0x43, 0xf0, 0x06, 0x00, 0x11, 0x15, 0x91, 0x09, 0x88, 0x05, 0xd8, 0x0c, 0x10, 0x88,
    0x49, 0xd8, 0x0f, 0x12, 0x88, 0x7a, 0xd0, 0x08, 0x19, 0xf8, 0xf4, 0x09, 0x00, 0x10, 0x1d, 0xf3,
    0x00, 0x01, 0x09, 0x25, 0xdc, 0x12, 0x1a, 0xa0, 0x04, 0xd0, 0x0c, 0x24, 0xf0, 0x03, 0x01, 0x09,
    0x25, 0xfa, 0x73, 0x08, 0x00, 0x00, 0x00, 0x82, 0x14, 0x1f, 0x00, 0x9f, 0x12, 0x31, 0x03, 0x63,
    0x01, 0x00, 0x00, 0x00, 0x00, 0x00, 0x00, 0x00, 0x00, 0x00, 0x00, 0x00, 0x04, 0x00, 0x00, 0x00,
    0x03, 0x00, 0x00, 0x00, 0xf3, 0x4a, 0x00, 0x00, 0x00, 0x95, 0x00, 0x1e, 0x00, 0x1e, 0x00, 0x55,
    0x00, 0x52, 0x01, 0x00, 0x00, 0x00, 0x00, 0x00, 0x00, 0x00, 0x00, 0x00, 0x00, 0x00, 0x00, 0x00,
    0x00, 0x00, 0x00, 0x00, 0x00, 0x35, 0x00, 0x00, 0x00, 0x00, 0x00, 0x00, 0x00, 0x20, 0x00, 0x4d,
    0x12, 0x00, 0x00, 0x21, 0x00, 0x5b, 0x02, 0x00, 0x00, 0x00, 0x00, 0x00, 0x00, 0x00, 0x00, 0x07,
    0x00, 0x61, 0x03, 0x00, 0x00, 0x20, 0x00, 0x1f, 0x00, 0x67, 0x01, 0x66, 0x00, 0x3d, 0x03, 0x1f,
    0x00, 0x66, 0x01, 0x29, 0x02, 0x7a, 0x2c, 0x44, 0x2e, 0x63, 0x6c, 0x65, 0x61, 0x72, 0x28, 0x29,
    0x20, 0x2d, 0x3e, 0x20, 0x4e, 0x6f, 0x6e, 0x65, 0x2e, 0x20, 0x20, 0x52, 0x65, 0x6d, 0x6f, 0x76,
    0x65, 0x20, 0x61, 0x6c, 0x6c, 0x20, 0x69, 0x74, 0x65, 0x6d, 0x73, 0x20, 0x66, 0x72, 0x6f, 0x6d,
    0x20, 0x44, 0x2e, 0x4e, 0x29, 0x02, 0x72, 0xdd, 0x01, 0x00, 0x00, 0x72, 0x77, 0x01, 0x00, 0x00,
    0x72, 0x43, 0x00, 0x00, 0x00, 0x73, 0x01, 0x00, 0x00, 0x00, 0x20, 0x72, 0x09, 0x00, 0x00, 0x00,
    0x72, 0x81, 0x01, 0x00, 0x00, 0xda, 0x14, 0x4d, 0x75, 0x74, 0x61, 0x62, 0x6c, 0x65, 0x4d, 0x61,
    0x70, 0x70, 0x69, 0x6e, 0x67, 0x2e, 0x63, 0x6c, 0x65, 0x61, 0x72, 0xcb, 0x03, 0x00, 0x00, 0x73,
    0x2a, 0x00, 0x00, 0x00, 0x80, 0x00, 0xf0, 0x04, 0x04, 0x09, 0x11, 0xd8, 0x12, 0x16, 0xd8, 0x10,
    0x14, 0x97, 0x0c, 0x91, 0x0c, 0x94, 0x0e, 0xf1, 0x03, 0x00, 0x13, 0x17, 0xf8, 0xe4, 0x0f, 0x17,
    0xf3, 0x00, 0x01, 0x09, 0x11, 0xd9, 0x0c, 0x10, 0xf0, 0x03, 0x01, 0x09, 0x11, 0xfa, 0x72, 0x83,
    0x01, 0x00, 0x00, 0x63, 0x02, 0x00, 0x00, 0x00, 0x02, 0x00, 0x00, 0x00, 0x00, 0x00, 0x00, 0x00,
    0x04, 0x00, 0x00, 0x00, 0x0b, 0x00, 0x00, 0x00, 0xf3, 0x04, 0x01, 0x00, 0x00, 0x95, 0x00, 0x5b,
    0x01, 0x00, 0x00, 0x00, 0x00, 0x00, 0x00, 0x00, 0x00, 0x55, 0x01, 0x5b, 0x02, 0x00, 0x00, 0x00,
    0x00, 0x00, 0x00, 0x00, 0x00, 0x35, 0x02, 0x00, 0x00, 0x00, 0x00, 0x00, 0x00, 0x28, 0x00, 0x00,
    0x00, 0x00, 0x00, 0x00, 0x00, 0x61, 0x10, 0x00, 0x00, 0x55, 0x01, 0x13, 0x00, 0x48, 0x09, 0x00,
    0x00, 0x6e, 0x03, 0x58, 0x13, 0x05, 0x00, 0x00, 0x00, 0x58, 0x03, 0x27, 0x00, 0x00, 0x00, 0x4d,
    0x0b, 0x00, 0x00, 0x0b, 0x00, 0x20, 0x00, 0x4f, 0x3e, 0x5b, 0x05, 0x00, 0x00, 0x00, 0x00, 0x00,
    0x00, 0x00, 0x00, 0x55, 0x01, 0x53, 0x01, 0x35, 0x02, 0x00, 0x00, 0x00, 0x00, 0x00, 0x00, 0x28,
    0x00, 0x00, 0x00, 0x00, 0x00, 0x00, 0x00, 0x61, 0x1e, 0x00, 0x00, 0x55, 0x01, 0x52, 0x07, 0x00,
    0x00, 0x00, 0x00, 0x00, 0x00, 0x00, 0x00, 0x00, 0x00, 0x00, 0x00, 0x00, 0x00, 0x00, 0x00, 0x00,
    0x00, 0x35, 0x00, 0x00, 0x00, 0x00, 0x00, 0x00, 0x00, 0x13, 0x00, 0x48, 0x09, 0x00, 0x00, 0x6e,
    0x03, 0x58, 0x13, 0x05, 0x00, 0x00, 0x00, 0x58, 0x03, 0x27, 0x00, 0x00, 0x00, 0x4d, 0x0b, 0x00,
    0x00, 0x0b, 0x00, 0x20, 0x00, 0x4f, 0x0f, 0x55, 0x01, 0x13, 0x00, 0x48, 0x09, 0x00, 0x00, 0x75,
    0x02, 0x00, 0x00, 0x70, 0x34, 0x58, 0x40, 0x55, 0x03, 0x27, 0x00, 0x00, 0x00, 0x4d, 0x0b, 0x00,
    0x00, 0x0b, 0x00, 0x20, 0x00, 0x55, 0x02, 0x52, 0x09, 0x00, 0x00, 0x00, 0x00, 0x00, 0x00, 0x00,
    0x00, 0x00, 0x00, 0x00, 0x00, 0x00, 0x00, 0x00, 0x00, 0x00, 0x00, 0x35, 0x00, 0x00, 0x00, 0x00,
    0x00, 0x00, 0x00, 0x13, 0x00, 0x48, 0x09, 0x00, 0x00, 0x75, 0x02, 0x00, 0x00, 0x70, 0x34, 0x58,
    0x40, 0x55, 0x03, 0x27, 0x00, 0x00, 0x00, 0x4d, 0x0b, 0x00, 0x00, 0x0b, 0x00, 0x20, 0x00, 0x67,
    0x02, 0x29, 0x03, 0x61, 0x25, 0x01, 0x00, 0x00, 0x44, 0x2e, 0x75, 0x70, 0x64, 0x61, 0x74, 0x65,
    0x28, 0x5b, 0x45, 0x2c, 0x20, 0x5d, 0x2a, 0x2a, 0x46, 0x29, 0x20, 0x2d, 0x3e, 0x20, 0x4e, 0x6f,
    0x6e, 0x65, 0x2e, 0x20, 0x20, 0x55, 0x70, 0x64, 0x61, 0x74, 0x65, 0x20, 0x44, 0x20, 0x66, 0x72,
    0x6f, 0x6d, 0x20, 0x6d, 0x61, 0x70, 0x70, 0x69, 0x6e, 0x67, 0x2f, 0x69, 0x74, 0x65, 0x72, 0x61,
    0x62, 0x6c, 0x65, 0x20, 0x45, 0x20, 0x61, 0x6e, 0x64, 0x20, 0x46, 0x2e, 0x0a, 0x49, 0x66, 0x20,
    0x45, 0x20, 0x70, 0x72, 0x65, 0x73, 0x65, 0x6e, 0x74, 0x20, 0x61, 0x6e, 0x64, 0x20, 0x68, 0x61,
    0x73, 0x20, 0x61, 0x20, 0x2e, 0x6b, 0x65, 0x79, 0x73, 0x28, 0x29, 0x20, 0x6d, 0x65, 0x74, 0x68,
    0x6f, 0x64, 0x2c, 0x20, 0x64, 0x6f, 0x65, 0x73, 0x3a, 0x20, 0x20, 0x20, 0x20, 0x20, 0x66, 0x6f,
    0x72, 0x20, 0x6b, 0x20, 0x69, 0x6e, 0x20, 0x45, 0x2e, 0x6b, 0x65, 0x79, 0x73, 0x28, 0x29, 0x3a,
    0x20, 0x44, 0x5b, 0x6b, 0x5d, 0x20, 0x3d, 0x20, 0x45, 0x5b, 0x6b, 0x5d, 0x0a, 0x49, 0x66, 0x20,
    0x45, 0x20, 0x70, 0x72, 0x65, 0x73, 0x65, 0x6e, 0x74, 0x20, 0x61, 0x6e, 0x64, 0x20, 0x6c, 0x61,
    0x63, 0x6b, 0x73, 0x20, 0x2e, 0x6b, 0x65, 0x79, 0x73, 0x28, 0x29, 0x20, 0x6d, 0x65, 0x74, 0x68,
    0x6f, 0x64, 0x2c, 0x20, 0x64, 0x6f, 0x65, 0x73, 0x3a, 0x20, 0x20, 0x20, 0x20, 0x20, 0x66, 0x6f,
    0x72, 0x20, 0x28, 0x6b, 0x2c, 0x20, 0x76, 0x29, 0x20, 0x69, 0x6e, 0x20, 0x45, 0x3a, 0x20, 0x44,
    0x5b, 0x6b, 0x5d, 0x20, 0x3d, 0x20, 0x76, 0x0a, 0x49, 0x6e, 0x20, 0x65, 0x69, 0x74, 0x68, 0x65,
    0x72, 0x20, 0x63, 0x61, 0x73, 0x65, 0x2c, 0x20, 0x74, 0x68, 0x69, 0x73, 0x20, 0x69, 0x73, 0x20,
    0x66, 0x6f, 0x6c, 0x6c, 0x6f, 0x77, 0x65, 0x64, 0x20, 0x62, 0x79, 0x3a, 0x20, 0x66, 0x6f, 0x72,
    0x20, 0x6b, 0x2c, 0x20, 0x76, 0x20, 0x69, 0x6e, 0x20, 0x46, 0x2e, 0x69, 0x74, 0x65, 0x6d, 0x73,
    0x28, 0x29, 0x3a, 0x20, 0x44, 0x5b, 0x6b, 0x5d, 0x20, 0x3d, 0x20, 0x76, 0x0a, 0x72, 0xa1, 0x01,
    0x00, 0x00, 0x4e, 0x29, 0x05, 0x72, 0xe5, 0x00, 0x00, 0x00, 0x72, 0x1b, 0x00, 0x00, 0x00, 0xda,
    0x07, 0x68, 0x61, 0x73, 0x61, 0x74, 0x74, 0x72, 0x72, 0xa1, 0x01, 0x00, 0x00, 0x72, 0xa4, 0x01,
    0x00, 0x00, 0x29, 0x05, 0x72, 0x44, 0x00, 0x00, 0x00, 0x72, 0x25, 0x01, 0x00, 0x00, 0x72, 0x1b,
    0x01, 0x00, 0x00, 0x72, 0x95, 0x01, 0x00, 0x00, 0x72, 0x66, 0x00, 0x00, 0x00, 0x73, 0x05, 0x00,
    0x00, 0x00, 0x20, 0x20, 0x20, 0x20, 0x20, 0x72, 0x09, 0x00, 0x00, 0x00, 0xda, 0x06, 0x75, 0x70,
    0x64, 0x61, 0x74, 0x65, 0xda, 0x15, 0x4d, 0x75, 0x74, 0x61, 0x62, 0x6c, 0x65, 0x4d, 0x61, 0x70,
    0x70, 0x69, 0x6e, 0x67, 0x2e, 0x75, 0x70, 0x64, 0x61, 0x74, 0x65, 0xd3, 0x03, 0x00, 0x00, 0x73,
    0x78, 0x00, 0x00, 0x00, 0x80, 0x00, 0xf4, 0x0c, 0x00, 0x0c, 0x16, 0x90, 0x65, 0x9c, 0x57, 0xd7,
    0x0b, 0x25, 0xd1, 0x0b, 0x25, 0xdb, 0x17, 0x1c, 0x90, 0x03, 0xd8, 0x1c, 0x21, 0x99, 0x4a, 0x90,
    0x04, 0x93, 0x09, 0xf2, 0x03, 0x00, 0x18, 0x1d, 0xe4, 0x0d, 0x14, 0x90, 0x55, 0x98, 0x46, 0xd7,
    0x0d, 0x23, 0xd1, 0x0d, 0x23, 0xd8, 0x17, 0x1c, 0x97, 0x7a, 0x91, 0x7a, 0x96, 0x7c, 0x90, 0x03,
    0xd8, 0x1c, 0x21, 0x99, 0x4a, 0x90, 0x04, 0x93, 0x09, 0xf2, 0x03, 0x00, 0x18, 0x24, 0xf3, 0x06,
    0x00, 0x1f, 0x24, 0x91, 0x0a, 0x90, 0x03, 0xd8, 0x1c, 0x21, 0x90, 0x53, 0x93, 0x09, 0xf1, 0x03,
    0x00, 0x1f, 0x24, 0xe0, 0x1a, 0x1e, 0x9f, 0x2a, 0x99, 0x2a, 0x9e, 0x2c, 0x89, 0x4a, 0x88, 0x43,
    0xd8, 0x18, 0x1d, 0x90, 0x13, 0x8b, 0x49, 0xf2, 0x03, 0x00, 0x1b, 0x27, 0x72, 0x08, 0x00, 0x00,
    0x00, 0x4e, 0x63, 0x03, 0x00, 0x00, 0x00, 0x00, 0x00, 0x00, 0x00, 0x00, 0x00, 0x00, 0x00, 0x04,
    0x00, 0x00, 0x00, 0x03, 0x00, 0x00, 0x00, 0xf3, 0x36, 0x00, 0x00, 0x00, 0x95, 0x00, 0x1e, 0x00,
    0x58, 0x01, 0x05, 0x00, 0x00, 0x00, 0x24, 0x00, 0x21, 0x00, 0x5b, 0x00, 0x00, 0x00, 0x00, 0x00,
    0x00, 0x00, 0x00, 0x00, 0x07, 0x00, 0x61, 0x08, 0x00, 0x00, 0x20, 0x00, 0x58, 0x20, 0x55, 0x01,
    0x27, 0x00, 0x00, 0x00, 0x1f, 0x00, 0x55, 0x02, 0x24, 0x00, 0x66, 0x00, 0x3d, 0x03, 0x1f, 0x00,
    0x66, 0x01, 0x29, 0x01, 0x7a, 0x40, 0x44, 0x2e, 0x73, 0x65, 0x74, 0x64, 0x65, 0x66, 0x61, 0x75,
    0x6c, 0x74, 0x28, 0x6b, 0x5b, 0x2c, 0x64, 0x5d, 0x29, 0x20, 0x2d, 0x3e, 0x20, 0x44, 0x2e, 0x67,
    0x65, 0x74, 0x28, 0x6b, 0x2c, 0x64, 0x29, 0x2c, 0x20, 0x61, 0x6c, 0x73, 0x6f, 0x20, 0x73, 0x65,
    0x74, 0x20, 0x44, 0x5b, 0x6b, 0x5d, 0x3d, 0x64, 0x20, 0x69, 0x66, 0x20, 0x6b, 0x20, 0x6e, 0x6f,
    0x74, 0x20, 0x69, 0x6e, 0x20, 0x44, 0x72, 0x93, 0x01, 0x00, 0x00, 0x72, 0x99, 0x01, 0x00, 0x00,
    0x73, 0x03, 0x00, 0x00, 0x00, 0x20, 0x20, 0x20, 0x72, 0x09, 0x00, 0x00, 0x00, 0xda, 0x0a, 0x73,
    0x65, 0x74, 0x64, 0x65, 0x66, 0x61, 0x75, 0x6c, 0x74, 0xda, 0x19, 0x4d, 0x75, 0x74, 0x61, 0x62,
    0x6c, 0x65, 0x4d, 0x61, 0x70, 0x70, 0x69, 0x6e, 0x67, 0x2e, 0x73, 0x65, 0x74, 0x64, 0x65, 0x66,
    0x61, 0x75, 0x6c, 0x74, 0xe5, 0x03, 0x00, 0x00, 0x73, 0x2a, 0x00, 0x00, 0x00, 0x80, 0x00, 0xf0,
    0x04, 0x03, 0x09, 0x20, 0xd8, 0x13, 0x17, 0x91, 0x39, 0xd0, 0x0c, 0x1c, 0xf8, 0xdc, 0x0f, 0x17,
    0xf3, 0x00, 0x01, 0x09, 0x20, 0xd8, 0x18, 0x1f, 0x90, 0x13, 0x8a, 0x49, 0xd8, 0x0f, 0x16, 0x88,
    0x0e, 0xf0, 0x05, 0x01, 0x09, 0x20, 0xfa, 0x73, 0x0c, 0x00, 0x00, 0x00, 0x82, 0x03, 0x06, 0x00,
    0x86, 0x0e, 0x18, 0x03, 0x97, 0x01, 0x18, 0x03, 0x29, 0x01, 0x72, 0x07, 0x00, 0x00, 0x00, 0x72,
    0x06, 0x00, 0x00, 0x00, 0x29, 0x11, 0x72, 0x4e, 0x00, 0x00, 0x00, 0x72, 0x4f, 0x00, 0x00, 0x00,
    0x72, 0x50, 0x00, 0x00, 0x00, 0x72, 0x51, 0x00, 0x00, 0x00, 0x72, 0x04, 0x01, 0x00, 0x00, 0x72,
    0x52, 0x00, 0x00, 0x00, 0x72, 0x04, 0x00, 0x00, 0x00, 0x72, 0xd4, 0x01, 0x00, 0x00, 0x72, 0xd7,
    0x01, 0x00, 0x00, 0xda, 0x06, 0x6f, 0x62, 0x6a, 0x65, 0x63, 0x74, 0x72, 0xda, 0x01, 0x00, 0x00,
    0x72, 0x7e, 0x01, 0x00, 0x00, 0x72, 0xdd, 0x01, 0x00, 0x00, 0x72, 0x81, 0x01, 0x00, 0x00, 0x72,
    0xe3, 0x01, 0x00, 0x00, 0x72, 0xe6, 0x01, 0x00, 0x00, 0x72, 0x54, 0x00, 0x00, 0x00, 0x72, 0x07,
    0x00, 0x00, 0x00, 0x72, 0x08, 0x00, 0x00, 0x00, 0x72, 0x09, 0x00, 0x00, 0x00, 0x72, 0x1c, 0x00,
    0x00, 0x00, 0x72, 0x1c, 0x00, 0x00, 0x00, 0x9c, 0x03, 0x00, 0x00, 0x73, 0x59, 0x00, 0x00, 0x00,
    0x86, 0x00, 0xf1, 0x02, 0x06, 0x05, 0x08, 0xf0, 0x10, 0x00, 0x11, 0x13, 0x80, 0x49, 0xe0, 0x05,
    0x13, 0xf1, 0x02, 0x01, 0x05, 0x17, 0xf3, 0x03, 0x00, 0x06, 0x14, 0xf0, 0x02, 0x01, 0x05, 0x17,
    0xf0, 0x06, 0x00, 0x06, 0x14, 0xf1, 0x02, 0x01, 0x05, 0x17, 0xf3, 0x03, 0x00, 0x06, 0x14, 0xf0,
    0x02, 0x01, 0x05, 0x17, 0xf1, 0x06, 0x00, 0x10, 0x16, 0x8b, 0x78, 0x80, 0x48, 0xe0, 0x1f, 0x27,
    0xf4, 0x00, 0x0c, 0x05, 0x19, 0xf2, 0x1c, 0x0a, 0x05, 0x1a, 0xf2, 0x18, 0x06, 0x05, 0x11, 0xf4,
    0x10, 0x10, 0x05, 0x1e, 0xf7, 0x24, 0x06, 0x05, 0x17, 0x72, 0x08, 0x00, 0x00, 0x00, 0x72, 0x1c,
    0x00, 0x00, 0x00, 0x63, 0x00, 0x00, 0x00, 0x00, 0x00, 0x00, 0x00, 0x00, 0x00, 0x00, 0x00, 0x00,
    0x02, 0x00, 0x00, 0x00, 0x00, 0x00, 0x00, 0x00, 0xf3, 0x52, 0x00, 0x00, 0x00, 0x95, 0x00, 0x5c,
    0x00, 0x72, 0x01, 0x53, 0x00, 0x72, 0x02, 0x53, 0x01, 0x72, 0x03, 0x53, 0x02, 0x72, 0x04, 0x53,
    0x03, 0x72, 0x05, 0x53, 0x04, 0x72, 0x06, 0x5c, 0x07, 0x53, 0x05, 0x1a, 0x00, 0x35, 0x00, 0x00,
    0x00, 0x00, 0x00, 0x00, 0x00, 0x72, 0x08, 0x53, 0x06, 0x1a, 0x00, 0x72, 0x09, 0x53, 0x07, 0x1a,
    0x00, 0x72, 0x0a, 0x53, 0x08, 0x1a, 0x00, 0x72, 0x0b, 0x53, 0x0c, 0x53, 0x0a, 0x1a, 0x00, 0x6a,
    0x01, 0x72, 0x0c, 0x53, 0x0b, 0x1a, 0x00, 0x72, 0x0d, 0x53, 0x03, 0x72, 0x0e, 0x67, 0x09, 0x29,
    0x0d, 0x72, 0x21, 0x00, 0x00, 0x00, 0x69, 0xf3, 0x03, 0x00, 0x00, 0x7a, 0x7e, 0x41, 0x6c, 0x6c,
    0x20, 0x74, 0x68, 0x65, 0x20, 0x6f, 0x70, 0x65, 0x72, 0x61, 0x74, 0x69, 0x6f, 0x6e, 0x73, 0x20,
    0x6f, 0x6e, 0x20, 0x61, 0x20, 0x72, 0x65, 0x61, 0x64, 0x2d, 0x6f, 0x6e, 0x6c, 0x79, 0x20, 0x73,
    0x65, 0x71, 0x75, 0x65, 0x6e, 0x63, 0x65, 0x2e, 0x0a, 0x0a, 0x43, 0x6f, 0x6e, 0x63, 0x72, 0x65,
    0x74, 0x65, 0x20, 0x73, 0x75, 0x62, 0x63, 0x6c, 0x61, 0x73, 0x73, 0x65, 0x73, 0x20, 0x6d, 0x75,
    0x73, 0x74, 0x20, 0x6f, 0x76, 0x65, 0x72, 0x72, 0x69, 0x64, 0x65, 0x20, 0x5f, 0x5f, 0x6e, 0x65,
    0x77, 0x5f, 0x5f, 0x20, 0x6f, 0x72, 0x20, 0x5f, 0x5f, 0x69, 0x6e, 0x69, 0x74, 0x5f, 0x5f, 0x2c,
    0x0a, 0x5f, 0x5f, 0x67, 0x65, 0x74, 0x69, 0x74, 0x65, 0x6d, 0x5f, 0x5f, 0x2c, 0x20, 0x61, 0x6e,
    0x64, 0x20, 0x5f, 0x5f, 0x6c, 0x65, 0x6e, 0x5f, 0x5f, 0x2e, 0x0a, 0x72, 0x07, 0x00, 0x00, 0x00,
    0xe9, 0x20, 0x00, 0x00, 0x00, 0x63, 0x02, 0x00, 0x00, 0x00, 0x00, 0x00, 0x00, 0x00, 0x00, 0x00,
    0x00, 0x00, 0x01, 0x00, 0x00, 0x00, 0x03, 0x00, 0x00, 0x00, 0xf3, 0x0e, 0x00, 0x00, 0x00, 0x95,
    0x00, 0x5b, 0x00, 0x00, 0x00, 0x00, 0x00, 0x00, 0x00, 0x00, 0x00, 0x65, 0x01, 0x72, 0x06, 0x00,
    0x00, 0x00, 0xa9, 0x01, 0xda, 0x0a, 0x49, 0x6e, 0x64, 0x65, 0x78, 0x45, 0x72, 0x72, 0x6f, 0x72,
    0xa9, 0x02, 0x72, 0x44, 0x00, 0x00, 0x00, 0xda, 0x05, 0x69, 0x6e, 0x64, 0x65, 0x78, 0x73, 0x02,
    0x00, 0x00, 0x00, 0x20, 0x20, 0x72, 0x09, 0x00, 0x00, 0x00, 0x72, 0x00, 0x01, 0x00, 0x00, 0xda,
    0x14, 0x53, 0x65, 0x71, 0x75, 0x65, 0x6e, 0x63, 0x65, 0x2e, 0x5f, 0x5f, 0x67, 0x65, 0x74, 0x69,
    0x74, 0x65, 0x6d, 0x5f, 0x5f, 0xff, 0x03, 0x00, 0x00, 0xf3, 0x08, 0x00, 0x00, 0x00, 0x80, 0x00,
    0xe4, 0x0e, 0x18, 0xd0, 0x08, 0x18, 0x72, 0x08, 0x00, 0x00, 0x00, 0x63, 0x01, 0x00, 0x00, 0x00,
    0x00, 0x00, 0x00, 0x00, 0x00, 0x00, 0x00, 0x00, 0x04, 0x00, 0x00, 0x00, 0x23, 0x00, 0x00, 0x00,
    0xf3, 0x50, 0x00, 0x00, 0x00, 0x23, 0x00, 0x20, 0x00, 0x95, 0x00, 0x53, 0x01, 0x6e, 0x01, 0x1e,
    0x00, 0x1e, 0x00, 0x58, 0x01, 0x05, 0x00, 0x00, 0x00, 0x6e, 0x02, 0x55, 0x02, 0x76, 0x00, 0x95,
    0x01, 0x20, 0x00, 0x55, 0x01, 0x53, 0x02, 0x2d, 0x0d, 0x00, 0x00, 0x6e, 0x01, 0x4d, 0x0f, 0x00,
    0x00, 0x21, 0x00, 0x5b, 0x00, 0x00, 0x00, 0x00, 0x00, 0x00, 0x00, 0x00, 0x00, 0x07, 0x00, 0x61,
    0x03, 0x00, 0x00, 0x20, 0x00, 0x1f, 0x00, 0x67, 0x00, 0x66, 0x00, 0x3d, 0x03, 0x1f, 0x00, 0x66,
    0x01, 0x37, 0x03, 0x66, 0x01, 0x29, 0x03, 0x4e, 0x72, 0x02, 0x00, 0x00, 0x00, 0x72, 0x25, 0x00,
    0x00, 0x00, 0x72, 0xec, 0x01, 0x00, 0x00, 0x29, 0x03, 0x72, 0x44, 0x00, 0x00, 0x00, 0xda, 0x01,
    0x69, 0x72, 0xc8, 0x01, 0x00, 0x00, 0x73, 0x03, 0x00, 0x00, 0x00, 0x20, 0x20, 0x20, 0x72, 0x09,
    0x00, 0x00, 0x00, 0x72, 0xa5, 0x00, 0x00, 0x00, 0xda, 0x11, 0x53, 0x65, 0x71, 0x75, 0x65, 0x6e,
    0x63, 0x65, 0x2e, 0x5f, 0x5f, 0x69, 0x74, 0x65, 0x72, 0x5f, 0x5f, 0x03, 0x04, 0x00, 0x00, 0x73,
    0x3f, 0x00, 0x00, 0x00, 0xe9, 0x00, 0x80, 0x00, 0xd8, 0x0c, 0x0d, 0x88, 0x01, 0xf0, 0x02, 0x06,
    0x09, 0x13, 0xd8, 0x12, 0x16, 0xd8, 0x14, 0x18, 0x91, 0x47, 0x90, 0x01, 0xd8, 0x16, 0x17, 0x92,
    0x07, 0xd8, 0x10, 0x11, 0x90, 0x51, 0x91, 0x06, 0x90, 0x01, 0xf1, 0x07, 0x00, 0x13, 0x17, 0xf8,
    0xf4, 0x08, 0x00, 0x10, 0x1a, 0xf3, 0x00, 0x01, 0x09, 0x13, 0xd9, 0x0c, 0x12, 0xf0, 0x03, 0x01,
    0x09, 0x13, 0xfc, 0x73, 0x18, 0x00, 0x00, 0x00, 0x82, 0x03, 0x26, 0x01, 0x86, 0x10, 0x16, 0x00,
    0x96, 0x0a, 0x23, 0x03, 0xa0, 0x02, 0x26, 0x01, 0xa2, 0x01, 0x23, 0x03, 0xa3, 0x03, 0x26, 0x01,
    0x63, 0x02, 0x00, 0x00, 0x00, 0x00, 0x00, 0x00, 0x00, 0x00, 0x00, 0x00, 0x00, 0x03, 0x00, 0x00,
    0x00, 0x03, 0x00, 0x00, 0x00, 0xf3, 0x2c, 0x00, 0x00, 0x00, 0x95, 0x00, 0x55, 0x00, 0x13, 0x00,
    0x48, 0x0e, 0x00, 0x00, 0x6e, 0x02, 0x58, 0x21, 0x4c, 0x00, 0x64, 0x07, 0x00, 0x00, 0x58, 0x21,
    0x3a, 0x58, 0x00, 0x00, 0x64, 0x02, 0x00, 0x00, 0x4d, 0x0e, 0x00, 0x00, 0x20, 0x00, 0x67, 0x01,
    0x0b, 0x00, 0x20, 0x00, 0x67, 0x02, 0x72, 0x9e, 0x01, 0x00, 0x00, 0x72, 0x07, 0x00, 0x00, 0x00,
    0x29, 0x03, 0x72, 0x44, 0x00, 0x00, 0x00, 0x72, 0x66, 0x00, 0x00, 0x00, 0x72, 0xc8, 0x01, 0x00,
    0x00, 0x73, 0x03, 0x00, 0x00, 0x00, 0x20, 0x20, 0x20, 0x72, 0x09, 0x00, 0x00, 0x00, 0x72, 0xcd,
    0x00, 0x00, 0x00, 0xda, 0x15, 0x53, 0x65, 0x71, 0x75, 0x65, 0x6e, 0x63, 0x65, 0x2e, 0x5f, 0x5f,
    0x63, 0x6f, 0x6e, 0x74, 0x61, 0x69, 0x6e, 0x73, 0x5f, 0x5f, 0x0d, 0x04, 0x00, 0x00, 0x73, 0x1d,
    0x00, 0x00, 0x00, 0x80, 0x00, 0xdb, 0x11, 0x15, 0x88, 0x41, 0xd8, 0x0f, 0x10, 0x8a, 0x7a, 0x98,
    0x51, 0x9d, 0x5a, 0xd9, 0x17, 0x1b, 0xf1, 0x05, 0x00, 0x12, 0x16, 0xf0, 0x06, 0x00, 0x10, 0x15,
    0x72, 0x08, 0x00, 0x00, 0x00, 0x63, 0x01, 0x00, 0x00, 0x00, 0x00, 0x00, 0x00, 0x00, 0x00, 0x00,
    0x00, 0x00, 0x07, 0x00, 0x00, 0x00, 0x23, 0x00, 0x00, 0x00, 0xf3, 0x60, 0x00, 0x00, 0x00, 0x23,
    0x00, 0x20, 0x00, 0x95, 0x00, 0x5b, 0x01, 0x00, 0x00, 0x00, 0x00, 0x00, 0x00, 0x00, 0x00, 0x5b,
    0x03, 0x00, 0x00, 0x00, 0x00, 0x00, 0x00, 0x00, 0x00, 0x5b, 0x05, 0x00, 0x00, 0x00, 0x00, 0x00,
    0x00, 0x00, 0x00, 0x55, 0x00, 0x35, 0x01, 0x00, 0x00, 0x00, 0x00, 0x00, 0x00, 0x35, 0x01, 0x00,
    0x00, 0x00, 0x00, 0x00, 0x00, 0x35, 0x01, 0x00, 0x00, 0x00, 0x00, 0x00, 0x00, 0x13, 0x00, 0x48,
    0x09, 0x00, 0x00, 0x6e, 0x01, 0x58, 0x01, 0x05, 0x00, 0x00, 0x00, 0x76, 0x00, 0x95, 0x05, 0x20,
    0x00, 0x4d, 0x0b, 0x00, 0x00, 0x0b, 0x00, 0x20, 0x00, 0x67, 0x00, 0x37, 0x03, 0x66, 0x01, 0x72,
    0x06, 0x00, 0x00, 0x00, 0x29, 0x03, 0xda, 0x08, 0x72, 0x65, 0x76, 0x65, 0x72, 0x73, 0x65, 0x64,
    0xda, 0x05, 0x72, 0x61, 0x6e, 0x67, 0x65, 0x72, 0xe7, 0x00, 0x00, 0x00, 0x29, 0x02, 0x72, 0x44,
    0x00, 0x00, 0x00, 0x72, 0xf3, 0x01, 0x00, 0x00, 0x73, 0x02, 0x00, 0x00, 0x00, 0x20, 0x20, 0x72,
    0x09, 0x00, 0x00, 0x00, 0x72, 0xb4, 0x00, 0x00, 0x00, 0xda, 0x15, 0x53, 0x65, 0x71, 0x75, 0x65,
    0x6e, 0x63, 0x65, 0x2e, 0x5f, 0x5f, 0x72, 0x65, 0x76, 0x65, 0x72, 0x73, 0x65, 0x64, 0x5f, 0x5f,
    0x13, 0x04, 0x00, 0x00, 0x73, 0x24, 0x00, 0x00, 0x00, 0xe9, 0x00, 0x80, 0x00, 0xdc, 0x11, 0x19,
    0x9c, 0x25, 0xa4, 0x03, 0xa0, 0x44, 0xa3, 0x09, 0xd3, 0x1a, 0x2a, 0xd6, 0x11, 0x2b, 0x88, 0x41,
    0xd8, 0x12, 0x16, 0x91, 0x27, 0x8c, 0x4d, 0xf2, 0x03, 0x00, 0x12, 0x2c, 0xf9, 0x73, 0x04, 0x00,
    0x00, 0x00, 0x82, 0x2c, 0x2e, 0x01, 0x4e, 0x63, 0x04, 0x00, 0x00, 0x00, 0x00, 0x00, 0x00, 0x00,
    0x00, 0x00, 0x00, 0x00, 0x05, 0x00, 0x00, 0x00, 0x03, 0x00, 0x00, 0x00, 0xf3, 0xfe, 0x00, 0x00,
    0x00, 0x95, 0x00, 0x55, 0x02, 0x62, 0x1e, 0x00, 0x00, 0x55, 0x02, 0x53, 0x01, 0x3a, 0x12, 0x00,
    0x00, 0x61, 0x18, 0x00, 0x00, 0x5b, 0x01, 0x00, 0x00, 0x00, 0x00, 0x00, 0x00, 0x00, 0x00, 0x5b,
    0x03, 0x00, 0x00, 0x00, 0x00, 0x00, 0x00, 0x00, 0x00, 0x55, 0x00, 0x35, 0x01, 0x00, 0x00, 0x00,
    0x00, 0x00, 0x00, 0x55, 0x02, 0x2d, 0x00, 0x00, 0x00, 0x53, 0x01, 0x35, 0x02, 0x00, 0x00, 0x00,
    0x00, 0x00, 0x00, 0x6e, 0x02, 0x55, 0x03, 0x62, 0x14, 0x00, 0x00, 0x55, 0x03, 0x53, 0x01, 0x3a,
    0x12, 0x00, 0x00, 0x61, 0x0e, 0x00, 0x00, 0x55, 0x03, 0x5b, 0x03, 0x00, 0x00, 0x00, 0x00, 0x00,
    0x00, 0x00, 0x00, 0x55, 0x00, 0x35, 0x01, 0x00, 0x00, 0x00, 0x00, 0x00, 0x00, 0x2d, 0x0d, 0x00,
    0x00, 0x6e, 0x03, 0x55, 0x02, 0x6e, 0x04, 0x55, 0x03, 0x62, 0x05, 0x00, 0x00, 0x58, 0x43, 0x3a,
    0x12, 0x00, 0x00, 0x61, 0x21, 0x00, 0x00, 0x1e, 0x00, 0x58, 0x04, 0x05, 0x00, 0x00, 0x00, 0x6e,
    0x05, 0x58, 0x51, 0x4c, 0x00, 0x64, 0x05, 0x00, 0x00, 0x58, 0x51, 0x3a, 0x58, 0x00, 0x00, 0x61,
    0x02, 0x00, 0x00, 0x55, 0x04, 0x24, 0x00, 0x55, 0x04, 0x53, 0x02, 0x2d, 0x0d, 0x00, 0x00, 0x6e,
    0x04, 0x55, 0x03, 0x63, 0x02, 0x00, 0x00, 0x4d, 0x1a, 0x00, 0x00, 0x58, 0x43, 0x3a, 0x12, 0x00,
    0x00, 0x61, 0x02, 0x00, 0x00, 0x4d, 0x21, 0x00, 0x00, 0x5b, 0x06, 0x00, 0x00, 0x00, 0x00, 0x00,
    0x00, 0x00, 0x00, 0x65, 0x01, 0x21, 0x00, 0x5b, 0x04, 0x00, 0x00, 0x00, 0x00, 0x00, 0x00, 0x00,
    0x00, 0x07, 0x00, 0x61, 0x08, 0x00, 0x00, 0x20, 0x00, 0x1f, 0x00, 0x5b, 0x06, 0x00, 0x00, 0x00,
    0x00, 0x00, 0x00, 0x00, 0x00, 0x65, 0x01, 0x66, 0x00, 0x3d, 0x03, 0x1f, 0x00, 0x66, 0x01, 0x29,
    0x03, 0x7a, 0xbd, 0x53, 0x2e, 0x69, 0x6e, 0x64, 0x65, 0x78, 0x28, 0x76, 0x61, 0x6c, 0x75, 0x65,
    0x2c, 0x20, 0x5b, 0x73, 0x74, 0x61, 0x72, 0x74, 0x2c, 0x20, 0x5b, 0x73, 0x74, 0x6f, 0x70, 0x5d,
    0x5d, 0x29, 0x20, 0x2d, 0x3e, 0x20, 0x69, 0x6e, 0x74, 0x65, 0x67, 0x65, 0x72, 0x20, 0x2d, 0x2d,
    0x20, 0x72, 0x65, 0x74, 0x75, 0x72, 0x6e, 0x20, 0x66, 0x69, 0x72, 0x73, 0x74, 0x20, 0x69, 0x6e,
    0x64, 0x65, 0x78, 0x20, 0x6f, 0x66, 0x20, 0x76, 0x61, 0x6c, 0x75, 0x65, 0x2e, 0x0a, 0x52, 0x61,
    0x69, 0x73, 0x65, 0x73, 0x20, 0x56, 0x61, 0x6c, 0x75, 0x65, 0x45, 0x72, 0x72, 0x6f, 0x72, 0x20,
    0x69, 0x66, 0x20, 0x74, 0x68, 0x65, 0x20, 0x76, 0x61, 0x6c, 0x75, 0x65, 0x20, 0x69, 0x73, 0x20,
    0x6e, 0x6f, 0x74, 0x20, 0x70, 0x72, 0x65, 0x73, 0x65, 0x6e, 0x74, 0x2e, 0x0a, 0x0a, 0x53, 0x75,
    0x70, 0x70, 0x6f, 0x72, 0x74, 0x69, 0x6e, 0x67, 0x20, 0x73, 0x74, 0x61, 0x72, 0x74, 0x20, 0x61,
    0x6e, 0x64, 0x20, 0x73, 0x74, 0x6f, 0x70, 0x20, 0x61, 0x72, 0x67, 0x75, 0x6d, 0x65, 0x6e, 0x74,
    0x73, 0x20, 0x69, 0x73, 0x20, 0x6f, 0x70, 0x74, 0x69, 0x6f, 0x6e, 0x61, 0x6c, 0x2c, 0x20, 0x62,
    0x75, 0x74, 0x0a, 0x72, 0x65, 0x63, 0x6f, 0x6d, 0x6d, 0x65, 0x6e, 0x64, 0x65, 0x64, 0x2e, 0x0a,
    0x72, 0x02, 0x00, 0x00, 0x00, 0x72, 0x25, 0x00, 0x00, 0x00, 0x29, 0x04, 0xda, 0x03, 0x6d, 0x61,
    0x78, 0x72, 0xe7, 0x00, 0x00, 0x00, 0x72, 0xed, 0x01, 0x00, 0x00, 0xda, 0x0a, 0x56, 0x61, 0x6c,
    0x75, 0x65, 0x45, 0x72, 0x72, 0x6f, 0x72, 0x29, 0x06, 0x72, 0x44, 0x00, 0x00, 0x00, 0x72, 0x66,
    0x00, 0x00, 0x00, 0xda, 0x05, 0x73, 0x74, 0x61, 0x72, 0x74, 0xda, 0x04, 0x73, 0x74, 0x6f, 0x70,
    0x72, 0xf3, 0x01, 0x00, 0x00, 0x72, 0xc8, 0x01, 0x00, 0x00, 0x73, 0x06, 0x00, 0x00, 0x00, 0x20,
    0x20, 0x20, 0x20, 0x20, 0x20, 0x72, 0x09, 0x00, 0x00, 0x00, 0x72, 0xef, 0x01, 0x00, 0x00, 0xda,
    0x0e, 0x53, 0x65, 0x71, 0x75, 0x65, 0x6e, 0x63, 0x65, 0x2e, 0x69, 0x6e, 0x64, 0x65, 0x78, 0x17,
    0x04, 0x00, 0x00, 0x73, 0xa1, 0x00, 0x00, 0x00, 0x80, 0x00, 0xf0, 0x0e, 0x00, 0x0c, 0x11, 0xd1,
    0x0b, 0x1c, 0xa0, 0x15, 0xa8, 0x11, 0xa3, 0x19, 0xdc, 0x14, 0x17, 0x9c, 0x03, 0x98, 0x44, 0x9b,
    0x09, 0xa0, 0x45, 0xd1, 0x18, 0x29, 0xa8, 0x31, 0xd3, 0x14, 0x2d, 0x88, 0x45, 0xd8, 0x0b, 0x0f,
    0xd1, 0x0b, 0x1b, 0xa0, 0x04, 0xa0, 0x71, 0xa3, 0x08, 0xd8, 0x0c, 0x10, 0x94, 0x43, 0x98, 0x04,
    0x93, 0x49, 0xd1, 0x0c, 0x1d, 0x88, 0x44, 0xe0, 0x0c, 0x11, 0x88, 0x01, 0xd8, 0x0e, 0x12, 0x89,
    0x6c, 0x98, 0x61, 0x9b, 0x68, 0xf0, 0x02, 0x03, 0x0d, 0x16, 0xd8, 0x14, 0x18, 0x91, 0x47, 0x90,
    0x01, 0xf0, 0x06, 0x00, 0x10, 0x11, 0x8a, 0x7a, 0x98, 0x51, 0x9b, 0x5a, 0xd8, 0x17, 0x18, 0x90,
    0x08, 0xd8, 0x0c, 0x0d, 0x90, 0x11, 0x89, 0x46, 0x88, 0x41, 0xf0, 0x0f, 0x00, 0x0f, 0x13, 0x8b,
    0x6c, 0x98, 0x61, 0x9d, 0x68, 0xf4, 0x10, 0x00, 0x0f, 0x19, 0xd0, 0x08, 0x18, 0xf8, 0xf4, 0x0b,
    0x00, 0x14, 0x1e, 0xf3, 0x00, 0x01, 0x0d, 0x16, 0xd8, 0x10, 0x15, 0xf4, 0x08, 0x00, 0x0f, 0x19,
    0xd0, 0x08, 0x18, 0xf0, 0x0b, 0x01, 0x0d, 0x16, 0xfa, 0x73, 0x12, 0x00, 0x00, 0x00, 0xc1, 0x04,
    0x04, 0x41, 0x2a, 0x00, 0xc1, 0x2a, 0x0a, 0x41, 0x3c, 0x03, 0xc1, 0x3b, 0x01, 0x41, 0x3c, 0x03,
    0x63, 0x02, 0x00, 0x00, 0x00, 0x00, 0x00, 0x00, 0x00, 0x00, 0x00, 0x00, 0x00, 0x04, 0x00, 0x00,
    0x00, 0x03, 0x00, 0x00, 0x00, 0xf3, 0x2e, 0x00, 0x00, 0x00, 0x5e, 0x01, 0x95, 0x00, 0x5b, 0x01,
    0x00, 0x00, 0x00, 0x00, 0x00, 0x00, 0x00, 0x00, 0x55, 0x01, 0x34, 0x01, 0x53, 0x01, 0x1a, 0x00,
    0x6a, 0x08, 0x55, 0x00, 0x13, 0x00, 0x35, 0x00, 0x00, 0x00, 0x00, 0x00, 0x00, 0x00, 0x35, 0x01,
    0x00, 0x00, 0x00, 0x00, 0x00, 0x00, 0x24, 0x00, 0x29, 0x02, 0x7a, 0x42, 0x53, 0x2e, 0x63, 0x6f,
    0x75, 0x6e, 0x74, 0x28, 0x76, 0x61, 0x6c, 0x75, 0x65, 0x29, 0x20, 0x2d, 0x3e, 0x20, 0x69, 0x6e,
    0x74, 0x65, 0x67, 0x65, 0x72, 0x20, 0x2d, 0x2d, 0x20, 0x72, 0x65, 0x74, 0x75, 0x72, 0x6e, 0x20,
    0x6e, 0x75, 0x6d, 0x62, 0x65, 0x72, 0x20, 0x6f, 0x66, 0x20, 0x6f, 0x63, 0x63, 0x75, 0x72, 0x72,
    0x65, 0x6e, 0x63, 0x65, 0x73, 0x20, 0x6f, 0x66, 0x20, 0x76, 0x61, 0x6c, 0x75, 0x65, 0x63, 0x01,
    0x00, 0x00, 0x00, 0x00, 0x00, 0x00, 0x00, 0x00, 0x00, 0x00, 0x00, 0x03, 0x00, 0x00, 0x00, 0x33,
    0x00, 0x00, 0x00, 0xf3, 0x40, 0x00, 0x00, 0x00, 0x3e, 0x01, 0x23, 0x00, 0x20, 0x00, 0x95, 0x00,
    0x55, 0x00, 0x13, 0x00, 0x48, 0x13, 0x00, 0x00, 0x6f, 0x11, 0x54, 0x02, 0x4c, 0x00, 0x64, 0x08,
    0x00, 0x00, 0x55, 0x01, 0x54, 0x02, 0x3a, 0x58, 0x00, 0x00, 0x64, 0x02, 0x00, 0x00, 0x4d, 0x0f,
    0x00, 0x00, 0x53, 0x00, 0x76, 0x00, 0x95, 0x05, 0x20, 0x00, 0x4d, 0x15, 0x00, 0x00, 0x0b, 0x00,
    0x20, 0x00, 0x67, 0x01, 0x37, 0x03, 0x66, 0x01, 0x29, 0x02, 0x72, 0x25, 0x00, 0x00, 0x00, 0x4e,
    0x72, 0x07, 0x00, 0x00, 0x00, 0x29, 0x03, 0x72, 0x0c, 0x01, 0x00, 0x00, 0x72, 0xc8, 0x01, 0x00,
    0x00, 0x72, 0x66, 0x00, 0x00, 0x00, 0x73, 0x03, 0x00, 0x00, 0x00, 0x20, 0x20, 0x80, 0x72, 0x09,
    0x00, 0x00, 0x00, 0x72, 0x0f, 0x01, 0x00, 0x00, 0xda, 0x21, 0x53, 0x65, 0x71, 0x75, 0x65, 0x6e,
    0x63, 0x65, 0x2e, 0x63, 0x6f, 0x75, 0x6e, 0x74, 0x2e, 0x3c, 0x6c, 0x6f, 0x63, 0x61, 0x6c, 0x73,
    0x3e, 0x2e, 0x3c, 0x67, 0x65, 0x6e, 0x65, 0x78, 0x70, 0x72, 0x3e, 0x30, 0x04, 0x00, 0x00, 0x73,
    0x1d, 0x00, 0x00, 0x00, 0xf8, 0xe9, 0x00, 0x80, 0x00, 0xd0, 0x12, 0x3f, 0x9a, 0x64, 0x98, 0x11,
    0xa8, 0x35, 0xa2, 0x6a, 0xb0, 0x41, 0xb8, 0x15, 0xb1, 0x4a, 0x97, 0x31, 0x91, 0x31, 0x9a, 0x64,
    0xf9, 0x73, 0x08, 0x00, 0x00, 0x00, 0x83, 0x0e, 0x1e, 0x01, 0x95, 0x09, 0x1e, 0x01, 0x29, 0x01,
    0xda, 0x03, 0x73, 0x75, 0x6d, 0x72, 0x65, 0x00, 0x00, 0x00, 0x73, 0x02, 0x00, 0x00, 0x00, 0x20,
    0x60, 0x72, 0x09, 0x00, 0x00, 0x00, 0xda, 0x05, 0x63, 0x6f, 0x75, 0x6e, 0x74, 0xda, 0x0e, 0x53,
    0x65, 0x71, 0x75, 0x65, 0x6e, 0x63, 0x65, 0x2e, 0x63, 0x6f, 0x75, 0x6e, 0x74, 0x2e, 0x04, 0x00,
    0x00, 0x73, 0x14, 0x00, 0x00, 0x00, 0xf8, 0x80, 0x00, 0xe4, 0x0f, 0x12, 0xd4, 0x12, 0x3f, 0x99,
    0x64, 0xd3, 0x12, 0x3f, 0xd3, 0x0f, 0x3f, 0xd0, 0x08, 0x3f, 0x72, 0x08, 0x00, 0x00, 0x00, 0x29,
    0x02, 0x72, 0x02, 0x00, 0x00, 0x00, 0x4e, 0x29, 0x0f, 0x72, 0x4e, 0x00, 0x00, 0x00, 0x72, 0x4f,
    0x00, 0x00, 0x00, 0x72, 0x50, 0x00, 0x00, 0x00, 0x72, 0x51, 0x00, 0x00, 0x00, 0x72, 0x04, 0x01,
    0x00, 0x00, 0x72, 0x52, 0x00, 0x00, 0x00, 0x72, 0xac, 0x01, 0x00, 0x00, 0x72, 0x04, 0x00, 0x00,
    0x00, 0x72, 0x00, 0x01, 0x00, 0x00, 0x72, 0xa5, 0x00, 0x00, 0x00, 0x72, 0xcd, 0x00, 0x00, 0x00,
    0x72, 0xb4, 0x00, 0x00, 0x00, 0x72, 0xef, 0x01, 0x00, 0x00, 0x72, 0x05, 0x02, 0x00, 0x00, 0x72,
    0x54, 0x00, 0x00, 0x00, 0x72, 0x07, 0x00, 0x00, 0x00, 0x72, 0x08, 0x00, 0x00, 0x00, 0x72, 0x09,
    0x00, 0x00, 0x00, 0x72, 0x21, 0x00, 0x00, 0x00, 0x72, 0x21, 0x00, 0x00, 0x00, 0xf3, 0x03, 0x00,
    0x00, 0x73, 0x41, 0x00, 0x00, 0x00, 0x86, 0x00, 0xf1, 0x02, 0x04, 0x05, 0x08, 0xf0, 0x0c, 0x00,
    0x11, 0x13, 0x80, 0x49, 0xf0, 0x06, 0x00, 0x17, 0x1d, 0x80, 0x4f, 0xe0, 0x05, 0x13, 0xf1, 0x02,
    0x01, 0x05, 0x19, 0xf3, 0x03, 0x00, 0x06, 0x14, 0xf0, 0x02, 0x01, 0x05, 0x19, 0xf2, 0x06, 0x08,
    0x05, 0x13, 0xf2, 0x14, 0x04, 0x05, 0x15, 0xf2, 0x0c, 0x02, 0x05, 0x1a, 0xf4, 0x08, 0x15, 0x05,
    0x19, 0xf5, 0x2e, 0x02, 0x05, 0x40, 0x01, 0x72, 0x08, 0x00, 0x00, 0x00, 0x72, 0x21, 0x00, 0x00,
    0x00, 0x63, 0x00, 0x00, 0x00, 0x00, 0x00, 0x00, 0x00, 0x00, 0x00, 0x00, 0x00, 0x00, 0x02, 0x00,
    0x00, 0x00, 0x00, 0x00, 0x00, 0x00, 0xf3, 0x34, 0x00, 0x00, 0x00, 0x5e, 0x00, 0x95, 0x00, 0x5c,
    0x00, 0x72, 0x01, 0x53, 0x00, 0x72, 0x02, 0x53, 0x01, 0x72, 0x03, 0x55, 0x00, 0x34, 0x01, 0x53,
    0x02, 0x1a, 0x00, 0x6a, 0x08, 0x72, 0x04, 0x55, 0x00, 0x34, 0x01, 0x53, 0x03, 0x1a, 0x00, 0x6a,
    0x08, 0x72, 0x05, 0x53, 0x04, 0x72, 0x06, 0x55, 0x00, 0x3d, 0x01, 0x72, 0x07, 0x24, 0x00, 0x29,
    0x05, 0xda, 0x18, 0x5f, 0x44, 0x65, 0x70, 0x72, 0x65, 0x63, 0x61, 0x74, 0x65, 0x42, 0x79, 0x74,
    0x65, 0x53, 0x74, 0x72, 0x69, 0x6e, 0x67, 0x4d, 0x65, 0x74, 0x61, 0x69, 0x37, 0x04, 0x00, 0x00,
    0x63, 0x04, 0x00, 0x00, 0x00, 0x00, 0x00, 0x00, 0x00, 0x00, 0x00, 0x00, 0x00, 0x06, 0x00, 0x00,
    0x00, 0x0b, 0x00, 0x00, 0x00, 0xf3, 0x5c, 0x00, 0x00, 0x00, 0x3e, 0x01, 0x95, 0x00, 0x55, 0x01,
    0x53, 0x01, 0x3a, 0x77, 0x00, 0x00, 0x61, 0x14, 0x00, 0x00, 0x53, 0x02, 0x53, 0x00, 0x4b, 0x00,
    0x6e, 0x05, 0x55, 0x05, 0x52, 0x03, 0x00, 0x00, 0x00, 0x00, 0x00, 0x00, 0x00, 0x00, 0x00, 0x00,
    0x00, 0x00, 0x00, 0x00, 0x00, 0x00, 0x00, 0x00, 0x53, 0x03, 0x53, 0x04, 0x53, 0x05, 0x39, 0x02,
    0x20, 0x00, 0x5b, 0x04, 0x00, 0x00, 0x00, 0x00, 0x00, 0x00, 0x00, 0x00, 0x54, 0x06, 0x55, 0x00,
    0x5d, 0x0c, 0x00, 0x00, 0x22, 0x00, 0x58, 0x01, 0x58, 0x23, 0x34, 0x04, 0x30, 0x00, 0x55, 0x04,
    0x44, 0x01, 0x36, 0x01, 0x24, 0x00, 0x29, 0x06, 0x4e, 0x72, 0x23, 0x00, 0x00, 0x00, 0x72, 0x02,
    0x00, 0x00, 0x00, 0xfa, 0x1a, 0x63, 0x6f, 0x6c, 0x6c, 0x65, 0x63, 0x74, 0x69, 0x6f, 0x6e, 0x73,
    0x2e, 0x61, 0x62, 0x63, 0x2e, 0x42, 0x79, 0x74, 0x65, 0x53, 0x74, 0x72, 0x69, 0x6e, 0x67, 0xa9,
    0x02, 0xe9, 0x03, 0x00, 0x00, 0x00, 0xe9, 0x0e, 0x00, 0x00, 0x00, 0xa9, 0x01, 0x72, 0x78, 0x01,
    0x00, 0x00, 0x29, 0x04, 0xda, 0x08, 0x77, 0x61, 0x72, 0x6e, 0x69, 0x6e, 0x67, 0x73, 0xda, 0x0b,
    0x5f, 0x64, 0x65, 0x70, 0x72, 0x65, 0x63, 0x61, 0x74, 0x65, 0x64, 0x72, 0xeb, 0x00, 0x00, 0x00,
    0x72, 0xec, 0x00, 0x00, 0x00, 0x29, 0x07, 0x72, 0x4a, 0x00, 0x00, 0x00, 0x72, 0x0d, 0x01, 0x00,
    0x00, 0xda, 0x05, 0x62, 0x61, 0x73, 0x65, 0x73, 0xda, 0x09, 0x6e, 0x61, 0x6d, 0x65, 0x73, 0x70,
    0x61, 0x63, 0x65, 0xda, 0x06, 0x6b, 0x77, 0x61, 0x72, 0x67, 0x73, 0x72, 0x0f, 0x02, 0x00, 0x00,
    0x72, 0xf1, 0x00, 0x00, 0x00, 0x73, 0x07, 0x00, 0x00, 0x00, 0x20, 0x20, 0x20, 0x20, 0x20, 0x20,
    0x80, 0x72, 0x09, 0x00, 0x00, 0x00, 0x72, 0xec, 0x00, 0x00, 0x00, 0xda, 0x20, 0x5f, 0x44, 0x65,
    0x70, 0x72, 0x65, 0x63, 0x61, 0x74, 0x65, 0x42, 0x79, 0x74, 0x65, 0x53, 0x74, 0x72, 0x69, 0x6e,
    0x67, 0x4d, 0x65, 0x74, 0x61, 0x2e, 0x5f, 0x5f, 0x6e, 0x65, 0x77, 0x5f, 0x5f, 0x38, 0x04, 0x00,
    0x00, 0x73, 0x3f, 0x00, 0x00, 0x00, 0xf8, 0x80, 0x00, 0xd8, 0x0b, 0x0f, 0x90, 0x3c, 0xd3, 0x0b,
    0x1f, 0xdb, 0x0c, 0x1b, 0xe0, 0x0c, 0x14, 0xd7, 0x0c, 0x20, 0xd1, 0x0c, 0x20, 0xd8, 0x10, 0x2c,
    0xd8, 0x17, 0x1e, 0xf0, 0x05, 0x00, 0x0d, 0x21, 0xf1, 0x00, 0x03, 0x0d, 0x0e, 0xf4, 0x08, 0x00,
    0x10, 0x15, 0x89, 0x77, 0x8a, 0x7f, 0x98, 0x73, 0xa8, 0x25, 0xd1, 0x0f, 0x45, 0xb8, 0x66, 0xd1,
    0x0f, 0x45, 0xd0, 0x08, 0x45, 0x72, 0x08, 0x00, 0x00, 0x00, 0x63, 0x02, 0x00, 0x00, 0x00, 0x00,
    0x00, 0x00, 0x00, 0x00, 0x00, 0x00, 0x00, 0x05, 0x00, 0x00, 0x00, 0x03, 0x00, 0x00, 0x00, 0xf3,
    0x4a, 0x00, 0x00, 0x00, 0x3e, 0x01, 0x95, 0x00, 0x53, 0x01, 0x53, 0x00, 0x4b, 0x00, 0x6e, 0x02,
    0x55, 0x02, 0x52, 0x03, 0x00, 0x00, 0x00, 0x00, 0x00, 0x00, 0x00, 0x00, 0x00, 0x00, 0x00, 0x00,
    0x00, 0x00, 0x00, 0x00, 0x00, 0x00, 0x53, 0x02, 0x53, 0x03, 0x53, 0x04, 0x39, 0x02, 0x20, 0x00,
    0x5b, 0x04, 0x00, 0x00, 0x00, 0x00, 0x00, 0x00, 0x00, 0x00, 0x54, 0x03, 0x55, 0x00, 0x5d, 0x0d,
    0x00, 0x00, 0x55, 0x01, 0x35, 0x01, 0x00, 0x00, 0x00, 0x00, 0x00, 0x00, 0x24, 0x00, 0x29, 0x05,
    0x4e, 0x72, 0x02, 0x00, 0x00, 0x00, 0x72, 0x0a, 0x02, 0x00, 0x00, 0x72, 0x0b, 0x02, 0x00, 0x00,
    0x72, 0x0e, 0x02, 0x00, 0x00, 0x29, 0x04, 0x72, 0x0f, 0x02, 0x00, 0x00, 0x72, 0x10, 0x02, 0x00,
    0x00, 0x72, 0xeb, 0x00, 0x00, 0x00, 0xda, 0x11, 0x5f, 0x5f, 0x69, 0x6e, 0x73, 0x74, 0x61, 0x6e,
    0x63, 0x65, 0x63, 0x68, 0x65, 0x63, 0x6b, 0x5f, 0x5f, 0x29, 0x04, 0x72, 0x4a, 0x00, 0x00, 0x00,
    0xda, 0x08, 0x69, 0x6e, 0x73, 0x74, 0x61, 0x6e, 0x63, 0x65, 0x72, 0x0f, 0x02, 0x00, 0x00, 0x72,
    0xf1, 0x00, 0x00, 0x00, 0x73, 0x04, 0x00, 0x00, 0x00, 0x20, 0x20, 0x20, 0x80, 0x72, 0x09, 0x00,
    0x00, 0x00, 0x72, 0x16, 0x02, 0x00, 0x00, 0xda, 0x2a, 0x5f, 0x44, 0x65, 0x70, 0x72, 0x65, 0x63,
    0x61, 0x74, 0x65, 0x42, 0x79, 0x74, 0x65, 0x53, 0x74, 0x72, 0x69, 0x6e, 0x67, 0x4d, 0x65, 0x74,
    0x61, 0x2e, 0x5f, 0x5f, 0x69, 0x6e, 0x73, 0x74, 0x61, 0x6e, 0x63, 0x65, 0x63, 0x68, 0x65, 0x63,
    0x6b, 0x5f, 0x5f, 0x42, 0x04, 0x00, 0x00, 0x73, 0x31, 0x00, 0x00, 0x00, 0xf8, 0x80, 0x00, 0xdb,
    0x08, 0x17, 0xe0, 0x08, 0x10, 0xd7, 0x08, 0x1c, 0xd1, 0x08, 0x1c, 0xd8, 0x0c, 0x28, 0xd8, 0x13,
    0x1a, 0xf0, 0x05, 0x00, 0x09, 0x1d, 0xf1, 0x00, 0x03, 0x09, 0x0a, 0xf4, 0x08, 0x00, 0x10, 0x15,
    0x89, 0x77, 0xd1, 0x0f, 0x28, 0xa8, 0x18, 0xd3, 0x0f, 0x32, 0xd0, 0x08, 0x32, 0x72, 0x08, 0x00,
    0x00, 0x00, 0x72, 0x07, 0x00, 0x00, 0x00, 0x29, 0x08, 0x72, 0x4e, 0x00, 0x00, 0x00, 0x72, 0x4f,
    0x00, 0x00, 0x00, 0x72, 0x50, 0x00, 0x00, 0x00, 0x72, 0x51, 0x00, 0x00, 0x00, 0x72, 0xec, 0x00,
    0x00, 0x00, 0x72, 0x16, 0x02, 0x00, 0x00, 0x72, 0x54, 0x00, 0x00, 0x00, 0x72, 0x05, 0x01, 0x00,
    0x00, 0x72, 0x06, 0x01, 0x00, 0x00, 0x73, 0x01, 0x00, 0x00, 0x00, 0x40, 0x72, 0x09, 0x00, 0x00,
    0x00, 0x72, 0x08, 0x02, 0x00, 0x00, 0x72, 0x08, 0x02, 0x00, 0x00, 0x37, 0x04, 0x00, 0x00, 0x73,
    0x13, 0x00, 0x00, 0x00, 0xf8, 0x86, 0x00, 0xf5, 0x02, 0x08, 0x05, 0x46, 0x01, 0xf7, 0x14, 0x07,
    0x05, 0x33, 0xf3, 0x00, 0x07, 0x05, 0x33, 0x72, 0x08, 0x00, 0x00, 0x00, 0x72, 0x08, 0x02, 0x00,
    0x00, 0x63, 0x00, 0x00, 0x00, 0x00, 0x00, 0x00, 0x00, 0x00, 0x00, 0x00, 0x00, 0x00, 0x01, 0x00,
    0x00, 0x00, 0x00, 0x00, 0x00, 0x00, 0xf3, 0x1c, 0x00, 0x00, 0x00, 0x95, 0x00, 0x5c, 0x00, 0x72,
    0x01, 0x53, 0x00, 0x72, 0x02, 0x53, 0x01, 0x72, 0x03, 0x53, 0x02, 0x72, 0x04, 0x53, 0x03, 0x72,
    0x05, 0x53, 0x03, 0x72, 0x06, 0x67, 0x04, 0x29, 0x05, 0x72, 0x23, 0x00, 0x00, 0x00, 0x69, 0x4b,
    0x04, 0x00, 0x00, 0x7a, 0x45, 0x54, 0x68, 0x69, 0x73, 0x20, 0x75, 0x6e, 0x69, 0x66, 0x69, 0x65,
    0x73, 0x20, 0x62, 0x79, 0x74, 0x65, 0x73, 0x20, 0x61, 0x6e, 0x64, 0x20, 0x62, 0x79, 0x74, 0x65,
    0x61, 0x72, 0x72, 0x61, 0x79, 0x2e, 0x0a, 0x0a, 0x58, 0x58, 0x58, 0x20, 0x53, 0x68, 0x6f, 0x75,
    0x6c, 0x64, 0x20, 0x61, 0x64, 0x64, 0x20, 0x61, 0x6c, 0x6c, 0x20, 0x74, 0x68, 0x65, 0x69, 0x72,
    0x20, 0x6d, 0x65, 0x74, 0x68, 0x6f, 0x64, 0x73, 0x2e, 0x0a, 0x72, 0x07, 0x00, 0x00, 0x00, 0x4e,
    0x29, 0x07, 0x72, 0x4e, 0x00, 0x00, 0x00, 0x72, 0x4f, 0x00, 0x00, 0x00, 0x72, 0x50, 0x00, 0x00,
    0x00, 0x72, 0x51, 0x00, 0x00, 0x00, 0x72, 0x04, 0x01, 0x00, 0x00, 0x72, 0x52, 0x00, 0x00, 0x00,
    0x72, 0x54, 0x00, 0x00, 0x00, 0x72, 0x07, 0x00, 0x00, 0x00, 0x72, 0x08, 0x00, 0x00, 0x00, 0x72,
    0x09, 0x00, 0x00, 0x00, 0x72, 0x23, 0x00, 0x00, 0x00, 0x72, 0x23, 0x00, 0x00, 0x00, 0x4b, 0x04,
    0x00, 0x00, 0x73, 0x0e, 0x00, 0x00, 0x00, 0x86, 0x00, 0xf1, 0x02, 0x03, 0x05, 0x08, 0xf0, 0x0a,
    0x00, 0x11, 0x13, 0x83, 0x49, 0x72, 0x08, 0x00, 0x00, 0x00, 0x72, 0x23, 0x00, 0x00, 0x00, 0x63,
    0x00, 0x00, 0x00, 0x00, 0x00, 0x00, 0x00, 0x00, 0x00, 0x00, 0x00, 0x00, 0x02, 0x00, 0x00, 0x00,
    0x00, 0x00, 0x00, 0x00, 0xf3, 0x7a, 0x00, 0x00, 0x00, 0x95, 0x00, 0x5c, 0x00, 0x72, 0x01, 0x53,
    0x00, 0x72, 0x02, 0x53, 0x01, 0x72, 0x03, 0x53, 0x02, 0x72, 0x04, 0x53, 0x03, 0x72, 0x05, 0x5c,
    0x06, 0x53, 0x04, 0x1a, 0x00, 0x35, 0x00, 0x00, 0x00, 0x00, 0x00, 0x00, 0x00, 0x72, 0x07, 0x5c,
    0x06, 0x53, 0x05, 0x1a, 0x00, 0x35, 0x00, 0x00, 0x00, 0x00, 0x00, 0x00, 0x00, 0x72, 0x08, 0x5c,
    0x06, 0x53, 0x06, 0x1a, 0x00, 0x35, 0x00, 0x00, 0x00, 0x00, 0x00, 0x00, 0x00, 0x72, 0x09, 0x53,
    0x07, 0x1a, 0x00, 0x72, 0x0a, 0x53, 0x08, 0x1a, 0x00, 0x72, 0x0b, 0x53, 0x09, 0x1a, 0x00, 0x72,
    0x0c, 0x53, 0x0a, 0x1a, 0x00, 0x72, 0x0d, 0x53, 0x0f, 0x53, 0x0b, 0x1a, 0x00, 0x6a, 0x01, 0x72,
    0x0e, 0x53, 0x0c, 0x1a, 0x00, 0x72, 0x0f, 0x53, 0x0d, 0x1a, 0x00, 0x72, 0x10, 0x53, 0x03, 0x72,
    0x11, 0x67, 0x0e, 0x29, 0x10, 0x72, 0x22, 0x00, 0x00, 0x00, 0x69, 0x57, 0x04, 0x00, 0x00, 0x7a,
    0xa2, 0x41, 0x6c, 0x6c, 0x20, 0x74, 0x68, 0x65, 0x20, 0x6f, 0x70, 0x65, 0x72, 0x61, 0x74, 0x69,
    0x6f, 0x6e, 0x73, 0x20, 0x6f, 0x6e, 0x20, 0x61, 0x20, 0x72, 0x65, 0x61, 0x64, 0x2d, 0x77, 0x72,
    0x69, 0x74, 0x65, 0x20, 0x73, 0x65, 0x71, 0x75, 0x65, 0x6e, 0x63, 0x65, 0x2e, 0x0a, 0x0a, 0x43,
    0x6f, 0x6e, 0x63, 0x72, 0x65, 0x74, 0x65, 0x20, 0x73, 0x75, 0x62, 0x63, 0x6c, 0x61, 0x73, 0x73,
    0x65, 0x73, 0x20, 0x6d, 0x75, 0x73, 0x74, 0x20, 0x70, 0x72, 0x6f, 0x76, 0x69, 0x64, 0x65, 0x20,
    0x5f, 0x5f, 0x6e, 0x65, 0x77, 0x5f, 0x5f, 0x20, 0x6f, 0x72, 0x20, 0x5f, 0x5f, 0x69, 0x6e, 0x69,
    0x74, 0x5f, 0x5f, 0x2c, 0x0a, 0x5f, 0x5f, 0x67, 0x65, 0x74, 0x69, 0x74, 0x65, 0x6d, 0x5f, 0x5f,
    0x2c, 0x20, 0x5f, 0x5f, 0x73, 0x65, 0x74, 0x69, 0x74, 0x65, 0x6d, 0x5f, 0x5f, 0x2c, 0x20, 0x5f,
    0x5f, 0x64, 0x65, 0x6c, 0x69, 0x74, 0x65, 0x6d, 0x5f, 0x5f, 0x2c, 0x20, 0x5f, 0x5f, 0x6c, 0x65,
    0x6e, 0x5f, 0x5f, 0x2c, 0x20, 0x61, 0x6e, 0x64, 0x20, 0x69, 0x6e, 0x73, 0x65, 0x72, 0x74, 0x28,
    0x29, 0x2e, 0x0a, 0x72, 0x07, 0x00, 0x00, 0x00, 0x63, 0x03, 0x00, 0x00, 0x00, 0x00, 0x00, 0x00,
    0x00, 0x00, 0x00, 0x00, 0x00, 0x01, 0x00, 0x00, 0x00, 0x03, 0x00, 0x00, 0x00, 0xf3, 0x0e, 0x00,
    0x00, 0x00, 0x95, 0x00, 0x5b, 0x00, 0x00, 0x00, 0x00, 0x00, 0x00, 0x00, 0x00, 0x00, 0x65, 0x01,
    0x72, 0x06, 0x00, 0x00, 0x00, 0x72, 0xec, 0x01, 0x00, 0x00, 0xa9, 0x03, 0x72, 0x44, 0x00, 0x00,
    0x00, 0x72, 0xef, 0x01, 0x00, 0x00, 0x72, 0x66, 0x00, 0x00, 0x00, 0x73, 0x03, 0x00, 0x00, 0x00,
    0x20, 0x20, 0x20, 0x72, 0x09, 0x00, 0x00, 0x00, 0x72, 0xd4, 0x01, 0x00, 0x00, 0xda, 0x1b, 0x4d,
    0x75, 0x74, 0x61, 0x62, 0x6c, 0x65, 0x53, 0x65, 0x71, 0x75, 0x65, 0x6e, 0x63, 0x65, 0x2e, 0x5f,
    0x5f, 0x73, 0x65, 0x74, 0x69, 0x74, 0x65, 0x6d, 0x5f, 0x5f, 0x60, 0x04, 0x00, 0x00, 0x72, 0xf1,
    0x01, 0x00, 0x00, 0x72, 0x08, 0x00, 0x00, 0x00, 0x63, 0x02, 0x00, 0x00, 0x00, 0x00, 0x00, 0x00,
    0x00, 0x00, 0x00, 0x00, 0x00, 0x01, 0x00, 0x00, 0x00, 0x03, 0x00, 0x00, 0x00, 0xf3, 0x0e, 0x00,
    0x00, 0x00, 0x95, 0x00, 0x5b, 0x00, 0x00, 0x00, 0x00, 0x00, 0x00, 0x00, 0x00, 0x00, 0x65, 0x01,
    0x72, 0x06, 0x00, 0x00, 0x00, 0x72, 0xec, 0x01, 0x00, 0x00, 0x72, 0xee, 0x01, 0x00, 0x00, 0x73,
    0x02, 0x00, 0x00, 0x00, 0x20, 0x20, 0x72, 0x09, 0x00, 0x00, 0x00, 0x72, 0xd7, 0x01, 0x00, 0x00,
    0xda, 0x1b, 0x4d, 0x75, 0x74, 0x61, 0x62, 0x6c, 0x65, 0x53, 0x65, 0x71, 0x75, 0x65, 0x6e, 0x63,
    0x65, 0x2e, 0x5f, 0x5f, 0x64, 0x65, 0x6c, 0x69, 0x74, 0x65, 0x6d, 0x5f, 0x5f, 0x64, 0x04, 0x00,
    0x00, 0x72, 0xf1, 0x01, 0x00, 0x00, 0x72, 0x08, 0x00, 0x00, 0x00, 0x63, 0x03, 0x00, 0x00, 0x00,
    0x00, 0x00, 0x00, 0x00, 0x00, 0x00, 0x00, 0x00, 0x01, 0x00, 0x00, 0x00, 0x03, 0x00, 0x00, 0x00,
    0xf3, 0x0e, 0x00, 0x00, 0x00, 0x95, 0x00, 0x5b, 0x00, 0x00, 0x00, 0x00, 0x00, 0x00, 0x00, 0x00,
    0x00, 0x65, 0x01, 0x29, 0x01, 0x7a, 0x33, 0x53, 0x2e, 0x69, 0x6e, 0x73, 0x65, 0x72, 0x74, 0x28,
    0x69, 0x6e, 0x64, 0x65, 0x78, 0x2c, 0x20, 0x76, 0x61, 0x6c, 0x75, 0x65, 0x29, 0x20, 0x2d, 0x2d,
    0x20, 0x69, 0x6e, 0x73, 0x65, 0x72, 0x74, 0x20, 0x76, 0x61, 0x6c, 0x75, 0x65, 0x20, 0x62, 0x65,
    0x66, 0x6f, 0x72, 0x65, 0x20, 0x69, 0x6e, 0x64, 0x65, 0x78, 0x72, 0xec, 0x01, 0x00, 0x00, 0x72,
    0x1c, 0x02, 0x00, 0x00, 0x73, 0x03, 0x00, 0x00, 0x00, 0x20, 0x20, 0x20, 0x72, 0x09, 0x00, 0x00,
    0x00, 0xda, 0x06, 0x69, 0x6e, 0x73, 0x65, 0x72, 0x74, 0xda, 0x16, 0x4d, 0x75, 0x74, 0x61, 0x62,
    0x6c, 0x65, 0x53, 0x65, 0x71, 0x75, 0x65, 0x6e, 0x63, 0x65, 0x2e, 0x69, 0x6e, 0x73, 0x65, 0x72,
    0x74, 0x68, 0x04, 0x00, 0x00, 0x73, 0x0a, 0x00, 0x00, 0x00, 0x80, 0x00, 0xf4, 0x06, 0x00, 0x0f,
    0x19, 0xd0, 0x08, 0x18, 0x72, 0x08, 0x00, 0x00, 0x00, 0x63, 0x02, 0x00, 0x00, 0x00, 0x00, 0x00,
    0x00, 0x00, 0x00, 0x00, 0x00, 0x00, 0x05, 0x00, 0x00, 0x00, 0x03, 0x00, 0x00, 0x00, 0xf3, 0x3a,
    0x00, 0x00, 0x00, 0x95, 0x00, 0x55, 0x00, 0x52, 0x01, 0x00, 0x00, 0x00, 0x00, 0x00, 0x00, 0x00,
    0x00, 0x00, 0x00, 0x00, 0x00, 0x00, 0x00, 0x00, 0x00, 0x00, 0x00, 0x5b, 0x03, 0x00, 0x00, 0x00,
    0x00, 0x00, 0x00, 0x00, 0x00, 0x55, 0x00, 0x35, 0x01, 0x00, 0x00, 0x00, 0x00, 0x00, 0x00, 0x55,
    0x01, 0x35, 0x02, 0x00, 0x00, 0x00, 0x00, 0x00, 0x00, 0x20, 0x00, 0x67, 0x01, 0x29, 0x02, 0x7a,
    0x3a, 0x53, 0x2e, 0x61, 0x70, 0x70, 0x65, 0x6e, 0x64, 0x28, 0x76, 0x61, 0x6c, 0x75, 0x65, 0x29,
    0x20, 0x2d, 0x2d, 0x20, 0x61, 0x70, 0x70, 0x65, 0x6e, 0x64, 0x20, 0x76, 0x61, 0x6c, 0x75, 0x65,
    0x20, 0x74, 0x6f, 0x20, 0x74, 0x68, 0x65, 0x20, 0x65, 0x6e, 0x64, 0x20, 0x6f, 0x66, 0x20, 0x74,
    0x68, 0x65, 0x20, 0x73, 0x65, 0x71, 0x75, 0x65, 0x6e, 0x63, 0x65, 0x4e, 0x29, 0x02, 0x72, 0x21,
    0x02, 0x00, 0x00, 0x72, 0xe7, 0x00, 0x00, 0x00, 0x72, 0x65, 0x00, 0x00, 0x00, 0x73, 0x02, 0x00,
    0x00, 0x00, 0x20, 0x20, 0x72, 0x09, 0x00, 0x00, 0x00, 0xda, 0x06, 0x61, 0x70, 0x70, 0x65, 0x6e,
    0x64, 0xda, 0x16, 0x4d, 0x75, 0x74, 0x61, 0x62, 0x6c, 0x65, 0x53, 0x65, 0x71, 0x75, 0x65, 0x6e,
    0x63, 0x65, 0x2e, 0x61, 0x70, 0x70, 0x65, 0x6e, 0x64, 0x6d, 0x04, 0x00, 0x00, 0x73, 0x14, 0x00,
    0x00, 0x00, 0x80, 0x00, 0xe0, 0x08, 0x0c, 0x8f, 0x0b, 0x89, 0x0b, 0x94, 0x43, 0x98, 0x04, 0x93,
    0x49, 0x98, 0x75, 0xd5, 0x08, 0x25, 0x72, 0x08, 0x00, 0x00, 0x00, 0x63, 0x01, 0x00, 0x00, 0x00,
    0x00, 0x00, 0x00, 0x00, 0x00, 0x00, 0x00, 0x00, 0x04, 0x00, 0x00, 0x00, 0x03, 0x00, 0x00, 0x00,
    0xf3, 0x4a, 0x00, 0x00, 0x00, 0x95, 0x00, 0x1e, 0x00, 0x1e, 0x00, 0x55, 0x00, 0x52, 0x01, 0x00,
    0x00, 0x00, 0x00, 0x00, 0x00, 0x00, 0x00, 0x00, 0x00, 0x00, 0x00, 0x00, 0x00, 0x00, 0x00, 0x00,
    0x00, 0x35, 0x00, 0x00, 0x00, 0x00, 0x00, 0x00, 0x00, 0x20, 0x00, 0x4d, 0x12, 0x00, 0x00, 0x21,
    0x00, 0x5b, 0x02, 0x00, 0x00, 0x00, 0x00, 0x00, 0x00, 0x00, 0x00, 0x07, 0x00, 0x61, 0x03, 0x00,
    0x00, 0x20, 0x00, 0x1f, 0x00, 0x67, 0x01, 0x66, 0x00, 0x3d, 0x03, 0x1f, 0x00, 0x66, 0x01, 0x29,
    0x02, 0x7a, 0x2c, 0x53, 0x2e, 0x63, 0x6c, 0x65, 0x61, 0x72, 0x28, 0x29, 0x20, 0x2d, 0x3e, 0x20,
    0x4e, 0x6f, 0x6e, 0x65, 0x20, 0x2d, 0x2d, 0x20, 0x72, 0x65, 0x6d, 0x6f, 0x76, 0x65, 0x20, 0x61,
    0x6c, 0x6c, 0x20, 0x69, 0x74, 0x65, 0x6d, 0x73, 0x20, 0x66, 0x72, 0x6f, 0x6d, 0x20, 0x53, 0x4e,
    0x29, 0x02, 0x72, 0x7e, 0x01, 0x00, 0x00, 0x72, 0xed, 0x01, 0x00, 0x00, 0x72, 0x43, 0x00, 0x00,
    0x00, 0x73, 0x01, 0x00, 0x00, 0x00, 0x20, 0x72, 0x09, 0x00, 0x00, 0x00, 0x72, 0x81, 0x01, 0x00,
    0x00, 0xda, 0x15, 0x4d, 0x75, 0x74, 0x61, 0x62, 0x6c, 0x65, 0x53, 0x65, 0x71, 0x75, 0x65, 0x6e,
    0x63, 0x65, 0x2e, 0x63, 0x6c, 0x65, 0x61, 0x72, 0x71, 0x04, 0x00, 0x00, 0x73, 0x2a, 0x00, 0x00,
    0x00, 0x80, 0x00, 0xf0, 0x04, 0x04, 0x09, 0x11, 0xd8, 0x12, 0x16, 0xd8, 0x10, 0x14, 0x97, 0x08,
    0x91, 0x08, 0x94, 0x0a, 0xf1, 0x03, 0x00, 0x13, 0x17, 0xf8, 0xe4, 0x0f, 0x19, 0xf3, 0x00, 0x01,
    0x09, 0x11, 0xd9, 0x0c, 0x10, 0xf0, 0x03, 0x01, 0x09, 0x11, 0xfa, 0x72, 0x83, 0x01, 0x00, 0x00,
    0x63, 0x01, 0x00, 0x00, 0x00, 0x00, 0x00, 0x00, 0x00, 0x00, 0x00, 0x00, 0x00, 0x05, 0x00, 0x00,
    0x00, 0x03, 0x00, 0x00, 0x00, 0xf3, 0x76, 0x00, 0x00, 0x00, 0x95, 0x00, 0x5b, 0x01, 0x00, 0x00,
    0x00, 0x00, 0x00, 0x00, 0x00, 0x00, 0x55, 0x00, 0x35, 0x01, 0x00, 0x00, 0x00, 0x00, 0x00, 0x00,
    0x6e, 0x01, 0x5b, 0x03, 0x00, 0x00, 0x00, 0x00, 0x00, 0x00, 0x00, 0x00, 0x55, 0x01, 0x53, 0x01,
    0x2d, 0x02, 0x00, 0x00, 0x35, 0x01, 0x00, 0x00, 0x00, 0x00, 0x00, 0x00, 0x13, 0x00, 0x48, 0x1c,
    0x00, 0x00, 0x6e, 0x02, 0x58, 0x01, 0x55, 0x02, 0x2d, 0x0a, 0x00, 0x00, 0x53, 0x02, 0x2d, 0x0a,
    0x00, 0x00, 0x05, 0x00, 0x00, 0x00, 0x58, 0x02, 0x05, 0x00, 0x00, 0x00, 0x73, 0x02, 0x58, 0x02,
    0x27, 0x00, 0x00, 0x00, 0x58, 0x01, 0x55, 0x02, 0x2d, 0x0a, 0x00, 0x00, 0x53, 0x02, 0x2d, 0x0a,
    0x00, 0x00, 0x27, 0x00, 0x00, 0x00, 0x4d, 0x1e, 0x00, 0x00, 0x0b, 0x00, 0x20, 0x00, 0x67, 0x03,
    0x29, 0x04, 0x7a, 0x21, 0x53, 0x2e, 0x72, 0x65, 0x76, 0x65, 0x72, 0x73, 0x65, 0x28, 0x29, 0x20,
    0x2d, 0x2d, 0x20, 0x72, 0x65, 0x76, 0x65, 0x72, 0x73, 0x65, 0x20, 0x2a, 0x49, 0x4e, 0x20, 0x50,
    0x4c, 0x41, 0x43, 0x45, 0x2a, 0x72, 0xe4, 0x00, 0x00, 0x00, 0x72, 0x25, 0x00, 0x00, 0x00, 0x4e,
    0x29, 0x02, 0x72, 0xe7, 0x00, 0x00, 0x00, 0x72, 0xf9, 0x01, 0x00, 0x00, 0x29, 0x03, 0x72, 0x44,
    0x00, 0x00, 0x00, 0x72, 0x66, 0x01, 0x00, 0x00, 0x72, 0xf3, 0x01, 0x00, 0x00, 0x73, 0x03, 0x00,
    0x00, 0x00, 0x20, 0x20, 0x20, 0x72, 0x09, 0x00, 0x00, 0x00, 0xda, 0x07, 0x72, 0x65, 0x76, 0x65,
    0x72, 0x73, 0x65, 0xda, 0x17, 0x4d, 0x75, 0x74, 0x61, 0x62, 0x6c, 0x65, 0x53, 0x65, 0x71, 0x75,
    0x65, 0x6e, 0x63, 0x65, 0x2e, 0x72, 0x65, 0x76, 0x65, 0x72, 0x73, 0x65, 0x79, 0x04, 0x00, 0x00,
    0x73, 0x41, 0x00, 0x00, 0x00, 0x80, 0x00, 0xe4, 0x0c, 0x0f, 0x90, 0x04, 0x8b, 0x49, 0x88, 0x01,
    0xdc, 0x11, 0x16, 0x90, 0x71, 0x98, 0x21, 0x91, 0x74, 0x96, 0x1b, 0x88, 0x41, 0xd8, 0x23, 0x27,
    0xa8, 0x21, 0xa9, 0x03, 0xa8, 0x41, 0xa9, 0x05, 0xa1, 0x3b, 0xb0, 0x04, 0xb1, 0x07, 0xd0, 0x0c,
    0x20, 0x88, 0x44, 0x89, 0x47, 0x90, 0x54, 0x98, 0x41, 0x99, 0x23, 0x98, 0x61, 0x99, 0x25, 0x93,
    0x5b, 0xf2, 0x03, 0x00, 0x12, 0x1d, 0x72, 0x08, 0x00, 0x00, 0x00, 0x63, 0x02, 0x00, 0x00, 0x00,
    0x00, 0x00, 0x00, 0x00, 0x00, 0x00, 0x00, 0x00, 0x04, 0x00, 0x00, 0x00, 0x03, 0x00, 0x00, 0x00,
    0xf3, 0x56, 0x00, 0x00, 0x00, 0x95, 0x00, 0x58, 0x10, 0x4c, 0x00, 0x61, 0x0b, 0x00, 0x00, 0x5b,
    0x01, 0x00, 0x00, 0x00, 0x00, 0x00, 0x00, 0x00, 0x00, 0x55, 0x01, 0x35, 0x01, 0x00, 0x00, 0x00,
    0x00, 0x00, 0x00, 0x6e, 0x01, 0x55, 0x01, 0x13, 0x00, 0x48, 0x14, 0x00, 0x00, 0x6e, 0x02, 0x55,
    0x00, 0x52, 0x03, 0x00, 0x00, 0x00, 0x00, 0x00, 0x00, 0x00, 0x00, 0x00, 0x00, 0x00, 0x00, 0x00,
    0x00, 0x00, 0x00, 0x00, 0x00, 0x55, 0x02, 0x35, 0x01, 0x00, 0x00, 0x00, 0x00, 0x00, 0x00, 0x20,
    0x00, 0x4d, 0x16, 0x00, 0x00, 0x0b, 0x00, 0x20, 0x00, 0x67, 0x01, 0x29, 0x02, 0x7a, 0x4d, 0x53,
    0x2e, 0x65, 0x78, 0x74, 0x65, 0x6e, 0x64, 0x28, 0x69, 0x74, 0x65, 0x72, 0x61, 0x62, 0x6c, 0x65,
    0x29, 0x20, 0x2d, 0x2d, 0x20, 0x65, 0x78, 0x74, 0x65, 0x6e, 0x64, 0x20, 0x73, 0x65, 0x71, 0x75,
    0x65, 0x6e, 0x63, 0x65, 0x20, 0x62, 0x79, 0x20, 0x61, 0x70, 0x70, 0x65, 0x6e, 0x64, 0x69, 0x6e,
    0x67, 0x20, 0x65, 0x6c, 0x65, 0x6d, 0x65, 0x6e, 0x74, 0x73, 0x20, 0x66, 0x72, 0x6f, 0x6d, 0x20,
    0x74, 0x68, 0x65, 0x20, 0x69, 0x74, 0x65, 0x72, 0x61, 0x62, 0x6c, 0x65, 0x4e, 0x29, 0x02, 0x72,
    0xe9, 0x00, 0x00, 0x00, 0x72, 0x24, 0x02, 0x00, 0x00, 0x29, 0x03, 0x72, 0x44, 0x00, 0x00, 0x00,
    0x72, 0xa7, 0x01, 0x00, 0x00, 0x72, 0xc8, 0x01, 0x00, 0x00, 0x73, 0x03, 0x00, 0x00, 0x00, 0x20,
    0x20, 0x20, 0x72, 0x09, 0x00, 0x00, 0x00, 0xda, 0x06, 0x65, 0x78, 0x74, 0x65, 0x6e, 0x64, 0xda,
    0x16, 0x4d, 0x75, 0x74, 0x61, 0x62, 0x6c, 0x65, 0x53, 0x65, 0x71, 0x75, 0x65, 0x6e, 0x63, 0x65,
    0x2e, 0x65, 0x78, 0x74, 0x65, 0x6e, 0x64, 0x7f, 0x04, 0x00, 0x00, 0x73, 0x25, 0x00, 0x00, 0x00,
    0x80, 0x00, 0xe0, 0x0b, 0x11, 0x8a, 0x3e, 0xdc, 0x15, 0x19, 0x98, 0x26, 0x93, 0x5c, 0x88, 0x46,
    0xdb, 0x11, 0x17, 0x88, 0x41, 0xd8, 0x0c, 0x10, 0x8f, 0x4b, 0x89, 0x4b, 0x98, 0x01, 0x8e, 0x4e,
    0xf2, 0x03, 0x00, 0x12, 0x18, 0x72, 0x08, 0x00, 0x00, 0x00, 0x63, 0x02, 0x00, 0x00, 0x00, 0x00,
    0x00, 0x00, 0x00, 0x00, 0x00, 0x00, 0x00, 0x02, 0x00, 0x00, 0x00, 0x03, 0x00, 0x00, 0x00, 0xf3,
    0x12, 0x00, 0x00, 0x00, 0x95, 0x00, 0x58, 0x01, 0x05, 0x00, 0x00, 0x00, 0x6e, 0x02, 0x58, 0x01,
    0x09, 0x00, 0x55, 0x02, 0x24, 0x00, 0x29, 0x01, 0x7a, 0x86, 0x53, 0x2e, 0x70, 0x6f, 0x70, 0x28,
    0x5b, 0x69, 0x6e, 0x64, 0x65, 0x78, 0x5d, 0x29, 0x20, 0x2d, 0x3e, 0x20, 0x69, 0x74, 0x65, 0x6d,
    0x20, 0x2d, 0x2d, 0x20, 0x72, 0x65, 0x6d, 0x6f, 0x76, 0x65, 0x20, 0x61, 0x6e, 0x64, 0x20, 0x72,
    0x65, 0x74, 0x75, 0x72, 0x6e, 0x20, 0x69, 0x74, 0x65, 0x6d, 0x20, 0x61, 0x74, 0x20, 0x69, 0x6e,
    0x64, 0x65, 0x78, 0x20, 0x28, 0x64, 0x65, 0x66, 0x61, 0x75, 0x6c, 0x74, 0x20, 0x6c, 0x61, 0x73,
    0x74, 0x29, 0x2e, 0x0a, 0x52, 0x61, 0x69, 0x73, 0x65, 0x20, 0x49, 0x6e, 0x64, 0x65, 0x78, 0x45,
    0x72, 0x72, 0x6f, 0x72, 0x20, 0x69, 0x66, 0x20, 0x6c, 0x69, 0x73, 0x74, 0x20, 0x69, 0x73, 0x20,
    0x65, 0x6d, 0x70, 0x74, 0x79, 0x20, 0x6f, 0x72, 0x20, 0x69, 0x6e, 0x64, 0x65, 0x78, 0x20, 0x69,
    0x73, 0x20, 0x6f, 0x75, 0x74, 0x20, 0x6f, 0x66, 0x20, 0x72, 0x61, 0x6e, 0x67, 0x65, 0x2e, 0x0a,
    0x72, 0x07, 0x00, 0x00, 0x00, 0x29, 0x03, 0x72, 0x44, 0x00, 0x00, 0x00, 0x72, 0xef, 0x01, 0x00,
    0x00, 0x72, 0xc8, 0x01, 0x00, 0x00, 0x73, 0x03, 0x00, 0x00, 0x00, 0x20, 0x20, 0x20, 0x72, 0x09,
    0x00, 0x00, 0x00, 0x72, 0x7e, 0x01, 0x00, 0x00, 0xda, 0x13, 0x4d, 0x75, 0x74, 0x61, 0x62, 0x6c,
    0x65, 0x53, 0x65, 0x71, 0x75, 0x65, 0x6e, 0x63, 0x65, 0x2e, 0x70, 0x6f, 0x70, 0x86, 0x04, 0x00,
    0x00, 0x73, 0x15, 0x00, 0x00, 0x00, 0x80, 0x00, 0xf0, 0x08, 0x00, 0x0d, 0x11, 0x89, 0x4b, 0x88,
    0x01, 0xd8, 0x0c, 0x10, 0x88, 0x4b, 0xd8, 0x0f, 0x10, 0x88, 0x08, 0x72, 0x08, 0x00, 0x00, 0x00,
    0x63, 0x02, 0x00, 0x00, 0x00, 0x00, 0x00, 0x00, 0x00, 0x00, 0x00, 0x00, 0x00, 0x04, 0x00, 0x00,
    0x00, 0x03, 0x00, 0x00, 0x00, 0xf3, 0x26, 0x00, 0x00, 0x00, 0x95, 0x00, 0x58, 0x00, 0x52, 0x01,
    0x00, 0x00, 0x00, 0x00, 0x00, 0x00, 0x00, 0x00, 0x00, 0x00, 0x00, 0x00, 0x00, 0x00, 0x00, 0x00,
    0x00, 0x00, 0x55, 0x01, 0x35, 0x01, 0x00, 0x00, 0x00, 0x00, 0x00, 0x00, 0x09, 0x00, 0x67, 0x01,
    0x29, 0x02, 0x7a, 0x63, 0x53, 0x2e, 0x72, 0x65, 0x6d, 0x6f, 0x76, 0x65, 0x28, 0x76, 0x61, 0x6c,
    0x75, 0x65, 0x29, 0x20, 0x2d, 0x2d, 0x20, 0x72, 0x65, 0x6d, 0x6f, 0x76, 0x65, 0x20, 0x66, 0x69,
    0x72, 0x73, 0x74, 0x20, 0x6f, 0x63, 0x63, 0x75, 0x72, 0x72, 0x65, 0x6e, 0x63, 0x65, 0x20, 0x6f,
    0x66, 0x20, 0x76, 0x61, 0x6c, 0x75, 0x65, 0x2e, 0x0a, 0x52, 0x61, 0x69, 0x73, 0x65, 0x20, 0x56,
    0x61, 0x6c, 0x75, 0x65, 0x45, 0x72, 0x72, 0x6f, 0x72, 0x20, 0x69, 0x66, 0x20, 0x74, 0x68, 0x65,
    0x20, 0x76, 0x61, 0x6c, 0x75, 0x65, 0x20, 0x69, 0x73, 0x20, 0x6e, 0x6f, 0x74, 0x20, 0x70, 0x72,
    0x65, 0x73, 0x65, 0x6e, 0x74, 0x2e, 0x0a, 0x4e, 0x29, 0x01, 0x72, 0xef, 0x01, 0x00, 0x00, 0x72,
    0x65, 0x00, 0x00, 0x00, 0x73, 0x02, 0x00, 0x00, 0x00, 0x20, 0x20, 0x72, 0x09, 0x00, 0x00, 0x00,
    0x72, 0x78, 0x01, 0x00, 0x00, 0xda, 0x16, 0x4d, 0x75, 0x74, 0x61, 0x62, 0x6c, 0x65, 0x53, 0x65,
    0x71, 0x75, 0x65, 0x6e, 0x63, 0x65, 0x2e, 0x72, 0x65, 0x6d, 0x6f, 0x76, 0x65, 0x8e, 0x04, 0x00,
    0x00, 0x73, 0x13, 0x00, 0x00, 0x00, 0x80, 0x00, 0xf0, 0x08, 0x00, 0x0d, 0x11, 0x97, 0x1a, 0x91,
    0x1a, 0x98, 0x45, 0xd3, 0x11, 0x22, 0xd1, 0x0c, 0x23, 0x72, 0x08, 0x00, 0x00, 0x00, 0x63, 0x02,
    0x00, 0x00, 0x00, 0x00, 0x00, 0x00, 0x00, 0x00, 0x00, 0x00, 0x00, 0x03, 0x00, 0x00, 0x00, 0x03,
    0x00, 0x00, 0x00, 0xf3, 0x28, 0x00, 0x00, 0x00, 0x95, 0x00, 0x55, 0x00, 0x52, 0x01, 0x00, 0x00,
    0x00, 0x00, 0x00, 0x00, 0x00, 0x00, 0x00, 0x00, 0x00, 0x00, 0x00, 0x00, 0x00, 0x00, 0x00, 0x00,
    0x55, 0x01, 0x35, 0x01, 0x00, 0x00, 0x00, 0x00, 0x00, 0x00, 0x20, 0x00, 0x55, 0x00, 0x24, 0x00,
    0x72, 0x06, 0x00, 0x00, 0x00, 0x29, 0x01, 0x72, 0x2c, 0x02, 0x00, 0x00, 0x29, 0x02, 0x72, 0x44,
    0x00, 0x00, 0x00, 0x72, 0xa7, 0x01, 0x00, 0x00, 0x73, 0x02, 0x00, 0x00, 0x00, 0x20, 0x20, 0x72,
    0x09, 0x00, 0x00, 0x00, 0xda, 0x08, 0x5f, 0x5f, 0x69, 0x61, 0x64, 0x64, 0x5f, 0x5f, 0xda, 0x18,
    0x4d, 0x75, 0x74, 0x61, 0x62, 0x6c, 0x65, 0x53, 0x65, 0x71, 0x75, 0x65, 0x6e, 0x63, 0x65, 0x2e,
    0x5f, 0x5f, 0x69, 0x61, 0x64, 0x64, 0x5f, 0x5f, 0x94, 0x04, 0x00, 0x00, 0x73, 0x13, 0x00, 0x00,
    0x00, 0x80, 0x00, 0xd8, 0x08, 0x0c, 0x8f, 0x0b, 0x89, 0x0b, 0x90, 0x46, 0xd4, 0x08, 0x1b, 0xd8,
    0x0f, 0x13, 0x88, 0x0b, 0x72, 0x08, 0x00, 0x00, 0x00, 0x4e, 0x29, 0x01, 0x72, 0xf4, 0x00, 0x00,
    0x00, 0x29, 0x12, 0x72, 0x4e, 0x00, 0x00, 0x00, 0x72, 0x4f, 0x00, 0x00, 0x00, 0x72, 0x50, 0x00,
    0x00, 0x00, 0x72, 0x51, 0x00, 0x00, 0x00, 0x72, 0x04, 0x01, 0x00, 0x00, 0x72, 0x52, 0x00, 0x00,
    0x00, 0x72, 0x04, 0x00, 0x00, 0x00, 0x72, 0xd4, 0x01, 0x00, 0x00, 0x72, 0xd7, 0x01, 0x00, 0x00,
    0x72, 0x21, 0x02, 0x00, 0x00, 0x72, 0x24, 0x02, 0x00, 0x00, 0x72, 0x81, 0x01, 0x00, 0x00, 0x72,
    0x29, 0x02, 0x00, 0x00, 0x72, 0x2c, 0x02, 0x00, 0x00, 0x72, 0x7e, 0x01, 0x00, 0x00, 0x72, 0x78,
    0x01, 0x00, 0x00, 0x72, 0x33, 0x02, 0x00, 0x00, 0x72, 0x54, 0x00, 0x00, 0x00, 0x72, 0x07, 0x00,
    0x00, 0x00, 0x72, 0x08, 0x00, 0x00, 0x00, 0x72, 0x09, 0x00, 0x00, 0x00, 0x72, 0x22, 0x00, 0x00,
    0x00, 0x72, 0x22, 0x00, 0x00, 0x00, 0x57, 0x04, 0x00, 0x00, 0x73, 0x6b, 0x00, 0x00, 0x00, 0x86,
    0x00, 0xf1, 0x02, 0x04, 0x05, 0x08, 0xf0, 0x0c, 0x00, 0x11, 0x13, 0x80, 0x49, 0xe0, 0x05, 0x13,
    0xf1, 0x02, 0x01, 0x05, 0x19, 0xf3, 0x03, 0x00, 0x06, 0x14, 0xf0, 0x02, 0x01, 0x05, 0x19, 0xf0,
    0x06, 0x00, 0x06, 0x14, 0xf1, 0x02, 0x01, 0x05, 0x19, 0xf3, 0x03, 0x00, 0x06, 0x14, 0xf0, 0x02,
    0x01, 0x05, 0x19, 0xf0, 0x06, 0x00, 0x06, 0x14, 0xf1, 0x02, 0x02, 0x05, 0x19, 0xf3, 0x03, 0x00,
    0x06, 0x14, 0xf0, 0x02, 0x02, 0x05, 0x19, 0xf2, 0x08, 0x02, 0x05, 0x26, 0xf2, 0x08, 0x06, 0x05,
    0x11, 0xf2, 0x10, 0x04, 0x05, 0x38, 0xf2, 0x0c, 0x05, 0x05, 0x1b, 0xf4, 0x0e, 0x06, 0x05, 0x11,
    0xf2, 0x10, 0x04, 0x05, 0x24, 0xf5, 0x0c, 0x02, 0x05, 0x14, 0x72, 0x08, 0x00, 0x00, 0x00, 0x72,
    0x22, 0x00, 0x00, 0x00, 0x29, 0x57, 0x72, 0x04, 0x01, 0x00, 0x00, 0xda, 0x03, 0x61, 0x62, 0x63,
    0x72, 0x03, 0x00, 0x00, 0x00, 0x72, 0x04, 0x00, 0x00, 0x00, 0x72, 0x29, 0x00, 0x00, 0x00, 0x72,
    0x28, 0x00, 0x00, 0x00, 0x72, 0xe9, 0x00, 0x00, 0x00, 0x72, 0xdf, 0x00, 0x00, 0x00, 0x72, 0x5e,
    0x00, 0x00, 0x00, 0xda, 0x0c, 0x45, 0x6c, 0x6c, 0x69, 0x70, 0x73, 0x69, 0x73, 0x54, 0x79, 0x70,
    0x65, 0x72, 0x0a, 0x00, 0x00, 0x00, 0x72, 0x17, 0x01, 0x00, 0x00, 0xda, 0x07, 0x5f, 0x5f, 0x61,
    0x6c, 0x6c, 0x5f, 0x5f, 0x72, 0x4e, 0x00, 0x00, 0x00, 0x72, 0x7b, 0x01, 0x00, 0x00, 0xda, 0x0e,
    0x62, 0x79, 0x74, 0x65, 0x73, 0x5f, 0x69, 0x74, 0x65, 0x72, 0x61, 0x74, 0x6f, 0x72, 0xda, 0x09,
    0x62, 0x79, 0x74, 0x65, 0x61, 0x72, 0x72, 0x61, 0x79, 0xda, 0x12, 0x62, 0x79, 0x74, 0x65, 0x61,
    0x72, 0x72, 0x61, 0x79, 0x5f, 0x69, 0x74, 0x65, 0x72, 0x61, 0x74, 0x6f, 0x72, 0x72, 0xa1, 0x01,
    0x00, 0x00, 0xda, 0x10, 0x64, 0x69, 0x63, 0x74, 0x5f, 0x6b, 0x65, 0x79, 0x69, 0x74, 0x65, 0x72,
    0x61, 0x74, 0x6f, 0x72, 0x72, 0xa7, 0x01, 0x00, 0x00, 0xda, 0x12, 0x64, 0x69, 0x63, 0x74, 0x5f,
    0x76, 0x61, 0x6c, 0x75, 0x65, 0x69, 0x74, 0x65, 0x72, 0x61, 0x74, 0x6f, 0x72, 0x72, 0xa4, 0x01,
    0x00, 0x00, 0xda, 0x11, 0x64, 0x69, 0x63, 0x74, 0x5f, 0x69, 0x74, 0x65, 0x6d, 0x69, 0x74, 0x65,
    0x72, 0x61, 0x74, 0x6f, 0x72, 0xda, 0x0d, 0x6c, 0x69, 0x73, 0x74, 0x5f, 0x69, 0x74, 0x65, 0x72,
    0x61, 0x74, 0x6f, 0x72, 0x72, 0xf8, 0x01, 0x00, 0x00, 0xda, 0x14, 0x6c, 0x69, 0x73, 0x74, 0x5f,
    0x72, 0x65, 0x76, 0x65, 0x72, 0x73, 0x65, 0x69, 0x74, 0x65, 0x72, 0x61, 0x74, 0x6f, 0x72, 0x72,
    0xf9, 0x01, 0x00, 0x00, 0xda, 0x0e, 0x72, 0x61, 0x6e, 0x67, 0x65, 0x5f, 0x69, 0x74, 0x65, 0x72,
    0x61, 0x74, 0x6f, 0x72, 0xda, 0x12, 0x6c, 0x6f, 0x6e, 0x67, 0x72, 0x61, 0x6e, 0x67, 0x65, 0x5f,
    0x69, 0x74, 0x65, 0x72, 0x61, 0x74, 0x6f, 0x72, 0x72, 0xbc, 0x01, 0x00, 0x00, 0xda, 0x0c, 0x73,
    0x65, 0x74, 0x5f, 0x69, 0x74, 0x65, 0x72, 0x61, 0x74, 0x6f, 0x72, 0xda, 0x0c, 0x73, 0x74, 0x72,
    0x5f, 0x69, 0x74, 0x65, 0x72, 0x61, 0x74, 0x6f, 0x72, 0xda, 0x0e, 0x74, 0x75, 0x70, 0x6c, 0x65,
    0x5f, 0x69, 0x74, 0x65, 0x72, 0x61, 0x74, 0x6f, 0x72, 0xda, 0x03, 0x7a, 0x69, 0x70, 0xda, 0x0c,
    0x7a, 0x69, 0x70, 0x5f, 0x69, 0x74, 0x65, 0x72, 0x61, 0x74, 0x6f, 0x72, 0xda, 0x09, 0x64, 0x69,
    0x63, 0x74, 0x5f, 0x6b, 0x65, 0x79, 0x73, 0xda, 0x0b, 0x64, 0x69, 0x63, 0x74, 0x5f, 0x76, 0x61,
    0x6c, 0x75, 0x65, 0x73, 0xda, 0x0a, 0x64, 0x69, 0x63, 0x74, 0x5f, 0x69, 0x74, 0x65, 0x6d, 0x73,
    0x72, 0x37, 0x00, 0x00, 0x00, 0xda, 0x0c, 0x6d, 0x61, 0x70, 0x70, 0x69, 0x6e, 0x67, 0x70, 0x72,
    0x6f, 0x78, 0x79, 0x72, 0x2c, 0x00, 0x00, 0x00, 0xda, 0x10, 0x66, 0x72, 0x61, 0x6d, 0x65, 0x6c,
    0x6f, 0x63, 0x61, 0x6c, 0x73, 0x70, 0x72, 0x6f, 0x78, 0x79, 0xda, 0x09, 0x67, 0x65, 0x6e, 0x65,
    0x72, 0x61, 0x74, 0x6f, 0x72, 0x72, 0x30, 0x00, 0x00, 0x00, 0xda, 0x09, 0x63, 0x6f, 0x72, 0x6f,
    0x75, 0x74, 0x69, 0x6e, 0x65, 0x72, 0x79, 0x00, 0x00, 0x00, 0x72, 0x33, 0x00, 0x00, 0x00, 0xda,
    0x0f, 0x61, 0x73, 0x79, 0x6e, 0x63, 0x5f, 0x67, 0x65, 0x6e, 0x65, 0x72, 0x61, 0x74, 0x6f, 0x72,
    0x72, 0x3e, 0x00, 0x00, 0x00, 0x72, 0x10, 0x00, 0x00, 0x00, 0x72, 0x0b, 0x00, 0x00, 0x00, 0x72,
    0x0c, 0x00, 0x00, 0x00, 0xda, 0x08, 0x72, 0x65, 0x67, 0x69, 0x73, 0x74, 0x65, 0x72, 0x72, 0x0d,
    0x00, 0x00, 0x00, 0x72, 0x0e, 0x00, 0x00, 0x00, 0x72, 0x0f, 0x00, 0x00, 0x00, 0x72, 0x11, 0x00,
    0x00, 0x00, 0x72, 0x12, 0x00, 0x00, 0x00, 0x72, 0x14, 0x00, 0x00, 0x00, 0x72, 0x13, 0x00, 0x00,
    0x00, 0x72, 0x15, 0x00, 0x00, 0x00, 0x72, 0x16, 0x00, 0x00, 0x00, 0x72, 0x18, 0x00, 0x00, 0x00,
    0x72, 0x24, 0x00, 0x00, 0x00, 0x72, 0xe2, 0x00, 0x00, 0x00, 0x72, 0xea, 0x00, 0x00, 0x00, 0x72,
    0xf9, 0x00, 0x00, 0x00, 0x72, 0x17, 0x00, 0x00, 0x00, 0x72, 0x19, 0x00, 0x00, 0x00, 0xda, 0x09,
    0x66, 0x72, 0x6f, 0x7a, 0x65, 0x6e, 0x73, 0x65, 0x74, 0x72, 0x1a, 0x00, 0x00, 0x00, 0x72, 0x1b,
    0x00, 0x00, 0x00, 0x72, 0x1d, 0x00, 0x00, 0x00, 0x72, 0x1e, 0x00, 0x00, 0x00, 0x72, 0x1f, 0x00,
    0x00, 0x00, 0x72, 0x20, 0x00, 0x00, 0x00, 0x72, 0x1c, 0x00, 0x00, 0x00, 0x72, 0xaa, 0x01, 0x00,
    0x00, 0x72, 0x21, 0x00, 0x00, 0x00, 0x72, 0xe6, 0x00, 0x00, 0x00, 0xda, 0x03, 0x73, 0x74, 0x72,
    0x72, 0xe0, 0x00, 0x00, 0x00, 0x72, 0x08, 0x02, 0x00, 0x00, 0x72, 0x23, 0x00, 0x00, 0x00, 0xda,
    0x05, 0x62, 0x79, 0x74, 0x65, 0x73, 0x72, 0x22, 0x00, 0x00, 0x00, 0x72, 0x07, 0x00, 0x00, 0x00,
    0x72, 0x08, 0x00, 0x00, 0x00, 0x72, 0x09, 0x00, 0x00, 0x00, 0xda, 0x08, 0x3c, 0x6d, 0x6f, 0x64,
    0x75, 0x6c, 0x65, 0x3e, 0x72, 0x53, 0x02, 0x00, 0x00, 0x01, 0x00, 0x00, 0x00, 0x73, 0x21, 0x05,
    0x00, 0x00, 0xf0, 0x03, 0x01, 0x01, 0x01, 0xf1, 0x08, 0x03, 0x01, 0x04, 0xf7, 0x3e, 0x00, 0x01,
    0x28, 0xdb, 0x00, 0x0a, 0xe1, 0x0f, 0x13, 0x90, 0x44, 0x98, 0x13, 0x91, 0x49, 0x8b, 0x7f, 0x80,
    0x0c, 0xd9, 0x0f, 0x13, 0x90, 0x43, 0x8b, 0x79, 0x80, 0x0c, 0xda, 0x00, 0x0e, 0xd9, 0x0f, 0x13,
    0x90, 0x42, 0x8b, 0x78, 0x80, 0x0c, 0xd8, 0x04, 0x06, 0xf2, 0x04, 0x09, 0x0b, 0x0d, 0x80, 0x07,
    0xf0, 0x1e, 0x00, 0x0c, 0x1d, 0x80, 0x08, 0xf1, 0x12, 0x00, 0x12, 0x16, 0x91, 0x64, 0x98, 0x33,
    0x93, 0x69, 0x93, 0x1f, 0x80, 0x0e, 0xd9, 0x15, 0x19, 0x99, 0x24, 0x99, 0x79, 0x9b, 0x7b, 0xd3,
    0x1a, 0x2b, 0xd3, 0x15, 0x2c, 0xd0, 0x00, 0x12, 0xe1, 0x13, 0x17, 0x99, 0x04, 0x98, 0x52, 0x9f,
    0x57, 0x99, 0x57, 0x9b, 0x59, 0x9b, 0x0f, 0xd3, 0x13, 0x28, 0xd0, 0x00, 0x10, 0xd9, 0x15, 0x19,
    0x99, 0x24, 0x98, 0x72, 0x9f, 0x79, 0x99, 0x79, 0x9b, 0x7b, 0xd3, 0x1a, 0x2b, 0xd3, 0x15, 0x2c,
    0xd0, 0x00, 0x12, 0xd9, 0x14, 0x18, 0x99, 0x14, 0x98, 0x62, 0x9f, 0x68, 0x99, 0x68, 0x9b, 0x6a,
    0xd3, 0x19, 0x29, 0xd3, 0x14, 0x2a, 0xd0, 0x00, 0x11, 0xd9, 0x10, 0x14, 0x91, 0x54, 0x98, 0x22,
    0x93, 0x58, 0x93, 0x0e, 0x80, 0x0d, 0xd9, 0x17, 0x1b, 0x99, 0x44, 0xa1, 0x18, 0xa8, 0x22, 0xa3,
    0x1c, 0xd3, 0x1c, 0x2e, 0xd3, 0x17, 0x2f, 0xd0, 0x00, 0x14, 0xd9, 0x11, 0x15, 0x91, 0x64, 0x99,
    0x35, 0xa0, 0x11, 0x9b, 0x38, 0x93, 0x6e, 0xd3, 0x11, 0x25, 0x80, 0x0e, 0xd9, 0x15, 0x19, 0x99,
    0x24, 0x99, 0x75, 0xa0, 0x51, 0xa8, 0x24, 0xa1, 0x59, 0xd3, 0x1f, 0x2f, 0xd3, 0x1a, 0x30, 0xd3,
    0x15, 0x31, 0xd0, 0x00, 0x12, 0xd9, 0x0f, 0x13, 0x91, 0x44, 0x99, 0x13, 0x9b, 0x15, 0x93, 0x4b,
    0xd3, 0x0f, 0x20, 0x80, 0x0c, 0xd9, 0x0f, 0x13, 0x91, 0x44, 0x98, 0x12, 0x93, 0x48, 0x8b, 0x7e,
    0x80, 0x0c, 0xd9, 0x11, 0x15, 0x91, 0x64, 0x98, 0x32, 0x93, 0x68, 0x93, 0x1e, 0x80, 0x0e, 0xd9,
    0x0f, 0x13, 0x91, 0x44, 0x99, 0x13, 0x9b, 0x15, 0x93, 0x4b, 0xd3, 0x0f, 0x20, 0x80, 0x0c, 0xe1,
    0x0c, 0x10, 0x90, 0x12, 0x97, 0x17, 0x91, 0x17, 0x93, 0x19, 0x8b, 0x4f, 0x80, 0x09, 0xd9, 0x0e,
    0x12, 0x90, 0x32, 0x97, 0x39, 0x91, 0x39, 0x93, 0x3b, 0xd3, 0x0e, 0x1f, 0x80, 0x0b, 0xd9, 0x0d,
    0x11, 0x90, 0x22, 0x97, 0x28, 0x91, 0x28, 0x93, 0x2a, 0xd3, 0x0d, 0x1d, 0x80, 0x0a, 0xe1, 0x0f,
    0x13, 0x90, 0x44, 0x97, 0x4d, 0x91, 0x4d, 0xd3, 0x0f, 0x22, 0x80, 0x0c, 0xf2, 0x02, 0x01, 0x01,
    0x2a, 0xe1, 0x13, 0x28, 0xd3, 0x13, 0x2a, 0xd0, 0x00, 0x10, 0xd8, 0x04, 0x19, 0xd9, 0x0c, 0x10,
    0x92, 0x2f, 0xd3, 0x11, 0x24, 0xd3, 0x0c, 0x25, 0x80, 0x09, 0xe2, 0x00, 0x17, 0xd9, 0x08, 0x0d,
    0x8b, 0x07, 0x80, 0x05, 0xd9, 0x0c, 0x10, 0x90, 0x15, 0x8b, 0x4b, 0x80, 0x09, 0xd8, 0x00, 0x05,
    0x87, 0x0b, 0x81, 0x0b, 0x84, 0x0d, 0xd8, 0x04, 0x09, 0xe2, 0x00, 0x16, 0xd9, 0x06, 0x09, 0x83,
    0x65, 0x80, 0x03, 0xd9, 0x12, 0x16, 0x90, 0x73, 0x93, 0x29, 0x80, 0x0f, 0xd8, 0x04, 0x07, 0xf2,
    0x0a, 0x0a, 0x01, 0x10, 0xf4, 0x18, 0x0c, 0x01, 0x1e, 0x98, 0x17, 0xf2, 0x00, 0x0c, 0x01, 0x1e,
    0xf4, 0x1e, 0x0e, 0x01, 0x32, 0x98, 0x27, 0xf2, 0x00, 0x0e, 0x01, 0x32, 0xf4, 0x22, 0x26, 0x01,
    0x1e, 0x90, 0x09, 0xf4, 0x00, 0x26, 0x01, 0x1e, 0xf0, 0x52, 0x01, 0x00, 0x01, 0x0a, 0xd7, 0x00,
    0x12, 0xd1, 0x00, 0x12, 0x90, 0x39, 0xd4, 0x00, 0x1d, 0xf4, 0x06, 0x0e, 0x01, 0x32, 0x98, 0x67,
    0xf2, 0x00, 0x0e, 0x01, 0x32, 0xf4, 0x22, 0x10, 0x01, 0x1e, 0x90, 0x4d, 0xf4, 0x00, 0x10, 0x01,
    0x1e, 0xf4, 0x26, 0x2d, 0x01, 0x1e, 0x90, 0x5d, 0xf4, 0x00, 0x2d, 0x01, 0x1e, 0xf0, 0x60, 0x01,
    0x00, 0x01, 0x0f, 0xd7, 0x00, 0x17, 0xd1, 0x00, 0x17, 0x98, 0x0f, 0xd4, 0x00, 0x28, 0xf4, 0x06,
    0x0f, 0x01, 0x32, 0x98, 0x17, 0xf2, 0x00, 0x0f, 0x01, 0x32, 0xf4, 0x24, 0x10, 0x01, 0x1e, 0x88,
    0x78, 0xf4, 0x00, 0x10, 0x01, 0x1e, 0xf0, 0x26, 0x00, 0x01, 0x09, 0xd7, 0x00, 0x11, 0xd1, 0x00,
    0x11, 0x90, 0x2e, 0xd4, 0x00, 0x21, 0xd8, 0x00, 0x08, 0xd7, 0x00, 0x11, 0xd1, 0x00, 0x11, 0xd0,
    0x12, 0x24, 0xd4, 0x00, 0x25, 0xe0, 0x00, 0x08, 0xd7, 0x00, 0x11, 0xd1, 0x00, 0x11, 0xd0, 0x12,
    0x22, 0xd4, 0x00, 0x23, 0xd8, 0x00, 0x08, 0xd7, 0x00, 0x11, 0xd1, 0x00, 0x11, 0xd0, 0x12, 0x24,
    0xd4, 0x00, 0x25, 0xd8, 0x00, 0x08, 0xd7, 0x00, 0x11, 0xd1, 0x00, 0x11, 0xd0, 0x12, 0x23, 0xd4,
    0x00, 0x24, 0xd8, 0x00, 0x08, 0xd7, 0x00, 0x11, 0xd1, 0x00, 0x11, 0x90, 0x2d, 0xd4, 0x00, 0x20,
    0xd8, 0x00, 0x08, 0xd7, 0x00, 0x11, 0xd1, 0x00, 0x11, 0xd0, 0x12, 0x26, 0xd4, 0x00, 0x27, 0xd8,
    0x00, 0x08, 0xd7, 0x00, 0x11, 0xd1, 0x00, 0x11, 0x90, 0x2e, 0xd4, 0x00, 0x21, 0xd8, 0x00, 0x08,
    0xd7, 0x00, 0x11, 0xd1, 0x00, 0x11, 0xd0, 0x12, 0x24, 0xd4, 0x00, 0x25, 0xd8, 0x00, 0x08, 0xd7,
    0x00, 0x11, 0xd1, 0x00, 0x11, 0x90, 0x2c, 0xd4, 0x00, 0x1f, 0xd8, 0x00, 0x08, 0xd7, 0x00, 0x11,
    0xd1, 0x00, 0x11, 0x90, 0x2c, 0xd4, 0x00, 0x1f, 0xd8, 0x00, 0x08, 0xd7, 0x00, 0x11, 0xd1, 0x00,
    0x11, 0x90, 0x2e, 0xd4, 0x00, 0x21, 0xd8, 0x00, 0x08, 0xd7, 0x00, 0x11, 0xd1, 0x00, 0x11, 0x90,
    0x2c, 0xd4, 0x00, 0x1f, 0xf4, 0x06, 0x0d, 0x01, 0x1e, 0x90, 0x18, 0xf4, 0x00, 0x0d, 0x01, 0x1e,
    0xf4, 0x20, 0x2d, 0x01, 0x1e, 0x90, 0x08, 0xf4, 0x00, 0x2d, 0x01, 0x1e, 0xf0, 0x60, 0x01, 0x00,
    0x01, 0x0a, 0xd7, 0x00, 0x12, 0xd1, 0x00, 0x12, 0x90, 0x39, 0xd4, 0x00, 0x1d, 0xf4, 0x06, 0x0c,
    0x01, 0x1e, 0x90, 0x67, 0xf2, 0x00, 0x0c, 0x01, 0x1e, 0xf4, 0x1e, 0x0e, 0x01, 0x32, 0x98, 0x27,
    0xf2, 0x00, 0x0e, 0x01, 0x32, 0xf4, 0x22, 0x08, 0x01, 0x1e, 0x90, 0x15, 0x98, 0x08, 0xa0, 0x29,
    0xf4, 0x00, 0x08, 0x01, 0x1e, 0xf4, 0x16, 0x0c, 0x01, 0x1e, 0x90, 0x77, 0xf2, 0x00, 0x0c, 0x01,
    0x1e, 0xf4, 0x1e, 0x34, 0x01, 0x40, 0x01, 0x98, 0x4c, 0xf4, 0x00, 0x34, 0x01, 0x40, 0x01, 0xf2,
    0x6c, 0x01, 0x0a, 0x01, 0x56, 0x01, 0xf2, 0x18, 0x0f, 0x01, 0x15, 0xf4, 0x24, 0x0e, 0x01, 0x3b,
    0x98, 0x17, 0xf2, 0x00, 0x0e, 0x01, 0x3b, 0xf4, 0x28, 0x47, 0x02, 0x01, 0x11, 0x88, 0x2a, 0xf4,
    0x00, 0x47, 0x02, 0x01, 0x11, 0xf0, 0x54, 0x04, 0x00, 0x01, 0x04, 0x87, 0x0c, 0x81, 0x0c, 0x88,
    0x59, 0xd4, 0x00, 0x17, 0xf4, 0x06, 0x4d, 0x01, 0x01, 0x14, 0x90, 0x13, 0xf4, 0x00, 0x4d, 0x01,
    0x01, 0x14, 0xf0, 0x60, 0x02, 0x00, 0x01, 0x0b, 0xd7, 0x00, 0x13, 0xd1, 0x00, 0x13, 0x90, 0x43,
    0xd4, 0x00, 0x18, 0xf4, 0x0a, 0x31, 0x01, 0x18, 0x88, 0x6a, 0xf4, 0x00, 0x31, 0x01, 0x18, 0xf0,
    0x66, 0x01, 0x00, 0x01, 0x08, 0xd7, 0x00, 0x10, 0xd1, 0x00, 0x10, 0x90, 0x1c, 0xd4, 0x00, 0x1e,
    0xd8, 0x00, 0x07, 0xd7, 0x00, 0x10, 0xd1, 0x00, 0x10, 0xd0, 0x11, 0x21, 0xd4, 0x00, 0x22, 0xf4,
    0x06, 0x0d, 0x01, 0x32, 0x90, 0x25, 0xf4, 0x00, 0x0d, 0x01, 0x32, 0xf4, 0x20, 0x0c, 0x01, 0x21,
    0x88, 0x7b, 0x98, 0x43, 0xf4, 0x00, 0x0c, 0x01, 0x21, 0xf0, 0x1e, 0x00, 0x01, 0x09, 0xd7, 0x00,
    0x11, 0xd1, 0x00, 0x11, 0x90, 0x29, 0xd4, 0x00, 0x1c, 0xf4, 0x06, 0x13, 0x01, 0x2c, 0x90, 0x0b,
    0x98, 0x53, 0xf4, 0x00, 0x13, 0x01, 0x2c, 0xf0, 0x2c, 0x00, 0x01, 0x0a, 0xd7, 0x00, 0x12, 0xd1,
    0x00, 0x12, 0x90, 0x3a, 0xd4, 0x00, 0x1e, 0xf4, 0x06, 0x0d, 0x01, 0x25, 0x90, 0x1b, 0x98, 0x6a,
    0xf4, 0x00, 0x0d, 0x01, 0x25, 0xf0, 0x20, 0x00, 0x01, 0x0b, 0xd7, 0x00, 0x13, 0xd1, 0x00, 0x13,
    0x90, 0x4b, 0xd4, 0x00, 0x20, 0xf4, 0x06, 0x4f, 0x01, 0x01, 0x17, 0x90, 0x57, 0xf4, 0x00, 0x4f,
    0x01, 0x01, 0x17, 0xf0, 0x64, 0x02, 0x00, 0x01, 0x0f, 0xd7, 0x00, 0x17, 0xd1, 0x00, 0x17, 0x98,
    0x04, 0xd4, 0x00, 0x1d, 0xf4, 0x0a, 0x3d, 0x01, 0x40, 0x01, 0x88, 0x7a, 0x98, 0x3a, 0xf4, 0x00,
    0x3d, 0x01, 0x40, 0x01, 0xf0, 0x7e, 0x01, 0x00, 0x01, 0x09, 0xd7, 0x00, 0x11, 0xd1, 0x00, 0x11,
    0x90, 0x25, 0xd4, 0x00, 0x18, 0xd8, 0x00, 0x08, 0xd7, 0x00, 0x11, 0xd1, 0x00, 0x11, 0x90, 0x23,
    0xd4, 0x00, 0x16, 0xd8, 0x00, 0x08, 0xd7, 0x00, 0x11, 0xd1, 0x00, 0x11, 0x90, 0x25, 0xd4, 0x00,
    0x18, 0xd8, 0x00, 0x08, 0xd7, 0x00, 0x11, 0xd1, 0x00, 0x11, 0x90, 0x2a, 0xd4, 0x00, 0x1d, 0xf4,
    0x04, 0x12, 0x01, 0x33, 0x98, 0x77, 0xf4, 0x00, 0x12, 0x01, 0x33, 0xf4, 0x28, 0x06, 0x01, 0x13,
    0x90, 0x18, 0xd0, 0x25, 0x3d, 0xf2, 0x00, 0x06, 0x01, 0x13, 0xf0, 0x10, 0x00, 0x01, 0x0b, 0xd7,
    0x00, 0x13, 0xd1, 0x00, 0x13, 0x90, 0x45, 0xd4, 0x00, 0x1a, 0xd8, 0x00, 0x0a, 0xd7, 0x00, 0x13,
    0xd1, 0x00, 0x13, 0x90, 0x49, 0xd4, 0x00, 0x1e, 0xf4, 0x06, 0x3f, 0x01, 0x14, 0x90, 0x68, 0xf4,
    0x00, 0x3f, 0x01, 0x14, 0xf0, 0x44, 0x02, 0x00, 0x01, 0x10, 0xd7, 0x00, 0x18, 0xd1, 0x00, 0x18,
    0x98, 0x14, 0xd4, 0x00, 0x1e, 0xd8, 0x00, 0x0f, 0xd7, 0x00, 0x18, 0xd1, 0x00, 0x18, 0x98, 0x19,
    0xd5, 0x00, 0x23, 0x72, 0x08, 0x00, 0x00, 0x00,
};
/* _collections_abc: 46664 bytes, is_package=0 */

static const struct _frozen custom_frozen_modules[] = {
    {"encodings", frozen_encodings, -5988},
    {"encodings.aliases", frozen_encodings_aliases, 12356},
    {"encodings.utf_8", frozen_encodings_utf_8, 2255},
    {"encodings.ascii", frozen_encodings_ascii, 2671},
    {"encodings.latin_1", frozen_encodings_latin_1, 2683},
    {"io", frozen_io, 4246},
    {"abc", frozen_abc, 7884},
    {"codecs", frozen_codecs, 40528},
    {"_collections_abc", frozen__collections_abc, 46664},
    {NULL, NULL, 0}
};
